Date,Autauga,Baldwin,Barbour,Bibb,Blount,Bullock,Butler,Calhoun,Chambers,Cherokee,Chilton,Choctaw,Clarke,Clay,Cleburne,Coffee,Colbert,Conecuh,Coosa,Covington,Crenshaw,Cullman,Dale,Dallas,DeKalb,Elmore,Escambia,Etowah,Fayette,Franklin,Geneva,Greene,Hale,Henry,Houston,Jackson,Jefferson,Lamar,Lauderdale,Lawrence,Lee,Limestone,Lowndes,Macon,Madison,Marengo,Marion,Marshall,Mobile,Monroe,Montgomery,Morgan,Perry,Pickens,Pike,Randolph,Russell,Shelby,St. Clair,Sumter,Talladega,Tallapoosa,Tuscaloosa,Walker,Washington,Wilcox,Winston,Total
1/22/20,0,0,0,0,0,0,0,0,0,0,0,0,0,0,0,0,0,0,0,0,0,0,0,0,0,0,0,0,0,0,0,0,0,0,0,0,0,0,0,0,0,0,0,0,0,0,0,0,0,0,0,0,0,0,0,0,0,0,0,0,0,0,0,0,0,0,0,0.0
1/23/20,0,0,0,0,0,0,0,0,0,0,0,0,0,0,0,0,0,0,0,0,0,0,0,0,0,0,0,0,0,0,0,0,0,0,0,0,0,0,0,0,0,0,0,0,0,0,0,0,0,0,0,0,0,0,0,0,0,0,0,0,0,0,0,0,0,0,0,0.0
1/24/20,0,0,0,0,0,0,0,0,0,0,0,0,0,0,0,0,0,0,0,0,0,0,0,0,0,0,0,0,0,0,0,0,0,0,0,0,0,0,0,0,0,0,0,0,0,0,0,0,0,0,0,0,0,0,0,0,0,0,0,0,0,0,0,0,0,0,0,0.0
1/25/20,0,0,0,0,0,0,0,0,0,0,0,0,0,0,0,0,0,0,0,0,0,0,0,0,0,0,0,0,0,0,0,0,0,0,0,0,0,0,0,0,0,0,0,0,0,0,0,0,0,0,0,0,0,0,0,0,0,0,0,0,0,0,0,0,0,0,0,0.0
1/26/20,0,0,0,0,0,0,0,0,0,0,0,0,0,0,0,0,0,0,0,0,0,0,0,0,0,0,0,0,0,0,0,0,0,0,0,0,0,0,0,0,0,0,0,0,0,0,0,0,0,0,0,0,0,0,0,0,0,0,0,0,0,0,0,0,0,0,0,0.0
1/27/20,0,0,0,0,0,0,0,0,0,0,0,0,0,0,0,0,0,0,0,0,0,0,0,0,0,0,0,0,0,0,0,0,0,0,0,0,0,0,0,0,0,0,0,0,0,0,0,0,0,0,0,0,0,0,0,0,0,0,0,0,0,0,0,0,0,0,0,0.0
1/28/20,0,0,0,0,0,0,0,0,0,0,0,0,0,0,0,0,0,0,0,0,0,0,0,0,0,0,0,0,0,0,0,0,0,0,0,0,0,0,0,0,0,0,0,0,0,0,0,0,0,0,0,0,0,0,0,0,0,0,0,0,0,0,0,0,0,0,0,0.0
1/29/20,0,0,0,0,0,0,0,0,0,0,0,0,0,0,0,0,0,0,0,0,0,0,0,0,0,0,0,0,0,0,0,0,0,0,0,0,0,0,0,0,0,0,0,0,0,0,0,0,0,0,0,0,0,0,0,0,0,0,0,0,0,0,0,0,0,0,0,0.0
1/30/20,0,0,0,0,0,0,0,0,0,0,0,0,0,0,0,0,0,0,0,0,0,0,0,0,0,0,0,0,0,0,0,0,0,0,0,0,0,0,0,0,0,0,0,0,0,0,0,0,0,0,0,0,0,0,0,0,0,0,0,0,0,0,0,0,0,0,0,0.0
1/31/20,0,0,0,0,0,0,0,0,0,0,0,0,0,0,0,0,0,0,0,0,0,0,0,0,0,0,0,0,0,0,0,0,0,0,0,0,0,0,0,0,0,0,0,0,0,0,0,0,0,0,0,0,0,0,0,0,0,0,0,0,0,0,0,0,0,0,0,0.0
2/1/20,0,0,0,0,0,0,0,0,0,0,0,0,0,0,0,0,0,0,0,0,0,0,0,0,0,0,0,0,0,0,0,0,0,0,0,0,0,0,0,0,0,0,0,0,0,0,0,0,0,0,0,0,0,0,0,0,0,0,0,0,0,0,0,0,0,0,0,0.0
2/2/20,0,0,0,0,0,0,0,0,0,0,0,0,0,0,0,0,0,0,0,0,0,0,0,0,0,0,0,0,0,0,0,0,0,0,0,0,0,0,0,0,0,0,0,0,0,0,0,0,0,0,0,0,0,0,0,0,0,0,0,0,0,0,0,0,0,0,0,0.0
2/3/20,0,0,0,0,0,0,0,0,0,0,0,0,0,0,0,0,0,0,0,0,0,0,0,0,0,0,0,0,0,0,0,0,0,0,0,0,0,0,0,0,0,0,0,0,0,0,0,0,0,0,0,0,0,0,0,0,0,0,0,0,0,0,0,0,0,0,0,0.0
2/4/20,0,0,0,0,0,0,0,0,0,0,0,0,0,0,0,0,0,0,0,0,0,0,0,0,0,0,0,0,0,0,0,0,0,0,0,0,0,0,0,0,0,0,0,0,0,0,0,0,0,0,0,0,0,0,0,0,0,0,0,0,0,0,0,0,0,0,0,0.0
2/5/20,0,0,0,0,0,0,0,0,0,0,0,0,0,0,0,0,0,0,0,0,0,0,0,0,0,0,0,0,0,0,0,0,0,0,0,0,0,0,0,0,0,0,0,0,0,0,0,0,0,0,0,0,0,0,0,0,0,0,0,0,0,0,0,0,0,0,0,0.0
2/6/20,0,0,0,0,0,0,0,0,0,0,0,0,0,0,0,0,0,0,0,0,0,0,0,0,0,0,0,0,0,0,0,0,0,0,0,0,0,0,0,0,0,0,0,0,0,0,0,0,0,0,0,0,0,0,0,0,0,0,0,0,0,0,0,0,0,0,0,0.0
2/7/20,0,0,0,0,0,0,0,0,0,0,0,0,0,0,0,0,0,0,0,0,0,0,0,0,0,0,0,0,0,0,0,0,0,0,0,0,0,0,0,0,0,0,0,0,0,0,0,0,0,0,0,0,0,0,0,0,0,0,0,0,0,0,0,0,0,0,0,0.0
2/8/20,0,0,0,0,0,0,0,0,0,0,0,0,0,0,0,0,0,0,0,0,0,0,0,0,0,0,0,0,0,0,0,0,0,0,0,0,0,0,0,0,0,0,0,0,0,0,0,0,0,0,0,0,0,0,0,0,0,0,0,0,0,0,0,0,0,0,0,0.0
2/9/20,0,0,0,0,0,0,0,0,0,0,0,0,0,0,0,0,0,0,0,0,0,0,0,0,0,0,0,0,0,0,0,0,0,0,0,0,0,0,0,0,0,0,0,0,0,0,0,0,0,0,0,0,0,0,0,0,0,0,0,0,0,0,0,0,0,0,0,0.0
2/10/20,0,0,0,0,0,0,0,0,0,0,0,0,0,0,0,0,0,0,0,0,0,0,0,0,0,0,0,0,0,0,0,0,0,0,0,0,0,0,0,0,0,0,0,0,0,0,0,0,0,0,0,0,0,0,0,0,0,0,0,0,0,0,0,0,0,0,0,0.0
2/11/20,0,0,0,0,0,0,0,0,0,0,0,0,0,0,0,0,0,0,0,0,0,0,0,0,0,0,0,0,0,0,0,0,0,0,0,0,0,0,0,0,0,0,0,0,0,0,0,0,0,0,0,0,0,0,0,0,0,0,0,0,0,0,0,0,0,0,0,0.0
2/12/20,0,0,0,0,0,0,0,0,0,0,0,0,0,0,0,0,0,0,0,0,0,0,0,0,0,0,0,0,0,0,0,0,0,0,0,0,0,0,0,0,0,0,0,0,0,0,0,0,0,0,0,0,0,0,0,0,0,0,0,0,0,0,0,0,0,0,0,0.0
2/13/20,0,0,0,0,0,0,0,0,0,0,0,0,0,0,0,0,0,0,0,0,0,0,0,0,0,0,0,0,0,0,0,0,0,0,0,0,0,0,0,0,0,0,0,0,0,0,0,0,0,0,0,0,0,0,0,0,0,0,0,0,0,0,0,0,0,0,0,0.0
2/14/20,0,0,0,0,0,0,0,0,0,0,0,0,0,0,0,0,0,0,0,0,0,0,0,0,0,0,0,0,0,0,0,0,0,0,0,0,0,0,0,0,0,0,0,0,0,0,0,0,0,0,0,0,0,0,0,0,0,0,0,0,0,0,0,0,0,0,0,0.0
2/15/20,0,0,0,0,0,0,0,0,0,0,0,0,0,0,0,0,0,0,0,0,0,0,0,0,0,0,0,0,0,0,0,0,0,0,0,0,0,0,0,0,0,0,0,0,0,0,0,0,0,0,0,0,0,0,0,0,0,0,0,0,0,0,0,0,0,0,0,0.0
2/16/20,0,0,0,0,0,0,0,0,0,0,0,0,0,0,0,0,0,0,0,0,0,0,0,0,0,0,0,0,0,0,0,0,0,0,0,0,0,0,0,0,0,0,0,0,0,0,0,0,0,0,0,0,0,0,0,0,0,0,0,0,0,0,0,0,0,0,0,0.0
2/17/20,0,0,0,0,0,0,0,0,0,0,0,0,0,0,0,0,0,0,0,0,0,0,0,0,0,0,0,0,0,0,0,0,0,0,0,0,0,0,0,0,0,0,0,0,0,0,0,0,0,0,0,0,0,0,0,0,0,0,0,0,0,0,0,0,0,0,0,0.0
2/18/20,0,0,0,0,0,0,0,0,0,0,0,0,0,0,0,0,0,0,0,0,0,0,0,0,0,0,0,0,0,0,0,0,0,0,0,0,0,0,0,0,0,0,0,0,0,0,0,0,0,0,0,0,0,0,0,0,0,0,0,0,0,0,0,0,0,0,0,0.0
2/19/20,0,0,0,0,0,0,0,0,0,0,0,0,0,0,0,0,0,0,0,0,0,0,0,0,0,0,0,0,0,0,0,0,0,0,0,0,0,0,0,0,0,0,0,0,0,0,0,0,0,0,0,0,0,0,0,0,0,0,0,0,0,0,0,0,0,0,0,0.0
2/20/20,0,0,0,0,0,0,0,0,0,0,0,0,0,0,0,0,0,0,0,0,0,0,0,0,0,0,0,0,0,0,0,0,0,0,0,0,0,0,0,0,0,0,0,0,0,0,0,0,0,0,0,0,0,0,0,0,0,0,0,0,0,0,0,0,0,0,0,0.0
2/21/20,0,0,0,0,0,0,0,0,0,0,0,0,0,0,0,0,0,0,0,0,0,0,0,0,0,0,0,0,0,0,0,0,0,0,0,0,0,0,0,0,0,0,0,0,0,0,0,0,0,0,0,0,0,0,0,0,0,0,0,0,0,0,0,0,0,0,0,0.0
2/22/20,0,0,0,0,0,0,0,0,0,0,0,0,0,0,0,0,0,0,0,0,0,0,0,0,0,0,0,0,0,0,0,0,0,0,0,0,0,0,0,0,0,0,0,0,0,0,0,0,0,0,0,0,0,0,0,0,0,0,0,0,0,0,0,0,0,0,0,0.0
2/23/20,0,0,0,0,0,0,0,0,0,0,0,0,0,0,0,0,0,0,0,0,0,0,0,0,0,0,0,0,0,0,0,0,0,0,0,0,0,0,0,0,0,0,0,0,0,0,0,0,0,0,0,0,0,0,0,0,0,0,0,0,0,0,0,0,0,0,0,0.0
2/24/20,0,0,0,0,0,0,0,0,0,0,0,0,0,0,0,0,0,0,0,0,0,0,0,0,0,0,0,0,0,0,0,0,0,0,0,0,0,0,0,0,0,0,0,0,0,0,0,0,0,0,0,0,0,0,0,0,0,0,0,0,0,0,0,0,0,0,0,0.0
2/25/20,0,0,0,0,0,0,0,0,0,0,0,0,0,0,0,0,0,0,0,0,0,0,0,0,0,0,0,0,0,0,0,0,0,0,0,0,0,0,0,0,0,0,0,0,0,0,0,0,0,0,0,0,0,0,0,0,0,0,0,0,0,0,0,0,0,0,0,0.0
2/26/20,0,0,0,0,0,0,0,0,0,0,0,0,0,0,0,0,0,0,0,0,0,0,0,0,0,0,0,0,0,0,0,0,0,0,0,0,0,0,0,0,0,0,0,0,0,0,0,0,0,0,0,0,0,0,0,0,0,0,0,0,0,0,0,0,0,0,0,0.0
2/27/20,0,0,0,0,0,0,0,0,0,0,0,0,0,0,0,0,0,0,0,0,0,0,0,0,0,0,0,0,0,0,0,0,0,0,0,0,0,0,0,0,0,0,0,0,0,0,0,0,0,0,0,0,0,0,0,0,0,0,0,0,0,0,0,0,0,0,0,0.0
2/28/20,0,0,0,0,0,0,0,0,0,0,0,0,0,0,0,0,0,0,0,0,0,0,0,0,0,0,0,0,0,0,0,0,0,0,0,0,0,0,0,0,0,0,0,0,0,0,0,0,0,0,0,0,0,0,0,0,0,0,0,0,0,0,0,0,0,0,0,0.0
2/29/20,0,0,0,0,0,0,0,0,0,0,0,0,0,0,0,0,0,0,0,0,0,0,0,0,0,0,0,0,0,0,0,0,0,0,0,0,0,0,0,0,0,0,0,0,0,0,0,0,0,0,0,0,0,0,0,0,0,0,0,0,0,0,0,0,0,0,0,0.0
3/1/20,0,0,0,0,0,0,0,0,0,0,0,0,0,0,0,0,0,0,0,0,0,0,0,0,0,0,0,0,0,0,0,0,0,0,0,0,0,0,0,0,0,0,0,0,0,0,0,0,0,0,0,0,0,0,0,0,0,0,0,0,0,0,0,0,0,0,0,0.0
3/2/20,0,0,0,0,0,0,0,0,0,0,0,0,0,0,0,0,0,0,0,0,0,0,0,0,0,0,0,0,0,0,0,0,0,0,0,0,0,0,0,0,0,0,0,0,0,0,0,0,0,0,0,0,0,0,0,0,0,0,0,0,0,0,0,0,0,0,0,0.0
3/3/20,0,0,0,0,0,0,0,0,0,0,0,0,0,0,0,0,0,0,0,0,0,0,0,0,0,0,0,0,0,0,0,0,0,0,0,0,0,0,0,0,0,0,0,0,0,0,0,0,0,0,0,0,0,0,0,0,0,0,0,0,0,0,0,0,0,0,0,0.0
3/4/20,0,0,0,0,0,0,0,0,0,0,0,0,0,0,0,0,0,0,0,0,0,0,0,0,0,0,0,0,0,0,0,0,0,0,0,0,0,0,0,0,0,0,0,0,0,0,0,0,0,0,0,0,0,0,0,0,0,0,0,0,0,0,0,0,0,0,0,0.0
3/5/20,0,0,0,0,0,0,0,0,0,0,0,0,0,0,0,0,0,0,0,0,0,0,0,0,0,0,0,0,0,0,0,0,0,0,0,0,0,0,0,0,0,0,0,0,0,0,0,0,0,0,0,0,0,0,0,0,0,0,0,0,0,0,0,0,0,0,0,0.0
3/6/20,0,0,0,0,0,0,0,0,0,0,0,0,0,0,0,0,0,0,0,0,0,0,0,0,0,0,0,0,0,0,0,0,0,0,0,0,0,0,0,0,0,0,0,0,0,0,0,0,0,0,0,0,0,0,0,0,0,0,0,0,0,0,0,0,0,0,0,0.0
3/7/20,0,0,0,0,0,0,0,0,0,0,0,0,0,0,0,0,0,0,0,0,0,0,0,0,0,0,0,0,0,0,0,0,0,0,0,0,0,0,0,0,0,0,0,0,0,0,0,0,0,0,0,0,0,0,0,0,0,0,0,0,0,0,0,0,0,0,0,0.0
3/8/20,0,0,0,0,0,0,0,0,0,0,0,0,0,0,0,0,0,0,0,0,0,0,0,0,0,0,0,0,0,0,0,0,0,0,0,0,0,0,0,0,0,0,0,0,0,0,0,0,0,0,0,0,0,0,0,0,0,0,0,0,0,0,0,0,0,0,0,0.0
3/9/20,0,0,0,0,0,0,0,0,0,0,0,0,0,0,0,0,0,0,0,0,0,0,0,0,0,0,0,0,0,0,0,0,0,0,0,0,0,0,0,0,0,0,0,0,0,0,0,0,0,0,0,0,0,0,0,0,0,0,0,0,0,0,0,0,0,0,0,0.0
3/10/20,0,0,0,0,0,0,0,0,0,0,0,0,0,0,0,0,0,0,0,0,0,0,0,0,0,0,0,0,0,0,0,0,0,0,0,0,0,0,0,0,0,0,0,0,0,0,0,0,0,0,0,0,0,0,0,0,0,0,0,0,0,0,0,0,0,0,0,0.0
3/11/20,0,0,0,0,0,0,0,0,0,0,0,0,0,0,0,0,0,0,0,0,0,0,0,0,0,0,0,0,0,0,0,0,0,0,0,0,0,0,0,0,0,0,0,0,0,0,0,0,0,0,0,0,0,0,0,0,0,0,0,0,0,0,0,0,0,0,0,0.0
3/12/20,0,0,0,0,0,0,0,0,0,0,0,0,0,0,0,0,0,0,0,0,0,0,0,0,0,0,0,0,0,0,0,0,0,0,0,0,0,0,0,0,0,0,0,0,0,0,0,0,0,0,0,0,0,0,0,0,0,0,0,0,0,0,0,0,0,0,0,0.0
3/13/20,0,0,0,0,0,0,0,0,0,0,0,0,0,0,0,0,0,0,0,0,0,0,0,0,0,0,0,0,0,0,0,0,0,0,0,0,1,0,0,0,0,0,0,0,0,0,0,0,0,0,1,0,0,0,0,0,0,0,0,0,0,0,0,0,0,0,0,2.0
3/14/20,0,0,0,0,0,0,0,0,0,0,0,0,0,0,0,0,0,0,0,0,0,0,0,0,0,1,0,0,0,0,0,0,0,0,0,0,1,0,0,0,0,1,0,0,1,0,0,0,0,0,1,0,0,0,0,0,0,0,0,0,0,0,1,0,0,0,0,6.0
3/15/20,0,1,0,0,0,0,0,0,0,0,0,0,0,0,0,0,0,0,0,0,0,0,0,0,0,1,0,0,0,0,0,0,0,0,0,0,5,0,0,0,0,1,0,0,0,0,0,0,0,0,1,0,0,0,0,0,0,0,0,0,0,0,2,0,0,0,0,11.0
3/16/20,0,1,0,0,0,0,0,0,0,0,0,0,0,0,0,0,0,0,0,0,0,0,0,0,0,1,0,0,0,0,0,0,0,0,0,0,17,0,0,0,1,1,0,0,0,0,0,0,0,0,2,0,0,0,0,0,0,3,0,0,0,0,3,0,0,0,0,29.0
3/17/20,0,1,0,0,0,0,0,0,0,0,0,0,0,0,0,0,0,0,0,0,0,0,0,0,0,2,0,0,0,0,0,0,0,0,0,0,21,0,0,0,3,1,0,0,1,0,0,0,0,0,2,0,0,0,0,0,0,4,1,0,0,0,3,0,0,0,0,39.0
3/18/20,0,1,0,0,0,0,0,1,0,0,0,0,0,0,0,0,0,0,0,0,0,0,0,0,0,4,0,0,0,0,0,0,0,0,0,0,25,0,0,0,8,1,0,0,1,0,0,0,0,0,2,0,0,0,0,0,0,4,1,0,0,0,3,0,0,0,0,51.0
3/19/20,0,1,0,0,0,0,0,1,1,0,0,0,0,0,0,0,0,0,0,0,0,0,0,0,0,5,0,0,0,0,0,0,0,0,0,0,34,0,0,0,10,1,0,0,5,0,0,0,1,0,3,0,0,0,0,0,0,9,1,0,1,0,4,1,0,0,0,78.0
3/20/20,0,2,0,0,0,0,0,1,2,0,0,0,0,0,0,0,0,0,0,0,0,0,0,0,0,5,0,0,0,0,0,0,0,0,0,1,50,1,1,0,11,1,0,0,7,0,0,0,3,0,3,0,0,0,0,0,0,10,1,0,1,0,4,1,1,0,0,106.0
3/21/20,0,2,0,0,0,0,0,1,1,0,0,0,0,0,0,0,0,0,0,0,0,2,0,0,0,6,0,0,0,0,0,0,0,0,0,1,61,1,2,0,12,1,0,0,9,0,1,0,2,0,3,0,0,0,0,0,0,16,1,0,1,0,6,1,1,0,0,131.0
3/22/20,0,2,0,0,0,0,0,1,2,0,0,0,0,0,0,0,0,0,0,0,0,2,0,0,0,6,0,0,0,0,0,0,0,0,0,1,71,1,2,0,16,1,0,0,16,0,1,0,2,0,3,0,0,0,0,0,0,17,3,0,1,0,7,1,1,0,0,157.0
3/23/20,0,3,0,0,0,0,0,2,2,0,0,0,0,0,0,0,0,0,0,0,0,2,0,0,0,6,0,0,0,1,0,0,0,0,1,1,86,1,3,0,19,1,0,0,21,0,1,0,2,0,4,0,0,0,0,0,0,22,3,0,1,1,9,3,1,0,0,196.0
3/24/20,1,4,0,0,0,0,0,2,5,0,0,0,0,0,0,0,0,0,0,0,0,3,0,0,0,8,0,0,0,1,0,0,0,0,1,2,91,1,3,0,26,4,0,0,21,0,1,0,6,0,9,2,0,0,0,0,0,27,4,0,2,2,10,5,1,0,0,242.0
3/25/20,4,4,0,0,1,0,1,2,10,1,1,0,0,1,1,0,1,0,0,0,0,4,0,2,0,9,0,0,0,2,0,0,0,0,2,2,129,1,6,0,40,6,0,0,35,0,3,1,10,0,13,5,0,1,1,0,1,42,6,0,3,4,15,9,1,1,0,381.0
3/26/20,6,5,0,0,2,2,1,2,13,1,4,1,0,1,1,1,1,0,2,0,0,6,0,2,1,10,0,4,0,3,0,0,0,0,3,4,159,1,9,3,47,13,1,0,43,1,7,3,18,0,17,9,0,1,2,0,1,52,6,0,4,4,19,17,2,2,0,517.0
3/27/20,6,5,0,0,4,2,1,3,13,1,6,1,0,1,3,0,1,0,2,1,1,6,0,2,1,12,0,4,0,3,0,1,0,0,3,4,177,1,9,2,48,14,1,0,47,2,7,4,23,0,18,9,0,1,2,1,1,66,9,0,4,4,21,23,2,2,2,587.0
3/28/20,6,10,0,0,5,3,1,3,17,1,7,1,0,2,4,0,1,0,2,2,1,7,0,2,4,12,1,6,0,3,0,3,0,0,4,5,195,1,12,3,56,16,1,0,62,3,9,4,29,1,18,15,0,1,4,2,1,72,11,0,4,5,22,28,2,2,2,694.0
3/29/20,6,15,0,0,5,3,1,3,27,2,7,1,0,2,5,0,2,0,3,2,1,7,0,2,4,13,1,6,0,3,0,3,0,0,6,5,245,1,12,3,59,16,1,1,79,5,10,5,40,1,21,17,0,2,4,2,1,79,13,0,4,8,23,30,4,2,2,825.0
3/30/20,6,18,0,2,5,3,1,8,33,2,10,2,0,2,5,0,4,0,3,2,1,8,0,2,4,13,1,6,1,3,0,3,1,0,9,5,254,1,12,3,71,20,1,1,91,5,10,7,44,1,22,17,0,2,4,2,1,79,13,0,5,8,24,30,4,2,2,899.0
3/31/20,7,19,0,3,5,3,1,9,36,2,11,3,0,2,5,0,4,0,4,2,1,8,0,2,4,13,1,8,1,3,0,3,1,0,9,8,270,1,12,3,75,22,1,1,99,4,9,7,52,1,29,20,0,4,4,2,1,88,15,1,7,12,29,32,3,3,2,987.0
4/1/20,8,20,0,3,5,3,1,11,42,2,13,4,0,2,6,0,4,0,4,3,1,9,0,2,5,14,1,10,1,3,0,4,1,0,8,8,292,1,12,3,81,23,1,1,105,4,9,6,56,1,35,19,0,4,5,5,1,88,18,2,7,13,30,32,3,3,2,1060.0
4/2/20,10,24,0,4,6,2,1,12,67,4,14,4,2,6,6,1,5,1,5,3,1,9,1,4,8,17,2,13,1,4,0,4,1,0,9,9,314,1,14,3,91,25,2,3,114,5,11,6,67,3,45,21,0,9,7,6,2,98,19,4,8,17,34,34,3,5,2,1233.0
4/3/20,12,28,1,4,9,2,1,18,80,5,15,4,3,8,7,5,5,1,6,4,1,15,1,7,10,19,2,19,1,5,0,5,3,2,12,12,351,1,14,4,99,30,2,5,121,7,16,16,103,5,59,24,0,10,10,10,4,109,23,7,11,19,41,48,5,6,3,1495.0
4/4/20,12,29,2,4,10,2,1,21,87,6,15,4,6,8,7,7,5,2,6,4,2,15,2,7,13,19,2,26,1,6,0,5,3,2,14,12,373,2,16,4,102,31,3,5,125,8,17,17,114,5,62,24,0,12,10,11,4,124,25,6,16,20,43,49,5,11,3,1614.0
4/5/20,12,29,2,5,10,2,1,23,89,6,15,5,8,9,7,7,6,2,7,4,2,15,2,7,14,19,3,35,1,6,0,6,3,3,15,14,416,3,16,6,109,31,6,5,134,8,17,20,125,5,67,27,1,12,14,11,8,139,26,6,17,29,44,49,5,12,3,1765.0
4/6/20,12,38,2,7,10,2,1,34,94,6,19,5,9,9,9,8,6,2,8,4,2,20,4,7,14,19,3,41,1,6,0,8,4,4,22,17,423,5,16,8,113,33,6,5,141,13,19,33,143,5,71,29,1,12,14,12,10,147,31,8,20,30,73,54,5,12,3,1952.0
4/7/20,12,42,3,8,10,2,2,41,101,6,20,6,10,9,9,8,7,2,9,5,2,21,4,7,14,22,3,43,1,7,0,10,7,4,25,18,457,5,18,8,128,32,8,6,150,14,21,39,201,5,74,30,1,14,14,13,12,158,30,15,20,33,77,63,7,13,3,2169.0
4/8/20,12,44,3,9,10,3,2,49,109,7,20,6,10,10,12,8,7,4,9,9,2,22,4,7,14,22,3,43,1,7,1,10,7,5,25,19,479,5,18,8,148,32,10,6,153,14,23,42,249,5,77,31,0,15,16,15,14,159,30,16,22,35,83,65,7,13,3,2328.0
4/9/20,15,56,4,9,11,3,3,53,151,7,25,6,12,11,12,13,7,4,9,10,2,22,6,7,15,27,5,49,1,8,1,12,7,7,30,22,507,7,20,8,199,34,12,9,173,14,33,60,309,6,88,36,1,17,17,16,14,170,36,17,29,45,85,69,11,16,3,2703.0
4/10/20,17,59,9,11,12,4,3,54,168,7,26,6,13,11,12,14,8,3,10,10,2,30,6,11,17,29,5,63,2,8,0,13,7,10,33,22,536,7,20,8,209,36,12,9,178,15,39,69,358,6,92,36,3,19,18,22,20,184,37,18,32,53,91,72,11,18,4,2947.0
4/11/20,19,66,9,13,12,4,6,57,181,7,30,8,15,12,12,17,8,3,11,11,2,31,6,10,21,30,9,74,3,8,0,14,11,10,37,22,579,7,21,8,218,36,14,11,186,19,42,82,408,6,102,37,4,21,18,27,22,193,38,19,32,61,99,78,12,24,4,3217.0
4/12/20,19,71,10,16,13,4,7,59,198,8,30,10,19,14,12,31,9,5,18,13,3,39,8,14,26,33,8,75,4,10,1,17,15,11,44,24,597,8,21,8,236,37,14,14,187,21,48,97,454,6,119,38,6,22,20,36,24,212,42,20,34,98,119,81,12,30,4,3563.0
4/13/20,19,72,10,17,14,5,8,61,212,9,33,10,19,14,12,36,10,5,18,13,3,39,12,14,27,35,8,77,4,10,1,18,15,13,47,26,612,8,22,8,250,37,15,15,187,22,56,102,468,7,135,42,6,23,21,40,27,230,43,21,38,101,121,84,12,31,4,3734.0
4/14/20,23,87,11,17,16,8,8,62,216,9,33,12,21,14,12,36,11,5,18,16,3,40,12,17,29,43,10,78,4,12,1,18,17,14,52,29,620,7,22,8,265,37,19,19,191,23,58,104,509,7,161,41,7,24,22,45,30,235,45,26,38,123,122,84,12,31,4,3953.0
4/15/20,24,91,12,18,17,8,9,62,221,9,35,12,21,14,12,40,11,5,19,17,3,40,12,18,29,47,9,78,4,14,2,18,18,14,54,31,625,7,22,8,269,37,20,19,191,23,58,106,548,7,174,42,7,26,24,45,30,237,47,28,38,127,128,84,12,34,4,4075.0
4/16/20,26,101,14,22,18,8,11,62,231,11,37,13,24,14,12,47,12,8,20,18,5,40,14,21,32,54,11,86,4,17,2,20,21,15,57,32,634,7,22,8,292,38,24,21,198,24,59,114,577,7,197,44,8,30,27,46,32,243,49,31,40,158,132,84,13,39,7,4345.0
4/17/20,26,103,15,24,20,8,16,63,236,12,37,13,24,14,12,51,13,8,20,19,5,53,14,21,34,54,14,87,4,18,2,24,22,16,64,32,651,7,23,8,301,40,25,24,217,24,61,122,621,7,207,46,9,32,29,51,35,248,52,33,42,160,152,83,14,40,9,4571.0
4/18/20,25,109,18,26,20,9,13,66,240,12,39,14,24,17,12,55,15,10,22,21,6,42,17,22,40,58,12,93,4,17,4,29,23,17,63,38,671,8,23,9,305,40,27,24,197,25,60,138,637,8,215,45,9,32,34,51,41,257,53,35,44,179,141,83,15,45,9,4712.0
4/19/20,26,112,20,28,21,9,14,71,245,12,41,14,24,18,12,59,16,10,22,22,6,42,20,25,42,63,14,98,4,17,4,29,25,17,66,38,682,8,23,9,308,40,28,25,199,26,61,149,661,9,226,47,9,38,37,53,43,268,54,36,46,195,145,85,16,47,9,4888.0
4/20/20,28,117,22,32,22,11,14,80,257,12,43,17,24,19,12,64,16,9,23,24,6,44,21,26,46,69,16,100,3,18,4,32,31,18,70,39,688,9,24,10,311,40,31,26,202,30,63,167,680,9,231,48,9,40,41,56,48,273,57,40,47,193,153,90,16,49,9,5079.0
4/21/20,30,123,28,32,26,11,15,83,259,13,44,18,24,19,12,68,16,9,24,26,6,45,21,29,51,73,17,109,4,18,4,32,34,20,73,41,698,9,25,10,319,40,32,27,203,35,65,194,714,9,245,51,9,43,46,59,48,273,59,44,50,228,158,91,17,49,10,5317.0
4/22/20,32,132,29,34,29,11,17,85,270,13,46,21,25,19,12,73,20,9,24,27,6,44,22,30,58,74,18,116,4,22,5,40,36,20,75,42,726,8,25,12,331,39,32,28,205,40,65,241,756,9,253,52,9,44,53,60,52,278,62,46,52,242,165,90,18,50,10,5593.0
4/23/20,33,143,30,33,31,12,19,88,275,12,47,22,25,19,12,80,22,9,28,29,8,44,22,29,61,74,21,120,4,25,6,41,37,22,78,43,778,9,25,12,340,40,34,27,205,38,67,258,810,9,263,50,9,44,57,58,54,283,62,47,53,254,173,89,18,52,10,5832.0
4/24/20,36,147,32,34,31,12,21,89,282,12,49,25,24,19,12,87,23,9,29,31,10,47,23,32,61,74,22,121,4,32,6,44,39,22,76,45,797,10,25,12,351,41,36,29,202,39,69,267,845,11,274,55,9,45,58,60,53,294,63,51,54,261,182,89,19,53,10,6026.0
4/25/20,36,147,32,34,31,12,21,89,282,12,49,25,24,19,12,87,23,9,29,31,10,47,23,32,61,74,22,121,4,32,6,44,39,22,76,45,797,10,25,12,351,41,36,29,202,39,69,267,845,11,274,55,9,45,58,60,53,294,63,51,54,261,182,89,19,53,10,6026.0
4/26/20,37,161,33,38,34,12,32,91,285,14,51,32,25,19,12,95,23,9,29,33,11,50,25,33,70,79,25,125,5,41,8,46,41,22,77,45,839,10,31,12,365,41,38,34,211,41,74,307,917,12,289,64,9,48,62,60,53,311,64,53,57,274,192,92,26,56,11,6421.0
4/27/20,39,168,35,42,34,12,34,90,289,14,51,39,27,19,12,98,23,9,30,34,12,52,25,37,74,79,26,126,5,43,8,46,41,22,79,45,839,10,31,12,368,42,39,34,214,43,75,310,942,11,292,65,9,47,65,61,53,318,68,55,58,275,195,93,27,58,11,6539.0
4/28/20,40,171,37,42,34,12,45,92,291,15,52,39,28,19,12,105,27,9,31,35,16,52,25,37,76,82,27,130,5,44,8,47,41,22,84,46,861,10,30,12,377,44,53,35,222,44,76,313,994,12,302,68,9,47,65,62,55,319,70,55,59,279,199,94,33,60,13,6750.0
4/29/20,43,174,37,42,36,12,50,93,293,15,53,39,30,21,12,107,27,9,31,36,17,55,25,37,77,84,27,139,6,45,9,50,43,23,87,47,880,10,31,12,386,44,57,36,224,46,76,316,1033,12,316,68,9,48,67,62,55,320,70,56,59,282,202,95,34,62,13,6912.0
4/30/20,44,174,39,42,37,13,53,94,295,15,53,43,32,21,12,111,29,9,31,36,19,55,27,41,77,86,28,139,6,58,9,55,47,24,90,49,886,11,38,12,394,44,65,37,227,49,75,317,1058,13,337,68,9,48,67,62,57,320,72,64,61,285,208,96,34,66,15,7088.0
5/1/20,42,175,42,42,39,14,65,93,290,15,52,49,34,21,12,117,33,9,29,38,19,57,27,42,76,88,29,139,6,78,9,54,50,24,90,49,929,11,50,13,391,44,67,37,225,52,78,328,1099,13,355,71,10,50,69,62,60,320,73,68,61,286,210,97,35,67,15,7294.0
5/2/20,45,181,43,42,40,14,92,98,294,15,54,49,38,21,12,118,37,9,30,43,21,57,28,49,77,93,30,141,6,100,10,55,52,26,93,50,946,11,56,13,397,44,70,38,233,56,82,334,1172,13,379,73,10,54,73,74,60,324,73,72,64,290,216,97,37,71,16,7611.0
5/3/20,48,187,45,43,40,14,105,105,300,16,57,49,42,22,12,130,41,9,30,45,23,58,34,59,79,103,31,143,6,132,10,58,52,27,95,50,969,11,61,14,400,45,71,40,234,58,83,342,1198,13,409,74,15,55,75,77,61,327,76,77,65,295,218,99,38,72,16,7888.0
5/4/20,53,188,45,42,40,16,114,105,302,16,58,51,43,22,12,134,41,9,30,45,25,58,34,65,90,111,32,146,6,136,11,61,56,27,97,50,992,12,63,14,403,47,75,40,237,66,85,355,1222,13,438,76,16,56,79,79,63,328,76,81,64,298,237,100,38,72,16,8112.0
5/5/20,53,189,47,43,40,18,120,114,304,17,60,54,43,24,13,134,42,9,31,46,26,58,34,68,99,121,31,152,6,152,11,61,59,27,98,53,1020,13,68,16,408,48,80,41,238,68,90,439,1265,13,456,78,16,57,82,82,63,335,76,85,67,303,243,100,42,72,16,8437.0
5/6/20,58,196,47,43,42,18,130,114,306,18,61,54,45,25,13,138,44,9,31,46,28,59,34,76,109,121,30,158,6,164,11,64,60,27,99,53,1048,13,71,17,410,49,82,42,238,68,92,470,1311,15,477,81,16,58,84,91,66,339,77,87,67,304,248,101,42,73,17,8691.0
5/7/20,61,205,51,44,44,18,155,120,308,18,63,56,50,25,13,141,51,12,31,48,31,61,36,83,124,127,33,161,7,184,11,67,62,27,100,56,1065,13,79,19,417,54,85,43,241,73,93,487,1355,15,515,84,18,59,85,96,69,348,78,92,70,314,259,103,43,73,17,9046.0
5/8/20,67,208,53,44,44,21,162,123,311,21,63,59,53,26,13,143,63,12,31,50,33,62,40,95,136,130,35,166,7,202,12,70,62,27,102,59,1094,13,87,21,419,55,88,44,244,76,95,525,1407,15,533,87,18,63,87,100,73,358,79,93,72,315,269,105,48,77,20,9385.0
5/9/20,68,216,58,45,44,22,178,124,314,22,64,61,52,26,13,146,64,13,31,50,38,63,43,102,142,135,36,170,7,216,13,70,66,28,104,59,1109,13,88,22,422,57,96,47,247,77,96,543,1452,15,576,92,19,65,89,102,77,362,81,98,73,316,274,106,51,80,20,9668.0
5/10/20,74,222,59,46,44,23,189,124,316,22,65,66,56,26,13,146,66,13,31,53,41,65,43,108,147,150,36,182,7,226,13,70,69,28,107,60,1121,13,92,25,425,57,99,47,247,80,96,558,1461,15,608,93,19,67,93,104,79,367,82,100,73,323,278,106,53,81,21,9889.0
5/11/20,84,224,61,46,45,26,196,125,319,24,67,67,63,27,13,150,70,14,33,55,43,65,45,122,158,152,37,193,7,247,15,73,72,30,107,60,1131,13,96,26,429,57,103,49,250,83,96,576,1474,15,642,95,19,70,99,111,81,370,84,106,73,328,284,107,54,85,23,10164.0
5/12/20,91,227,67,46,45,26,224,126,324,24,69,69,64,27,13,155,72,14,33,56,46,67,52,124,167,156,38,196,9,264,16,73,74,32,114,60,1153,13,99,26,432,58,111,51,255,89,97,581,1507,15,684,98,19,70,100,117,83,378,86,110,74,330,291,110,55,87,25,10464.0
5/13/20,93,231,69,46,45,28,230,127,324,24,73,72,65,27,13,158,74,16,33,56,48,67,53,129,179,157,38,197,9,270,17,74,74,33,115,60,1199,14,102,26,436,60,111,53,259,91,100,586,1545,18,705,99,19,70,102,117,88,381,87,110,76,338,302,111,57,89,25,10700.0
5/14/20,104,243,74,46,45,28,249,128,326,25,74,77,68,27,13,159,79,17,34,56,50,67,53,132,185,169,39,198,10,288,18,76,79,35,125,60,1237,14,109,28,447,62,117,53,272,97,101,599,1608,18,753,104,19,71,103,118,91,390,88,115,76,345,319,116,59,89,27,11101.0
5/15/20,103,244,79,49,45,32,258,129,326,26,75,81,70,27,13,162,83,18,34,56,53,68,57,137,190,178,39,199,9,309,19,79,79,37,129,61,1258,14,110,29,444,64,122,55,274,101,101,612,1653,18,787,109,20,73,105,119,96,391,88,120,75,351,332,119,60,92,28,11373.0
5/16/20,110,254,79,50,45,35,271,130,328,27,77,84,74,27,13,164,87,18,34,57,53,69,60,145,192,188,39,202,9,329,20,81,84,39,132,63,1299,15,113,29,448,64,128,55,275,102,101,624,1681,19,816,110,20,77,106,119,100,398,90,124,78,357,345,126,60,93,33,11674.0
5/17/20,110,254,81,50,46,35,272,130,328,27,77,84,74,27,13,166,91,18,34,57,53,69,60,146,192,192,39,204,9,334,20,81,85,39,132,63,1333,15,113,29,449,64,128,55,275,103,101,624,1701,20,823,111,20,78,106,120,100,399,90,127,78,358,345,126,60,94,34,11771.0
5/18/20,120,260,85,50,47,40,285,133,329,28,79,85,75,27,13,171,93,19,34,58,53,69,61,151,196,197,39,206,9,344,22,87,91,40,137,64,1355,15,115,33,452,65,133,55,278,104,103,632,1735,20,863,116,21,82,107,120,105,404,91,136,81,366,368,139,61,95,39,12086.0
5/19/20,127,262,90,51,47,52,295,133,329,29,80,92,81,27,13,175,98,21,33,58,53,70,63,159,195,207,39,215,9,364,23,87,96,44,141,63,1367,15,116,35,450,65,140,54,278,116,106,638,1751,20,907,119,22,84,110,120,109,404,91,148,81,371,387,148,61,97,45,12376.0
5/20/20,136,270,96,52,47,64,312,136,331,30,83,129,89,27,13,184,110,22,33,59,52,71,71,172,206,226,39,223,9,399,26,86,106,48,149,66,1433,15,117,35,461,69,155,58,285,118,108,641,1822,22,994,132,23,86,121,120,116,414,95,164,82,379,431,164,62,108,50,13052.0
5/21/20,143,269,99,52,47,65,318,136,332,31,83,131,91,27,13,184,111,22,33,60,52,72,75,173,207,234,39,226,10,409,27,87,110,48,150,68,1453,16,119,38,466,70,158,59,285,119,108,644,1870,22,1028,137,25,86,124,121,118,417,97,169,82,384,446,168,63,109,53,13288.0
5/22/20,149,271,104,55,49,89,329,137,330,33,85,135,92,27,13,189,117,24,33,63,53,73,77,182,209,242,39,225,11,422,28,88,119,50,156,69,1498,17,122,40,471,72,172,58,286,125,107,642,1916,23,1096,144,28,86,127,123,120,420,98,172,85,387,464,179,63,110,52,13670.0
5/23/20,155,273,105,58,49,105,335,138,330,33,86,139,97,27,13,196,125,25,33,63,58,74,80,191,214,254,40,228,11,434,31,90,122,52,161,69,1573,18,126,41,488,72,182,58,292,132,109,644,1973,26,1141,157,29,88,128,124,125,426,100,185,86,392,479,191,64,113,61,14117.0
5/24/20,159,274,110,59,49,111,344,141,336,33,87,141,102,27,13,200,136,25,33,65,58,76,83,197,221,263,43,236,11,447,33,89,129,56,164,69,1614,20,128,42,498,74,186,60,296,133,113,649,1996,28,1186,162,31,93,136,125,128,433,102,191,91,396,505,198,64,118,62,14478.0
5/25/20,168,274,113,59,49,133,359,146,337,33,87,144,109,27,13,206,142,28,34,67,60,78,85,206,226,270,43,238,11,467,35,91,132,64,172,71,1630,20,135,43,510,77,193,62,302,141,114,650,2033,33,1274,176,35,93,145,124,137,447,104,193,91,400,558,239,65,118,67,14986.0
5/26/20,189,277,122,66,51,167,380,150,338,33,90,147,120,27,13,216,155,30,34,71,62,83,92,222,234,292,45,240,13,486,40,91,135,69,183,72,1645,21,141,45,522,82,207,65,309,145,117,660,2054,34,1384,204,36,95,160,124,144,467,106,204,95,408,607,272,65,122,75,15650.0
5/27/20,192,282,130,71,53,176,391,152,340,33,93,148,128,27,13,219,161,35,34,75,66,88,96,232,240,300,48,240,13,498,40,91,141,70,185,74,1673,21,145,46,526,86,216,67,315,150,117,660,2085,34,1446,211,36,96,173,124,148,470,108,210,96,410,632,282,65,132,77,16032.0
5/28/20,205,281,132,71,58,183,392,152,349,34,97,148,129,27,13,224,161,35,35,77,72,96,99,244,241,313,49,244,13,514,40,92,151,71,188,75,1712,21,153,46,533,87,222,71,318,155,119,668,2124,35,1541,231,35,101,179,125,159,484,116,213,100,418,678,299,66,134,82,16530.0
5/29/20,212,282,147,71,60,201,396,153,352,36,99,149,134,27,14,226,165,38,38,77,73,114,106,255,243,323,57,247,13,540,39,93,157,73,204,76,1744,23,156,48,536,92,227,72,324,160,120,681,2162,36,1590,244,35,109,191,125,162,497,118,216,106,422,720,330,67,141,87,17031.0
5/30/20,216,283,150,72,61,203,402,154,353,37,100,151,142,27,14,229,178,39,38,77,76,126,110,260,243,339,57,248,15,545,40,94,159,74,209,77,1780,23,161,48,540,94,238,75,327,163,121,687,2191,37,1632,251,37,111,198,125,167,503,118,220,109,423,738,344,68,144,88,17359.0
5/31/20,221,290,167,75,62,209,411,160,355,37,101,153,144,27,15,236,184,41,40,80,75,143,115,272,248,354,63,257,16,556,43,94,173,80,220,78,1837,26,164,50,548,106,246,82,339,170,122,693,2239,40,1710,280,39,116,203,127,171,517,123,224,113,427,783,354,70,148,90,17952.0
6/1/20,233,292,172,76,63,209,414,164,358,38,103,153,146,28,15,238,186,41,40,81,75,147,122,279,249,362,72,260,16,562,43,95,175,80,221,81,1859,26,166,50,550,108,252,85,343,171,122,700,2271,43,1758,287,42,118,206,127,175,522,128,224,117,427,799,370,71,150,90,18246.0
6/2/20,239,292,175,76,63,213,416,165,358,38,104,153,148,28,15,238,187,41,40,81,78,150,123,282,256,373,74,261,16,576,43,95,178,81,223,83,1882,26,167,51,552,108,255,86,344,174,124,705,2283,44,1802,297,42,121,208,128,177,522,131,226,117,431,816,378,72,152,91,18474.0
6/3/20,239,292,177,76,63,215,419,165,359,38,105,153,149,28,15,239,187,41,40,81,78,150,123,287,257,372,75,262,16,578,44,95,179,81,226,83,1884,26,169,51,558,108,259,87,346,174,124,705,2284,45,1823,298,42,121,208,128,177,522,131,228,117,432,822,381,72,154,91,18554.0
6/4/20,241,293,177,76,63,217,421,167,360,38,107,153,149,28,15,239,190,41,40,82,78,152,124,292,257,374,75,263,16,585,44,95,185,82,226,83,1901,28,172,51,562,108,265,93,353,175,124,708,2321,46,1858,302,43,120,212,128,181,528,135,228,119,434,836,386,73,157,91,18766.0
6/5/20,248,296,183,76,64,219,431,169,363,38,108,153,149,28,15,240,197,42,40,83,80,163,125,296,260,381,79,265,16,593,45,95,192,84,227,86,1927,28,175,51,563,110,269,94,359,179,125,714,2341,49,1905,314,43,121,223,128,187,536,137,236,121,435,853,397,74,158,92,19073.0
6/6/20,259,304,190,77,70,225,442,174,373,40,108,155,151,29,15,244,206,44,40,84,83,180,131,302,268,401,82,270,17,608,46,98,195,85,237,88,1980,28,181,53,577,119,276,96,371,182,126,730,2377,54,1993,361,46,122,239,129,193,542,138,243,127,439,896,433,77,167,93,19709.0
6/7/20,265,313,193,77,72,232,449,176,378,42,110,155,156,29,18,246,209,49,40,88,84,193,131,320,269,411,85,273,18,617,46,98,202,88,245,90,2039,29,184,55,584,123,283,98,376,184,126,739,2433,56,2054,378,47,122,243,132,198,549,140,245,132,442,915,452,79,169,93,20166.0
6/8/20,272,320,197,79,73,238,455,178,383,42,111,156,158,29,19,248,212,52,40,88,88,199,135,339,272,427,88,276,19,625,46,99,207,89,246,94,2078,29,188,55,594,135,290,100,386,187,126,744,2461,62,2128,395,50,124,250,132,212,554,141,247,134,446,936,460,79,173,95,20590.0
6/9/20,282,325,199,85,75,243,464,180,391,42,117,157,161,30,19,249,216,55,40,89,89,203,138,353,276,437,88,277,21,631,46,102,209,89,253,97,2131,29,192,56,599,144,298,104,397,187,126,752,2487,68,2221,429,52,126,259,132,221,560,141,248,136,448,976,467,82,179,96,21071.0
6/10/20,295,331,208,89,79,248,471,182,401,42,118,158,163,30,19,250,219,64,41,92,96,212,141,375,278,447,91,280,23,634,46,107,210,93,259,101,2187,30,196,58,605,151,307,105,413,192,126,764,2545,79,2290,456,54,128,266,136,236,567,149,248,140,451,1009,481,83,183,98,21626.0
6/11/20,312,343,214,93,87,253,484,184,417,42,121,162,165,30,20,260,230,70,43,98,99,220,149,406,291,471,93,287,23,652,46,112,219,94,270,107,2250,30,207,60,625,162,326,110,428,200,129,786,2593,95,2436,477,56,131,283,137,250,580,153,253,146,454,1070,500,84,190,106,22474.0
6/12/20,323,353,221,97,95,258,499,188,427,46,122,166,175,30,20,265,241,76,43,106,105,239,164,421,303,485,99,298,26,665,46,117,223,97,279,113,2339,34,216,60,642,175,336,117,456,204,132,811,2623,107,2543,516,62,137,298,138,265,596,158,257,149,455,1156,523,86,200,111,23333.0
6/13/20,331,361,226,100,102,276,517,190,438,47,128,167,179,30,20,274,249,83,45,116,107,250,171,447,311,502,99,301,37,709,46,119,226,99,293,123,2410,35,230,63,661,197,365,122,472,206,134,849,2660,117,2644,553,68,140,307,138,279,615,167,260,153,461,1239,540,86,216,115,24221.0
6/14/20,357,364,234,104,110,302,536,195,453,51,132,175,188,30,21,282,253,93,46,164,110,264,173,486,318,528,102,323,43,723,46,123,232,107,307,122,2475,43,234,64,679,215,383,125,532,209,140,882,2697,126,2791,600,74,141,324,140,283,637,170,263,157,467,1291,568,86,221,121,25235.0
6/15/20,364,368,237,108,114,305,541,196,461,51,135,175,191,30,22,290,265,100,46,171,112,273,178,503,322,547,107,330,45,730,46,132,235,108,315,122,2537,45,249,65,710,226,393,126,566,221,142,896,2723,136,2871,638,75,141,334,141,298,655,173,263,163,473,1342,578,87,223,127,25892.0
6/16/20,367,374,244,113,119,308,548,198,471,51,138,177,194,30,22,296,269,107,46,180,112,278,182,523,335,568,112,339,47,737,48,135,236,109,319,125,2599,49,260,66,739,236,398,132,577,222,145,926,2771,144,2922,664,79,142,340,141,301,674,176,263,165,474,1405,611,88,226,132,26524.0
6/17/20,369,377,250,115,121,311,551,200,472,51,143,180,197,30,22,297,276,109,46,182,112,282,183,531,352,576,113,342,49,754,48,135,237,109,328,134,2647,50,265,67,753,242,401,133,577,225,149,956,2788,148,2956,676,79,142,342,141,313,687,180,264,166,482,1418,616,88,230,149,26914.0
6/18/20,394,386,262,118,127,318,563,202,487,53,145,182,201,30,22,300,284,121,46,198,112,291,190,564,362,603,123,356,49,760,49,144,248,110,333,139,2708,52,280,71,784,255,405,136,625,234,161,994,2834,151,3059,701,84,149,344,142,327,711,182,266,168,498,1467,642,91,238,165,27796.0
6/19/20,405,398,265,123,136,318,567,202,493,56,151,185,208,30,22,310,290,132,48,212,112,298,195,590,394,633,137,371,57,769,49,151,256,111,341,147,2791,54,288,72,811,260,409,138,649,237,165,1031,2899,153,3106,710,86,153,352,142,346,740,193,267,170,506,1526,664,91,240,172,28583.0
6/20/20,425,405,271,123,140,324,570,203,502,56,156,185,213,31,22,311,295,135,50,219,113,301,202,620,399,650,144,387,58,772,51,151,257,115,344,147,2859,54,293,72,825,265,412,144,686,237,168,1054,2932,158,3179,726,86,156,356,142,349,759,196,268,178,506,1544,669,92,242,172,29126.0
6/21/20,428,415,271,124,146,324,574,205,507,56,159,185,215,32,22,313,297,138,50,223,114,302,202,628,411,660,148,398,58,778,51,154,258,115,345,149,2943,54,296,75,836,269,415,147,701,237,168,1075,2994,162,3215,747,87,165,356,142,358,765,201,268,182,510,1581,683,92,244,175,29598.0
6/22/20,436,422,276,126,150,325,576,207,514,56,163,185,217,33,22,313,298,141,50,224,115,305,202,640,414,677,158,415,58,779,51,154,262,119,348,152,3025,55,297,76,865,273,420,148,711,237,168,1097,3014,162,3254,759,88,169,357,142,366,779,204,268,185,513,1604,695,94,246,177,30031.0
6/23/20,447,435,279,132,156,325,579,208,520,56,169,185,221,34,23,315,303,144,52,238,116,312,206,660,427,689,166,429,59,784,51,157,264,121,354,159,3100,57,306,77,900,283,423,147,727,243,171,1140,3052,168,3307,775,91,171,366,144,378,811,210,269,189,518,1637,712,94,251,178,30670.0
6/24/20,463,449,287,138,165,332,582,212,529,56,178,185,230,34,23,326,314,151,52,254,118,326,209,687,445,706,172,453,60,799,53,157,264,123,372,163,3187,59,323,81,959,294,424,150,753,248,179,1182,3164,171,3394,818,96,174,373,147,391,843,219,271,193,524,1665,731,94,257,193,31624.0
6/25/20,473,462,303,146,173,347,586,225,535,62,178,187,243,35,23,326,323,153,54,270,119,348,216,711,484,730,190,485,62,812,55,160,267,128,373,178,3332,62,332,84,1001,318,431,153,818,255,183,1265,3219,174,3467,859,102,178,378,150,407,877,228,271,200,534,1739,751,94,261,208,32753.0
6/26/20,482,500,309,150,181,347,592,228,545,65,189,188,252,35,24,334,333,159,54,280,120,365,221,728,506,744,208,521,64,826,59,160,270,130,396,196,3481,63,352,85,1026,334,432,159,864,260,184,1326,3271,178,3521,886,104,188,382,150,409,914,237,274,206,534,1795,763,97,267,214,33717.0
6/27/20,492,539,314,158,185,354,597,237,547,66,193,188,256,35,25,339,341,163,55,293,121,372,230,744,528,771,215,547,65,829,60,164,273,132,420,194,3603,64,363,90,1044,351,436,160,896,264,188,1389,3362,187,3576,907,110,190,388,154,415,942,247,274,220,539,1839,780,98,271,216,34605.0
6/28/20,497,559,314,159,186,353,599,237,547,67,195,188,256,35,25,340,347,163,55,294,121,374,233,747,539,774,216,551,66,835,60,164,275,132,425,196,3682,68,372,94,1064,359,437,161,905,266,189,1408,3418,188,3582,916,117,192,389,154,422,951,249,274,223,543,1845,786,98,270,218,34964.0
6/29/20,521,626,319,162,196,360,602,261,571,70,203,191,261,48,30,346,358,176,55,302,122,393,235,781,562,796,248,597,66,831,59,164,281,128,420,204,4053,70,392,97,1135,394,456,165,996,273,197,1453,3537,189,3727,939,132,198,395,163,452,1018,277,274,245,556,1925,827,98,278,226,36682.0
6/30/20,530,663,322,167,204,360,604,268,576,71,206,191,264,53,29,352,363,178,55,308,122,398,241,808,576,806,258,606,66,843,63,164,285,129,424,210,4210,71,410,100,1167,403,457,166,1021,277,200,1495,3634,194,3788,955,135,204,396,169,469,1056,292,275,257,560,1964,843,98,278,229,37536.0
7/1/20,545,686,323,171,214,362,604,270,581,74,211,192,266,58,29,353,368,180,55,308,123,400,244,819,602,813,263,625,67,852,67,166,293,130,434,238,4387,71,444,101,1189,409,458,170,1057,286,203,1537,3697,197,3839,981,145,211,399,170,484,1082,304,276,267,563,2049,867,100,280,233,38442.0
7/2/20,553,735,333,176,218,364,607,280,600,79,215,192,268,61,30,359,377,186,57,332,124,411,262,841,641,836,293,644,67,863,70,178,296,130,446,252,4532,71,457,100,1245,429,458,177,1104,299,206,1622,3797,205,3875,1020,154,217,407,188,503,1109,319,279,282,572,2107,871,102,284,237,39604.0
7/3/20,560,828,345,186,226,367,623,322,612,85,228,195,272,62,36,370,383,197,58,343,125,435,268,868,694,864,332,707,67,878,78,183,306,131,461,263,4802,75,473,105,1302,466,463,181,1271,300,214,1680,3904,231,3947,1047,162,222,417,201,519,1176,347,284,300,583,2188,905,104,289,246,41362.0
7/4/20,583,846,347,187,230,368,624,332,624,85,239,195,273,64,36,373,391,204,58,354,125,439,282,879,707,903,337,727,68,889,79,183,310,132,479,268,4944,75,489,107,1359,481,467,185,1359,302,219,1702,4005,234,4021,1071,170,227,420,200,545,1227,366,284,303,588,2226,914,105,290,254,42359.0
7/5/20,607,864,349,190,235,369,633,354,629,97,246,195,274,65,36,377,395,209,58,358,125,452,288,880,719,925,350,739,70,895,80,186,311,134,496,273,5221,77,490,108,1384,495,472,194,1430,302,224,1711,4080,235,4127,1102,177,235,429,206,552,1284,382,285,309,591,2288,939,109,291,258,43450.0
7/6/20,610,894,353,194,243,369,634,376,642,102,252,195,277,69,38,381,408,210,59,370,125,459,299,891,737,943,396,750,71,898,83,186,314,136,507,284,5410,78,496,110,1411,501,472,199,1491,312,233,1724,4129,239,4158,1121,179,236,437,209,565,1334,402,285,317,605,2321,978,111,294,263,44375.0
7/7/20,636,980,357,196,251,368,632,387,643,103,262,197,283,69,39,386,426,217,59,372,125,470,302,910,761,962,411,790,72,902,84,186,315,136,510,302,5486,80,501,109,1433,518,478,199,1554,317,236,1770,4219,241,4246,1128,179,238,452,216,568,1357,416,285,323,604,2346,985,118,294,266,45263.0
7/8/20,643,1039,362,198,258,369,637,403,647,111,276,199,287,69,39,392,442,218,60,381,125,490,326,918,790,975,435,834,72,906,86,188,317,140,536,343,5687,80,514,113,1463,525,479,202,1620,320,241,1815,4315,244,4275,1157,179,244,452,228,589,1414,440,285,333,606,2382,1018,121,295,277,46424.0
7/9/20,653,1114,367,208,273,370,643,436,657,112,287,202,294,74,41,407,465,227,62,399,127,539,362,963,841,989,452,882,78,922,92,192,337,143,552,374,6030,81,537,117,1494,574,480,206,1907,330,245,1866,4418,249,4339,1220,209,255,459,244,657,1509,469,285,349,616,2544,1051,127,296,289,48588.0
7/10/20,662,1170,377,215,281,376,645,456,664,115,295,209,303,82,42,416,481,227,63,403,126,554,372,978,864,1007,468,919,81,928,95,192,343,146,561,402,6219,87,555,121,1535,596,480,212,1983,342,267,1904,4625,255,4397,1241,224,262,467,248,665,1557,484,287,367,625,2586,1056,136,299,292,49892.0
7/11/20,676,1207,394,221,296,377,651,490,674,123,323,212,312,85,42,424,495,230,65,414,127,571,391,996,941,1029,480,951,82,932,96,195,348,153,585,418,6433,87,568,125,1572,622,481,215,2119,352,275,1926,4753,255,4430,1269,236,269,472,258,675,1642,513,291,389,628,2632,1061,141,303,296,51294.0
7/12/20,698,1277,399,224,320,378,652,515,677,124,331,217,317,85,45,428,509,231,66,416,132,615,395,1002,967,1067,488,1011,85,938,98,198,354,155,607,435,6746,89,577,136,1596,639,484,219,2268,354,290,1980,4904,260,4547,1338,250,274,479,263,686,1691,544,292,401,630,2690,1075,148,303,299,52908.0
7/13/20,715,1341,402,227,331,378,655,554,685,131,345,220,323,89,48,436,528,238,67,435,134,668,406,1018,1001,1076,512,1069,90,950,101,200,363,157,641,442,7012,89,600,146,1647,665,492,222,2535,361,309,2050,5061,268,4599,1397,255,278,480,275,713,1764,598,297,417,630,2743,1113,152,315,309,54768.0
7/14/20,733,1396,413,232,344,380,656,577,693,135,356,221,329,92,53,453,582,247,69,439,140,689,414,1028,1118,1101,522,1104,90,960,106,201,367,161,658,472,7186,95,633,151,1716,691,497,227,2729,364,332,2090,5206,277,4690,1429,263,280,491,279,734,1820,646,304,433,646,2777,1126,158,325,315,56441.0
7/15/20,743,1499,426,238,367,381,659,642,699,140,369,221,339,94,62,473,613,255,68,452,143,713,428,1033,1145,1118,562,1136,92,970,110,202,375,165,684,511,7449,96,664,159,1793,725,497,235,2901,381,355,2133,5349,283,4732,1489,270,282,501,286,761,1880,671,306,451,662,2837,1135,167,332,316,58225.0
7/16/20,765,1579,444,243,395,384,662,659,710,146,387,222,352,96,63,483,645,268,68,478,145,729,454,1065,1185,1148,571,1175,104,979,113,209,383,167,708,515,7809,101,690,162,1861,748,500,240,2973,388,365,2206,5514,295,4806,1516,278,286,519,290,811,1972,706,309,507,672,2931,1160,180,334,330,60158.0
7/17/20,773,1669,448,251,406,388,665,703,717,150,408,227,369,97,67,493,670,270,69,490,146,760,490,1074,1216,1165,590,1236,111,996,118,212,387,172,737,540,8105,114,701,173,1922,787,503,244,3148,395,385,2263,5713,303,4855,1577,294,293,523,297,857,2055,738,312,537,678,2994,1202,191,337,335,62111.0
7/18/20,810,1796,465,260,421,392,671,724,730,158,427,235,376,108,72,519,702,279,69,520,151,774,503,1101,1271,1222,594,1264,117,1011,134,217,393,181,773,546,8400,117,730,183,1960,814,511,248,3323,413,409,2284,5899,310,4985,1622,312,299,533,300,885,2148,763,315,567,690,3068,1226,198,341,341,64180.0
7/19/20,823,1914,472,265,441,393,679,768,734,166,463,237,383,117,79,531,728,284,71,535,156,808,512,1117,1292,1245,613,1307,119,1020,143,220,397,189,834,561,8640,129,748,184,1993,844,512,254,3462,419,418,2335,6017,312,5057,1664,320,302,537,317,909,2208,790,317,580,696,3152,1237,208,345,343,65865.0
7/20/20,838,1990,479,274,465,395,682,814,739,172,477,238,387,124,80,546,757,290,73,553,172,826,538,1141,1325,1268,640,1356,121,1027,146,220,401,192,892,576,8901,134,773,185,2043,879,515,261,3588,428,430,2400,6150,318,5178,1722,335,308,546,328,936,2287,828,323,602,707,3215,1257,219,351,350,67711.0
7/21/20,845,2077,484,278,479,396,688,849,743,172,491,238,398,132,80,554,785,297,73,569,200,839,557,1150,1342,1290,676,1422,122,1038,150,224,402,194,925,582,9088,140,798,205,2088,904,521,264,3658,433,436,2426,6279,323,5244,1744,339,310,552,337,950,2339,857,325,616,717,3248,1258,225,358,352,69075.0
7/22/20,863,2164,487,282,498,402,693,870,748,174,507,244,403,135,82,555,805,299,74,577,205,859,568,1158,1361,1313,697,1440,124,1044,158,225,403,198,950,597,9275,145,815,210,2117,930,524,269,3741,438,441,2461,6443,332,5329,1784,351,312,562,338,965,2398,885,325,629,724,3282,1271,234,363,358,70413.0
7/23/20,877,2423,501,284,528,403,698,908,756,181,527,245,416,136,84,591,823,310,74,587,210,888,587,1173,1407,1371,744,1495,128,1051,167,228,409,201,1002,613,9552,154,826,216,2172,946,524,276,3886,451,449,2546,6797,347,5429,1830,359,314,572,348,991,2459,910,324,652,733,3328,1293,245,368,373,72696.0
7/24/20,891,2473,507,297,552,406,702,970,759,191,547,253,425,140,89,595,843,319,78,606,219,911,611,1170,1426,1394,772,1546,132,1064,178,231,409,203,1023,625,9809,159,857,227,2194,970,528,279,4040,459,461,2585,6901,343,5522,1864,366,323,579,354,1006,2533,938,330,671,747,3411,1338,262,375,377,74365.0
7/25/20,900,2620,516,312,569,408,710,1029,767,192,570,256,431,148,95,618,866,329,81,625,223,932,672,1184,1469,1430,810,1615,134,1075,183,231,419,206,1059,638,10095,162,884,240,2220,1001,530,284,4142,473,463,2621,7096,348,5604,1914,377,330,584,357,1031,2595,958,338,702,754,3506,1356,269,380,378,76314.0
7/26/20,909,2665,523,317,578,408,714,1076,776,194,580,258,432,166,95,633,875,333,86,633,226,946,676,1186,1490,1437,812,1643,138,1078,186,232,425,213,1074,648,10258,161,893,244,2243,1006,531,286,4241,478,473,2661,7193,361,5642,1933,382,332,596,359,1047,2638,979,339,717,761,3536,1364,272,384,380,77351.0
7/27/20,932,2727,529,327,601,409,718,1157,779,205,600,263,440,175,101,644,922,340,85,641,229,985,705,1207,1498,1466,841,1690,144,1098,192,235,429,223,1139,655,10420,167,918,254,2286,1031,538,291,4332,484,484,2705,7361,362,5768,1973,387,338,603,367,1081,2684,1015,348,748,769,3636,1398,278,385,387,79129.0
7/28/20,941,2793,535,330,607,422,722,1206,790,206,614,264,443,177,105,649,931,342,87,644,236,999,713,1215,1523,1475,859,1723,151,1105,194,237,431,224,1162,669,10563,173,928,261,2322,1047,541,294,4445,492,488,2715,7495,362,5838,1998,397,340,612,371,1104,2726,1041,349,765,770,3675,1407,288,388,390,80309.0
7/29/20,949,2865,538,336,623,425,728,1253,796,211,637,265,453,182,109,664,950,350,88,651,264,1018,729,1227,1537,1486,872,1743,156,1117,198,237,432,227,1187,690,10690,177,946,267,2356,1080,541,295,4501,496,496,2727,7683,370,5885,2031,403,340,616,378,1121,2784,1097,350,790,771,3694,1407,294,392,401,81572.0
7/30/20,963,2984,539,344,658,428,733,1297,800,217,650,265,469,189,110,672,1007,354,89,659,271,1050,738,1233,1594,1514,909,1797,162,1144,204,238,438,231,1219,720,10939,189,990,281,2386,1117,547,298,4658,502,510,2795,7879,376,5957,2098,411,347,631,378,1143,2836,1112,352,816,781,3755,1420,296,395,411,83495.0
7/31/20,972,3056,550,355,685,430,739,1409,806,219,660,271,473,194,111,689,1041,358,89,680,276,1075,749,1259,1628,1544,943,1857,163,1162,210,239,446,233,1242,749,11194,191,1014,295,2430,1146,546,300,4720,504,523,2823,8084,384,6047,2129,417,355,640,384,1161,2911,1151,360,847,798,3805,1441,301,397,418,85278.0
8/1/20,988,3095,554,360,704,436,743,1438,807,222,673,271,479,200,112,695,1050,363,89,684,279,1090,763,1265,1650,1562,952,1884,167,1165,216,239,448,238,1275,783,11465,191,1028,298,2455,1155,545,304,4817,506,528,2878,8466,385,6093,2156,419,359,644,386,1185,2954,1169,361,862,801,3851,1450,304,400,426,86780.0
8/2/20,1010,3175,562,364,722,437,751,1535,814,233,697,273,484,216,114,703,1076,371,90,704,284,1113,776,1280,1677,1584,965,1914,169,1184,226,240,449,243,1309,816,11650,194,1053,306,2491,1183,546,308,4932,515,535,2947,8998,388,6198,2206,428,363,654,388,1220,3002,1182,361,890,804,3912,1457,310,402,428,88811.0
8/3/20,1024,3210,563,374,736,438,752,1560,821,242,710,274,486,217,121,709,1093,373,92,709,286,1141,785,1288,1701,1602,979,1930,174,1196,232,242,459,245,1319,828,11859,198,1071,310,2505,1196,552,309,5014,520,542,2966,9086,391,6249,2223,429,367,660,388,1233,3050,1217,361,918,814,3974,1470,310,405,429,89927.0
8/4/20,1030,3263,563,381,741,441,751,1590,828,247,722,276,487,223,121,716,1107,372,92,715,297,1157,787,1294,1718,1626,979,1957,176,1206,242,245,457,246,1327,870,12039,203,1095,324,2519,1208,558,311,5082,526,547,2984,9170,395,6305,2243,431,371,660,391,1247,3075,1236,359,927,822,3984,1474,314,408,432,90890.0
8/5/20,1030,3322,564,384,745,444,754,1627,832,249,738,276,491,225,121,725,1122,373,95,716,307,1171,798,1298,1721,1633,981,1967,178,1215,243,247,459,247,1334,890,12186,205,1111,325,2554,1227,561,316,5122,529,547,3001,9269,396,6350,2270,432,376,672,392,1267,3119,1252,360,946,827,4002,1479,315,411,435,91776.0
8/6/20,1050,3380,565,413,759,450,756,1672,835,258,745,277,494,237,125,736,1141,378,101,716,312,1189,802,1305,1745,1672,1044,2041,183,1238,248,249,464,249,1348,924,12486,212,1123,332,2588,1261,567,320,5161,536,562,3060,9420,408,6449,2295,436,377,687,394,1277,3164,1289,360,967,841,4057,1498,320,414,440,93402.0
8/7/20,1065,3443,569,416,774,454,759,1704,835,263,767,279,496,249,125,747,1156,382,101,726,313,1201,823,1311,1771,1694,1054,2075,198,1258,255,250,467,252,1364,945,12743,217,1139,344,2628,1284,567,332,5250,546,567,3090,9565,415,6521,2330,436,384,690,394,1342,3201,1310,362,986,849,4103,1502,327,418,444,94827.0
8/8/20,1086,3502,573,426,788,463,758,1761,840,270,788,281,662,252,126,756,1171,388,101,734,314,1220,827,1318,1798,1715,1075,2104,204,1270,257,250,473,259,1386,968,12969,220,1157,348,2660,1318,571,334,5314,553,570,3130,9836,419,6609,2369,440,392,703,396,1358,3260,1328,360,1009,854,4190,1520,386,426,450,96613.0
8/9/20,1169,3544,575,438,800,464,764,1784,841,273,792,283,662,258,127,761,1181,393,101,735,318,1225,834,1323,1819,1723,1082,2121,207,1274,261,251,476,263,1398,989,13109,222,1167,349,2678,1333,572,335,5378,552,574,3167,9947,421,6835,2393,442,400,709,401,1368,3283,1338,360,1026,855,4213,1526,391,429,453,97735.0
8/10/20,1174,3651,576,442,812,466,767,1807,844,275,809,287,826,263,127,764,1207,393,103,737,326,1227,835,1331,1830,1731,1087,2162,212,1288,263,252,478,264,1419,1014,13258,229,1189,351,2700,1349,573,339,5447,565,580,3189,10517,421,6835,2411,445,404,708,403,1387,3309,1354,364,1048,865,4230,1539,443,432,457,99390.0
8/11/20,1162,3670,579,444,816,481,770,1819,847,276,818,289,826,267,129,765,1215,393,105,740,332,1230,843,1336,1834,1760,1088,2180,223,1297,265,252,485,264,1428,1026,13366,230,1190,354,2708,1359,571,339,5469,566,582,3194,10581,423,6825,2418,445,408,713,402,1389,3334,1363,366,1054,875,4269,1544,444,434,457,99926.0
8/12/20,1188,3710,581,453,825,492,773,1828,848,279,827,289,821,277,129,779,1225,394,105,746,331,1238,850,1347,1852,1767,1094,2190,223,1308,265,253,488,264,1450,1072,13463,230,1203,356,2724,1378,575,341,5510,568,587,3199,10671,424,6955,2425,446,411,716,403,1391,3361,1375,366,1069,876,4327,1548,449,436,457,100801.0
8/13/20,1196,3744,586,457,835,493,775,1853,848,288,830,290,827,278,130,781,1232,397,106,755,333,1246,856,1348,1866,1783,1094,2209,227,1310,269,255,487,268,1459,1079,13578,237,1213,360,2736,1393,575,344,5550,572,592,3207,10747,425,6999,2443,448,413,716,404,1391,3381,1381,370,1087,878,4350,1562,453,445,456,101496.0
8/14/20,1196,3791,590,465,848,494,779,1867,852,293,843,292,830,278,131,792,1243,398,106,763,339,1252,863,1349,1870,1789,1099,2219,234,1315,274,256,490,273,1493,1091,13682,237,1219,364,2735,1407,576,344,5581,578,594,3214,10836,427,7009,2457,452,420,718,405,1398,3414,1388,371,1103,883,4378,1584,461,445,459,102196.0
8/15/20,1206,3839,598,469,854,495,788,1903,854,299,857,292,835,296,132,805,1265,402,106,771,347,1258,871,1363,1893,1800,1104,2228,237,1325,278,257,495,274,1510,1120,13905,239,1231,367,2760,1432,577,345,5661,583,600,3227,10961,432,7069,2488,455,434,722,409,1405,3466,1395,373,1122,887,4411,1599,464,448,464,103357.0
8/16/20,1218,3877,604,469,860,496,792,1919,854,302,859,293,833,301,133,812,1272,403,106,773,349,1274,879,1363,1896,1826,1113,2263,241,1351,283,258,495,275,1519,1124,13988,240,1238,370,2776,1449,578,346,5687,585,606,3233,11022,432,7152,2502,456,436,723,409,1407,3495,1412,374,1133,887,4449,1618,465,449,477,104079.0
8/17/20,1219,3888,605,474,863,496,795,1936,855,306,864,296,835,304,134,816,1276,403,106,775,350,1284,885,1365,1899,1826,1114,2292,246,1360,287,258,497,277,1532,1130,14059,245,1240,370,2779,1455,580,346,5735,591,608,3253,11074,432,7165,2515,457,440,725,409,1410,3517,1419,378,1144,889,4484,1628,467,455,478,104595.0
8/18/20,1235,3906,606,476,887,504,796,1982,859,313,880,297,839,310,148,847,1300,408,106,786,353,1303,890,1368,1932,1837,1126,2336,247,1373,297,261,498,278,1540,1156,14198,247,1269,377,2861,1473,585,355,5773,591,619,3317,11138,434,7226,2555,459,443,731,416,1453,3538,1442,379,1170,902,4524,1645,475,456,484,105815.0
8/19/20,1241,3931,613,490,901,522,796,2028,859,313,884,301,861,313,164,848,1304,410,106,786,357,1317,890,1381,1944,1848,1142,2377,252,1383,300,265,504,278,1550,1165,14337,249,1278,379,2888,1492,585,360,5769,595,622,3323,11264,438,7257,2577,460,457,740,417,1462,3572,1472,379,1190,901,4617,1658,476,458,488,106784.0
8/20/20,1240,3957,619,494,912,527,796,2072,861,319,891,301,861,314,169,850,1316,412,109,794,361,1326,893,1388,1951,1882,1152,2392,256,1406,306,268,507,278,1568,1170,14419,255,1287,383,2899,1498,584,364,5800,597,628,3326,11329,440,7293,2577,459,461,753,418,1471,3582,1487,380,1208,905,4648,1684,477,461,492,107483.0
8/21/20,1255,3997,622,501,930,528,802,2105,865,324,912,304,877,317,171,861,1327,417,111,808,363,1346,902,1400,1969,1899,1161,2455,260,1418,307,269,509,281,1596,1193,14538,259,1308,389,2908,1516,585,369,5861,606,639,3376,11442,446,7375,2604,464,463,763,425,1476,3620,1512,387,1213,913,4708,1696,480,466,497,108666.0
8/22/20,1264,4037,626,503,931,527,802,2134,869,330,923,304,882,316,176,899,1337,420,112,817,366,1361,954,1402,1976,1909,1169,2479,265,1423,345,268,512,301,1725,1208,14579,259,1320,396,2916,1522,585,373,5878,606,649,3409,11510,446,7397,2612,468,492,774,430,1493,3625,1514,390,1210,917,4769,1706,483,468,498,109566.0
8/23/20,1266,4069,629,510,934,527,804,2144,870,331,936,306,884,316,177,902,1343,421,112,819,367,1365,960,1404,1989,1911,1172,2509,270,1432,353,268,512,308,1740,1216,14621,260,1329,402,2930,1533,587,374,5907,608,655,3428,11540,448,7412,2620,472,497,781,436,1500,3643,1550,390,1218,919,4792,1713,484,469,500,110094.0
8/24/20,1286,4083,633,510,946,527,805,2168,870,336,953,312,887,317,182,906,1350,425,112,822,367,1380,968,1414,1996,1939,1194,2551,270,1453,356,268,514,313,1753,1217,14688,261,1339,411,2940,1541,588,375,5926,613,670,3436,11568,449,7463,2629,472,501,784,439,1507,3654,1560,391,1234,921,4821,1744,484,471,506,110769.0
8/25/20,1286,4100,628,511,967,527,804,2179,863,334,958,314,892,317,188,907,1358,429,110,812,368,1379,965,1413,1999,1938,1191,2556,270,1456,359,269,513,310,1755,1223,14729,264,1353,419,2946,1548,591,373,5926,616,681,3432,11573,449,7477,2638,473,501,785,442,1500,3662,1555,392,1225,920,4823,1746,487,472,508,110954.0
8/26/20,1281,4166,616,513,968,526,809,2215,862,331,965,315,900,333,191,909,1367,431,110,796,377,1386,975,1395,2010,1935,1193,2568,272,1465,365,273,517,310,1762,1238,15068,266,1364,427,3006,1570,588,380,6008,621,681,3438,11731,439,7497,2698,473,508,802,450,1503,3732,1568,393,1222,910,4899,1758,494,475,512,112126.0
8/27/20,1284,4199,614,515,979,527,813,2225,860,336,983,314,900,329,193,914,1381,432,108,800,376,1387,983,1400,2026,1950,1190,2578,276,1475,367,274,521,312,1766,1237,15175,266,1373,432,3031,1591,590,381,6048,621,691,3441,11778,439,7551,2723,473,511,809,456,1507,3758,1577,393,1224,911,4954,1776,492,476,522,112794.0
8/28/20,1296,4230,620,517,983,530,814,2255,863,336,1007,314,902,338,197,924,1393,434,108,805,378,1396,986,1405,2035,1966,1199,2600,282,1504,370,275,522,314,1785,1247,15325,266,1384,433,3091,1596,593,383,6088,620,699,3457,11830,443,7582,2742,477,515,814,458,1512,3824,1604,395,1232,915,5024,1790,492,478,531,113723.0
8/29/20,1309,4307,624,523,1004,535,827,2316,867,341,1036,316,914,342,200,948,1418,434,109,809,388,1424,1002,1412,2044,1992,1209,2644,284,1528,375,274,527,319,1807,1258,15591,268,1398,442,3200,1618,599,390,6163,623,709,3471,11921,443,7650,2777,477,526,817,460,1531,3925,1621,395,1282,922,5080,1808,495,478,538,115284.0
8/30/20,1345,4402,628,533,1025,536,835,2346,868,345,1079,316,921,352,200,954,1426,435,111,813,390,1434,1012,1421,2051,2014,1213,2657,284,1536,382,277,529,323,1831,1274,15731,271,1405,459,3247,1638,600,393,6220,624,713,3478,11981,443,7737,2802,477,531,821,469,1535,4068,1641,396,1296,924,5123,1815,498,479,543,116456.0
8/31/20,1348,4422,628,535,1034,537,837,2377,873,346,1094,316,923,356,202,961,1435,436,111,816,396,1450,1017,1422,2059,2023,1214,2672,284,1539,387,278,529,328,1838,1275,15872,273,1411,463,3348,1647,600,396,6258,625,716,3483,12043,443,7750,2811,478,533,824,478,1548,4095,1651,396,1303,930,5130,1823,502,479,545,117152.0
9/1/20,1354,4445,629,538,1045,541,840,2411,874,353,1107,316,925,361,206,968,1441,437,111,816,396,1463,1021,1431,2068,2048,1240,2697,292,1543,391,278,535,333,1854,1276,16072,277,1424,466,3395,1662,604,399,6329,632,720,3493,12083,444,7792,2830,480,534,832,480,1553,4166,1671,399,1314,931,5187,1843,503,479,556,118134.0
9/2/20,1345,4458,617,541,1036,540,839,2413,861,354,1096,316,922,366,207,959,1447,433,112,806,396,1454,1018,1429,2071,2048,1237,2700,296,1555,392,279,535,336,1867,1288,16170,277,1433,469,3371,1661,602,399,6345,632,720,3492,12098,438,7804,2831,480,537,833,479,1548,4158,1670,399,1290,934,5201,1850,500,474,556,118220.0
9/3/20,1349,4495,614,542,1037,541,841,2447,850,354,1102,319,917,368,222,959,1458,432,110,800,394,1448,1015,1428,2080,2054,1234,2708,300,1570,387,278,531,338,1875,1294,16240,276,1443,486,3384,1667,600,401,6382,640,717,3485,12123,435,7826,2842,479,537,837,481,1556,4169,1667,401,1276,932,5218,1881,501,471,557,118601.0
9/4/20,1355,4513,616,545,1049,541,848,2503,850,362,1105,320,923,376,229,963,1463,431,109,804,398,1449,1015,1431,2096,2074,1242,2727,307,1580,388,278,533,342,1892,1307,16349,278,1454,488,3417,1672,601,406,6436,641,716,3486,12167,434,7853,2855,479,540,837,484,1558,4212,1679,401,1281,936,5230,1902,498,474,561,119289.0
9/5/20,1371,4542,616,550,1062,544,853,2547,853,364,1150,324,927,392,232,970,1474,434,109,815,399,1454,1024,1439,2104,2095,1245,2747,311,1592,395,282,536,344,1907,1313,16486,280,1467,501,3466,1698,603,409,6545,643,730,3492,12249,436,7891,2871,480,541,846,491,1560,4262,1698,403,1296,941,5282,1908,499,474,563,120327.0
9/6/20,1377,4569,616,555,1065,545,857,2558,855,365,1157,324,927,396,233,975,1476,434,109,815,399,1456,1027,1441,2105,2105,1247,2754,314,1593,398,282,536,345,1912,1318,16590,282,1470,502,3488,1703,603,409,6575,644,733,3497,12272,436,7916,2884,483,545,849,494,1561,4306,1707,403,1303,941,5311,1926,499,474,569,120815.0
9/7/20,1383,4586,617,557,1070,545,859,2593,857,367,1168,325,930,401,239,982,1480,437,110,817,401,1480,1030,1449,2111,2124,1257,2774,316,1600,398,282,542,345,1923,1321,16703,282,1479,505,3511,1706,604,412,6592,645,749,3510,12289,437,7956,2891,483,544,851,494,1565,4345,1720,403,1312,942,5352,1958,500,474,584,121474.0
9/8/20,1385,4609,617,562,1071,545,859,2602,857,367,1172,325,932,402,239,985,1486,438,111,818,405,1483,1032,1450,2114,2145,1262,2784,320,1601,398,282,542,346,1925,1325,16789,282,1485,506,3529,1715,604,413,6631,647,754,3515,12312,438,7963,2896,483,545,853,494,1567,4388,1728,403,1317,942,5365,1958,502,474,585,121879.0
9/9/20,1398,4639,618,564,1082,548,862,2615,858,371,1176,326,933,413,244,1012,1492,439,112,821,410,1494,1058,1455,2118,2162,1270,2810,321,1622,402,282,547,347,1938,1330,16883,282,1490,510,3553,1725,604,414,6649,647,761,3519,12364,438,7985,2914,484,551,857,494,1568,4441,1744,404,1319,943,5395,1975,503,477,598,122580.0
9/10/20,1413,4678,618,566,1099,550,863,2652,858,376,1198,327,934,415,248,1024,1500,439,111,828,412,1495,1072,1462,2128,2170,1276,2825,327,1624,407,282,548,351,1960,1338,17013,283,1504,515,3560,1740,602,415,6675,649,770,3520,12403,441,8021,2919,484,556,866,499,1569,4482,1749,404,1327,946,5416,1985,503,477,600,123267.0
9/11/20,1420,4722,618,574,1109,551,863,2679,862,380,1216,328,933,418,260,1030,1503,441,113,837,416,1501,1078,1470,2136,2180,1279,2844,336,1633,408,282,551,355,1969,1344,17157,288,1512,526,3585,1752,603,418,6748,653,776,3530,12435,442,8055,2935,485,559,872,501,1575,4535,1771,404,1344,949,5463,1998,503,479,605,124097.0
9/12/20,1432,4752,620,576,1114,552,865,2728,863,392,1234,328,935,421,269,1038,1507,443,114,838,417,1506,1087,1473,2142,2188,1288,2855,341,1642,411,282,551,359,1994,1354,17277,289,1518,529,3593,1776,604,420,6791,656,779,3536,12478,444,8096,2944,485,561,879,502,1575,4576,1794,404,1351,953,5500,2007,506,479,610,124823.0
9/13/20,1442,4781,622,578,1121,558,866,2773,863,407,1244,331,935,435,281,1044,1513,444,117,842,421,1524,1091,1475,2155,2213,1300,2886,353,1662,418,282,556,361,2008,1362,17407,292,1527,532,3613,1796,604,420,6846,660,787,3544,12528,445,8149,2962,487,564,882,505,1575,4643,1825,405,1366,956,5567,2034,507,480,623,125795.0
9/14/20,1447,4800,626,581,1128,558,867,2790,864,407,1251,331,936,443,285,1047,1515,444,117,845,421,1528,1094,1475,2159,2223,1302,2899,357,1662,424,282,556,362,2016,1366,17484,295,1530,534,3622,1807,606,421,6880,662,787,3554,12559,445,8188,2972,489,569,883,506,1578,4680,1834,405,1371,958,5618,2039,509,480,626,126299.0
9/15/20,1585,4978,801,610,1464,580,900,3110,1097,518,1409,341,1042,486,297,1226,1550,512,151,1256,508,1775,1261,1721,2284,2449,1527,3217,400,1693,517,295,595,442,2530,1422,18253,318,1565,556,5502,1867,635,466,7216,693,892,3741,12875,571,8487,3094,538,613,1116,572,1682,5348,2132,414,1966,1114,6789,2159,539,529,668,139459.0
9/16/20,1619,5003,809,612,1487,583,901,3165,1107,526,1428,342,1043,505,305,1235,1560,516,157,1272,507,1797,1274,1725,2293,2468,1538,3247,408,1703,536,297,609,447,2586,1442,18531,327,1590,573,5570,1908,643,466,7303,694,903,3759,12931,570,8546,3118,536,615,1128,581,1685,5446,2174,414,1991,1124,6984,2174,542,529,680,141087.0
