Date,Alameda,Alpine,Amador,Butte,Calaveras,Colusa,Contra Costa,Del Norte,El Dorado,Fresno,Glenn,Humboldt,Imperial,Inyo,Kern,Kings,Lake,Lassen,Los Angeles,Madera,Marin,Mariposa,Mendocino,Merced,Modoc,Mono,Monterey,Napa,Nevada,Orange,Placer,Plumas,Riverside,Sacramento,San Benito,San Bernardino,San Diego,San Francisco,San Joaquin,San Luis Obispo,San Mateo,Santa Barbara,Santa Clara,Santa Cruz,Shasta,Sierra,Siskiyou,Solano,Sonoma,Stanislaus,Sutter,Tehama,Trinity,Tulare,Tuolumne,Ventura,Yolo,Yuba,Total
1/22/20,0,0,0,0,0,0,0,0,0,0,0,0,0,0,0,0,0,0,0,0,0,0,0,0,0,0,0,0,0,0,0,0,0,0,0,0,0,0,0,0,0,0,0,0,0,0,0,0,0,0,0,0,0,0,0,0,0,0,0.0
1/23/20,0,0,0,0,0,0,0,0,0,0,0,0,0,0,0,0,0,0,0,0,0,0,0,0,0,0,0,0,0,0,0,0,0,0,0,0,0,0,0,0,0,0,0,0,0,0,0,0,0,0,0,0,0,0,0,0,0,0,0.0
1/24/20,0,0,0,0,0,0,0,0,0,0,0,0,0,0,0,0,0,0,0,0,0,0,0,0,0,0,0,0,0,0,0,0,0,0,0,0,0,0,0,0,0,0,0,0,0,0,0,0,0,0,0,0,0,0,0,0,0,0,0.0
1/25/20,0,0,0,0,0,0,0,0,0,0,0,0,0,0,0,0,0,0,0,0,0,0,0,0,0,0,0,0,0,0,0,0,0,0,0,0,0,0,0,0,0,0,0,0,0,0,0,0,0,0,0,0,0,0,0,0,0,0,0.0
1/26/20,0,0,0,0,0,0,0,0,0,0,0,0,0,0,0,0,0,0,1,0,0,0,0,0,0,0,0,0,0,1,0,0,0,0,0,0,0,0,0,0,0,0,0,0,0,0,0,0,0,0,0,0,0,0,0,0,0,0,2.0
1/27/20,0,0,0,0,0,0,0,0,0,0,0,0,0,0,0,0,0,0,1,0,0,0,0,0,0,0,0,0,0,1,0,0,0,0,0,0,0,0,0,0,0,0,0,0,0,0,0,0,0,0,0,0,0,0,0,0,0,0,2.0
1/28/20,0,0,0,0,0,0,0,0,0,0,0,0,0,0,0,0,0,0,1,0,0,0,0,0,0,0,0,0,0,1,0,0,0,0,0,0,0,0,0,0,0,0,0,0,0,0,0,0,0,0,0,0,0,0,0,0,0,0,2.0
1/29/20,0,0,0,0,0,0,0,0,0,0,0,0,0,0,0,0,0,0,1,0,0,0,0,0,0,0,0,0,0,1,0,0,0,0,0,0,0,0,0,0,0,0,0,0,0,0,0,0,0,0,0,0,0,0,0,0,0,0,2.0
1/30/20,0,0,0,0,0,0,0,0,0,0,0,0,0,0,0,0,0,0,1,0,0,0,0,0,0,0,0,0,0,1,0,0,0,0,0,0,0,0,0,0,0,0,0,0,0,0,0,0,0,0,0,0,0,0,0,0,0,0,2.0
1/31/20,0,0,0,0,0,0,0,0,0,0,0,0,0,0,0,0,0,0,1,0,0,0,0,0,0,0,0,0,0,1,0,0,0,0,0,0,0,0,0,0,0,0,1,0,0,0,0,0,0,0,0,0,0,0,0,0,0,0,3.0
2/1/20,0,0,0,0,0,0,0,0,0,0,0,0,0,0,0,0,0,0,1,0,0,0,0,0,0,0,0,0,0,1,0,0,0,0,0,0,0,0,0,0,0,0,1,0,0,0,0,0,0,0,0,0,0,0,0,0,0,0,3.0
2/2/20,0,0,0,0,0,0,0,0,0,0,0,0,0,0,0,0,0,0,1,0,0,0,0,0,0,0,0,0,0,1,0,0,0,0,0,0,0,0,0,0,0,0,1,0,0,0,0,0,0,0,0,0,0,0,0,0,0,0,3.0
2/3/20,0,0,0,0,0,0,0,0,0,0,0,0,0,0,0,0,0,0,1,0,0,0,0,0,0,0,0,0,0,1,0,0,0,0,2,0,0,0,0,0,0,0,2,0,0,0,0,0,0,0,0,0,0,0,0,0,0,0,6.0
2/4/20,0,0,0,0,0,0,0,0,0,0,0,0,0,0,0,0,0,0,1,0,0,0,0,0,0,0,0,0,0,1,0,0,0,0,2,0,0,0,0,0,0,0,2,0,0,0,0,0,0,0,0,0,0,0,0,0,0,0,6.0
2/5/20,0,0,0,0,0,0,0,0,0,0,0,0,0,0,0,0,0,0,1,0,0,0,0,0,0,0,0,0,0,1,0,0,0,0,2,0,0,0,0,0,0,0,2,0,0,0,0,0,0,0,0,0,0,0,0,0,0,0,6.0
2/6/20,0,0,0,0,0,0,0,0,0,0,0,0,0,0,0,0,0,0,1,0,0,0,0,0,0,0,0,0,0,1,0,0,0,0,2,0,0,0,0,0,0,0,2,0,0,0,0,0,0,0,0,0,0,0,0,0,0,0,6.0
2/7/20,0,0,0,0,0,0,0,0,0,0,0,0,0,0,0,0,0,0,1,0,0,0,0,0,0,0,0,0,0,1,0,0,0,0,2,0,0,0,0,0,0,0,2,0,0,0,0,0,0,0,0,0,0,0,0,0,0,0,6.0
2/8/20,0,0,0,0,0,0,0,0,0,0,0,0,0,0,0,0,0,0,1,0,0,0,0,0,0,0,0,0,0,1,0,0,0,0,2,0,0,0,0,0,0,0,2,0,0,0,0,0,0,0,0,0,0,0,0,0,0,0,6.0
2/9/20,0,0,0,0,0,0,0,0,0,0,0,0,0,0,0,0,0,0,1,0,0,0,0,0,0,0,0,0,0,1,0,0,0,0,2,0,0,0,0,0,0,0,2,0,0,0,0,0,0,0,0,0,0,0,0,0,0,0,6.0
2/10/20,0,0,0,0,0,0,0,0,0,0,0,0,0,0,0,0,0,0,1,0,0,0,0,0,0,0,0,0,0,1,0,0,0,0,2,0,0,0,0,0,0,0,2,0,0,0,0,0,0,0,0,0,0,0,0,0,0,0,6.0
2/11/20,0,0,0,0,0,0,0,0,0,0,0,0,0,0,0,0,0,0,1,0,0,0,0,0,0,0,0,0,0,1,0,0,0,0,2,0,1,0,0,0,0,0,2,0,0,0,0,0,0,0,0,0,0,0,0,0,0,0,7.0
2/12/20,0,0,0,0,0,0,0,0,0,0,0,0,0,0,0,0,0,0,1,0,0,0,0,0,0,0,0,0,0,1,0,0,0,0,2,0,1,0,0,0,0,0,2,0,0,0,0,0,0,0,0,0,0,0,0,0,0,0,7.0
2/13/20,0,0,0,0,0,0,0,0,0,0,0,0,0,0,0,0,0,0,1,0,0,0,0,0,0,0,0,0,0,1,0,0,0,0,2,0,2,0,0,0,0,0,2,0,0,0,0,0,0,0,0,0,0,0,0,0,0,0,8.0
2/14/20,0,0,0,0,0,0,0,0,0,0,0,0,0,0,0,0,0,0,1,0,0,0,0,0,0,0,0,0,0,1,0,0,0,0,2,0,2,0,0,0,0,0,2,0,0,0,0,0,0,0,0,0,0,0,0,0,0,0,8.0
2/15/20,0,0,0,0,0,0,0,0,0,0,0,0,0,0,0,0,0,0,1,0,0,0,0,0,0,0,0,0,0,1,0,0,0,0,2,0,2,0,0,0,0,0,2,0,0,0,0,0,0,0,0,0,0,0,0,0,0,0,8.0
2/16/20,0,0,0,0,0,0,0,0,0,0,0,0,0,0,0,0,0,0,1,0,0,0,0,0,0,0,0,0,0,1,0,0,0,0,2,0,2,0,0,0,0,0,2,0,0,0,0,0,0,0,0,0,0,0,0,0,0,0,8.0
2/17/20,0,0,0,0,0,0,0,0,0,0,0,0,0,0,0,0,0,0,1,0,0,0,0,0,0,0,0,0,0,1,0,0,0,0,2,0,2,0,0,0,0,0,2,0,0,0,0,0,0,0,0,0,0,0,0,0,0,0,8.0
2/18/20,0,0,0,0,0,0,0,0,0,0,0,0,0,0,0,0,0,0,1,0,0,0,0,0,0,0,0,0,0,1,0,0,0,0,2,0,2,0,0,0,0,0,2,0,0,0,0,0,0,0,0,0,0,0,0,0,0,0,8.0
2/19/20,0,0,0,0,0,0,0,0,0,0,0,0,0,0,0,0,0,0,1,0,0,0,0,0,0,0,0,0,0,1,0,0,0,0,2,0,2,0,0,0,0,0,2,0,0,0,0,0,0,0,0,0,0,0,0,0,0,0,8.0
2/20/20,0,0,0,0,0,0,0,0,0,0,0,0,0,0,0,0,0,0,1,0,0,0,0,0,0,0,0,0,0,1,0,0,0,0,2,0,2,0,0,0,0,0,2,0,0,0,0,0,0,0,0,0,0,0,0,0,0,0,8.0
2/21/20,0,0,0,0,0,0,0,0,0,0,0,1,0,0,0,0,0,0,1,0,0,0,0,0,0,0,0,0,0,1,0,0,0,1,2,0,2,0,0,0,0,0,2,0,0,0,0,0,0,0,0,0,0,0,0,0,0,0,10.0
2/22/20,0,0,0,0,0,0,0,0,0,0,0,1,0,0,0,0,0,0,1,0,0,0,0,0,0,0,0,0,0,1,0,0,0,1,2,0,2,0,0,0,0,0,2,0,0,0,0,0,0,0,0,0,0,0,0,0,0,0,10.0
2/23/20,0,0,0,0,0,0,0,0,0,0,0,1,0,0,0,0,0,0,1,0,0,0,0,0,0,0,0,0,0,1,0,0,0,1,2,0,2,0,0,0,0,0,2,0,0,0,0,0,0,0,0,0,0,0,0,0,0,0,10.0
2/24/20,0,0,0,0,0,0,0,0,0,0,0,1,0,0,0,0,0,0,1,0,0,0,0,0,0,0,0,0,0,1,0,0,0,1,2,0,2,0,0,0,0,0,2,0,0,0,0,0,0,0,0,0,0,0,0,0,0,0,10.0
2/25/20,0,0,0,0,0,0,0,0,0,0,0,1,0,0,0,0,0,0,1,0,0,0,0,0,0,0,0,0,0,1,0,0,0,1,2,0,2,0,0,0,0,0,2,0,0,0,0,0,0,0,0,0,0,0,0,0,0,0,10.0
2/26/20,0,0,0,0,0,0,0,0,0,0,0,1,0,0,0,0,0,0,1,0,0,0,0,0,0,0,0,0,0,1,0,0,0,1,2,0,2,0,0,0,0,0,2,0,0,0,0,0,0,0,0,0,0,0,0,0,0,0,10.0
2/27/20,0,0,0,0,0,0,0,0,0,0,0,1,0,0,0,0,0,0,1,0,0,0,0,0,0,0,0,0,0,1,0,0,0,2,2,0,2,0,0,0,0,0,2,0,0,0,0,0,0,0,0,0,0,0,0,0,0,0,11.0
2/28/20,0,0,0,0,0,0,0,0,0,0,0,1,0,0,0,0,0,0,1,0,0,0,0,0,0,0,0,0,0,1,0,0,0,2,2,0,2,0,0,0,0,0,2,0,0,0,0,0,0,0,0,0,0,0,0,0,0,0,11.0
2/29/20,0,0,0,0,0,0,0,0,0,0,0,1,0,0,0,0,0,0,1,0,0,0,0,0,0,0,0,0,0,1,0,0,0,2,2,0,2,0,0,0,0,0,3,0,0,0,0,0,0,0,0,0,0,0,0,0,0,0,12.0
3/1/20,0,0,0,0,0,0,0,0,0,0,0,1,0,0,0,0,0,0,1,0,0,0,0,0,0,0,0,0,0,1,0,0,0,2,2,0,2,0,0,0,0,0,3,0,0,0,0,0,0,0,0,0,0,0,0,0,0,0,12.0
3/2/20,0,0,0,0,0,0,0,0,0,0,0,1,0,0,0,0,0,0,1,0,0,0,0,0,0,0,0,0,0,1,1,0,0,2,2,0,2,0,0,0,1,0,9,0,0,0,0,0,1,0,0,0,0,0,0,0,0,0,21.0
3/3/20,1,0,0,0,0,0,0,0,0,0,0,1,0,0,0,0,0,0,1,0,0,0,0,0,0,0,0,0,0,1,1,0,0,2,2,0,2,0,0,0,2,0,11,0,0,0,0,0,1,0,0,0,0,0,0,0,0,0,25.0
3/4/20,1,0,0,0,0,0,1,0,0,0,0,1,0,0,0,0,0,0,7,0,0,0,0,0,0,0,0,0,0,3,2,0,0,2,2,0,2,0,0,0,2,0,11,0,0,0,0,0,1,0,0,0,0,0,0,0,0,0,35.0
3/5/20,1,0,0,0,0,0,1,0,0,0,0,1,0,0,0,0,0,0,11,0,0,0,0,0,0,0,0,0,0,3,2,0,0,2,2,0,3,2,0,0,2,0,20,0,0,0,0,0,1,0,0,0,0,0,0,0,0,0,51.0
3/6/20,1,0,0,0,0,0,3,0,0,0,0,1,0,0,0,0,0,0,13,0,0,0,0,0,0,0,0,0,0,3,5,0,0,2,2,0,3,2,0,0,2,0,20,0,0,0,0,0,1,0,0,0,0,0,0,0,1,0,59.0
3/7/20,2,0,0,0,0,0,3,0,0,0,0,1,0,0,0,0,0,0,14,1,0,0,0,0,0,0,0,0,0,3,5,0,0,2,2,0,3,9,0,0,2,0,32,0,0,0,0,0,1,0,0,0,0,0,0,0,1,0,81.0
3/8/20,2,0,0,0,0,0,9,0,0,1,0,1,0,0,0,0,0,0,14,1,0,0,0,0,0,0,0,0,0,3,5,0,1,2,2,0,3,9,0,0,2,0,38,0,0,0,0,0,1,0,0,0,0,0,0,0,1,0,95.0
3/9/20,2,0,0,0,0,0,9,0,0,1,0,1,0,0,0,0,0,0,14,1,0,0,0,0,0,0,0,0,0,4,7,0,1,2,2,0,3,9,0,0,2,0,38,0,1,0,0,0,3,0,0,0,0,0,0,0,1,0,101.0
3/10/20,3,0,0,0,0,0,9,0,0,1,0,1,0,0,0,0,0,0,20,1,1,0,0,0,0,0,0,1,0,5,7,0,4,10,2,0,3,14,0,0,8,0,43,2,1,0,0,3,3,0,0,0,0,0,0,1,1,0,144.0
3/11/20,5,0,0,0,2,0,10,0,0,2,0,1,0,0,0,0,0,0,27,1,1,0,0,0,0,0,0,1,0,5,7,0,6,11,2,0,3,14,1,0,15,0,48,2,1,0,0,6,3,2,0,0,0,0,0,1,1,0,178.0
3/12/20,5,0,0,0,2,0,17,0,0,2,0,1,2,0,0,0,0,0,32,1,3,0,0,0,0,0,0,0,0,6,7,0,8,17,2,0,5,18,1,0,20,0,52,4,1,0,0,6,3,2,0,0,0,1,0,2,1,0,221.0
3/13/20,7,0,0,0,2,0,25,0,0,1,0,1,2,0,0,0,0,0,40,1,3,0,0,0,0,0,0,0,0,9,4,0,8,17,2,0,8,23,6,0,20,0,79,7,1,0,0,6,3,2,0,0,0,1,0,2,1,0,281.0
3/14/20,11,0,0,0,2,0,29,0,0,1,0,1,2,0,0,0,0,0,53,1,5,0,0,0,0,0,0,0,0,14,7,0,14,29,3,0,10,28,8,0,32,0,95,7,1,0,0,6,1,2,0,0,0,2,0,5,2,0,371.0
3/15/20,11,0,0,0,2,0,29,0,0,1,0,1,2,0,0,0,0,0,53,1,5,0,0,0,0,0,0,0,0,14,5,0,14,29,3,0,16,28,8,1,32,0,91,7,1,0,0,6,2,2,0,0,0,2,0,5,2,0,373.0
3/16/20,18,0,0,0,2,0,34,0,0,2,0,1,2,0,0,0,0,0,94,1,9,0,0,0,0,0,0,0,1,17,5,0,15,33,3,1,55,40,8,3,41,1,138,9,1,0,0,7,5,3,0,0,0,2,0,4,2,0,557.0
3/17/20,27,0,0,0,2,0,39,0,0,2,0,1,2,0,1,0,0,0,144,1,11,0,0,0,0,0,2,0,1,22,5,0,15,40,3,2,55,43,13,3,64,2,155,13,1,0,0,7,4,3,0,0,0,3,0,10,4,0,700.0
3/18/20,30,0,0,0,2,0,39,0,0,2,0,1,2,0,1,0,0,0,190,1,15,0,0,0,0,0,2,0,1,29,9,0,16,40,3,3,60,51,14,7,80,2,175,13,1,0,0,8,8,5,0,0,0,4,0,13,4,0,831.0
3/19/20,38,0,0,0,2,0,41,0,0,3,0,1,2,0,3,0,0,0,231,1,15,0,1,0,0,0,4,0,1,53,9,0,22,45,3,5,80,70,17,13,89,8,189,14,1,0,0,8,6,5,0,0,0,7,0,17,5,0,1009.0
3/20/20,48,0,0,0,2,0,46,0,0,6,0,1,4,0,4,0,0,0,292,3,38,0,1,0,0,0,5,0,1,65,9,0,28,53,5,9,127,76,25,16,100,9,196,15,1,0,0,13,9,5,0,0,0,7,0,19,5,0,1243.0
3/21/20,68,0,1,0,2,0,51,0,0,6,0,1,4,0,5,0,0,0,292,3,38,0,1,0,0,1,11,0,1,78,9,0,28,53,5,10,127,84,31,21,110,9,263,15,1,0,0,13,22,5,0,0,0,11,0,26,6,0,1412.0
3/22/20,71,0,1,1,2,0,61,0,0,6,0,2,6,0,5,0,0,0,407,3,38,0,1,0,0,1,11,1,1,95,12,0,29,53,5,17,155,108,31,27,117,13,263,15,1,0,2,13,22,5,0,0,0,12,0,30,6,2,1651.0
3/23/20,118,0,1,2,2,0,71,0,2,6,0,2,6,0,12,0,0,0,536,3,38,0,1,1,0,1,14,2,2,125,12,0,46,88,6,17,201,131,41,27,142,18,302,22,2,0,2,14,29,8,0,0,0,16,0,35,6,3,2113.0
3/24/20,135,0,2,2,2,0,86,0,2,13,0,4,6,0,13,0,0,0,662,6,47,0,2,1,0,1,20,2,3,152,20,0,57,88,6,31,226,152,51,42,161,18,375,22,2,0,2,21,29,11,0,0,0,17,0,39,8,3,2542.0
3/25/20,135,0,2,4,2,0,108,0,3,18,0,5,9,1,15,0,0,0,812,6,53,0,2,2,0,4,24,2,4,187,30,0,68,113,7,38,238,178,68,46,165,24,459,24,3,0,3,24,34,12,0,0,0,17,0,50,10,0,3009.0
3/26/20,178,0,2,5,3,0,131,0,3,19,0,10,9,2,29,0,0,0,1229,7,60,0,2,2,0,4,24,6,7,256,30,0,105,113,9,54,293,223,71,54,195,26,542,25,3,0,3,31,37,13,2,0,0,18,0,61,11,3,3910.0
3/27/20,220,0,2,5,3,0,147,0,9,27,0,12,17,3,33,0,0,0,1465,10,65,0,2,4,0,6,24,6,8,321,30,0,149,164,13,54,341,279,90,59,239,32,574,32,3,0,3,34,44,17,2,0,0,20,0,83,13,3,4667.0
3/28/20,220,0,2,5,3,1,168,0,12,31,0,14,21,5,47,2,0,0,1465,11,68,0,2,7,0,8,32,9,12,403,41,0,183,164,14,76,413,308,93,67,274,47,591,34,3,0,3,34,50,23,3,0,0,24,0,98,16,3,5110.0
3/29/20,270,0,2,5,3,1,168,0,12,43,1,18,25,8,51,2,0,0,1829,15,74,0,3,8,0,11,36,10,12,431,53,0,195,164,14,76,484,340,113,67,277,64,646,41,4,0,3,34,58,29,6,0,0,29,0,109,16,3,5863.0
3/30/20,283,0,2,5,3,1,187,0,12,43,1,18,25,8,60,2,0,0,2474,18,93,0,4,9,0,13,36,14,17,464,53,0,291,224,14,111,515,374,123,71,309,68,848,44,4,0,4,34,58,31,6,0,0,35,0,126,16,4,7155.0
3/31/20,313,0,2,8,3,1,212,0,15,53,2,21,33,8,83,3,0,0,3019,21,99,0,4,10,0,13,40,14,21,502,57,0,371,224,17,125,603,397,136,80,309,88,890,45,6,0,3,43,73,33,9,0,0,43,2,149,24,6,8233.0
4/1/20,313,1,2,8,3,1,249,0,18,68,2,27,38,9,110,4,0,0,3518,23,107,0,4,10,0,13,42,15,26,606,78,1,371,224,21,183,733,434,151,80,388,99,956,49,7,0,3,49,78,39,10,0,0,45,2,160,25,7,9410.0
4/2/20,359,1,3,9,3,1,250,0,18,82,2,28,43,9,142,5,0,0,4045,25,108,0,4,12,0,18,48,18,26,656,90,1,493,314,23,254,849,450,173,89,453,111,1019,54,7,0,3,54,91,44,14,0,0,74,2,177,28,8,10790.0
4/3/20,443,1,3,10,3,1,307,1,19,94,2,37,52,10,173,5,0,0,4566,28,118,0,4,16,0,18,53,18,30,711,97,1,493,390,23,304,966,497,180,93,486,139,1019,57,11,0,3,61,95,51,14,0,0,81,2,189,33,8,12016.0
4/4/20,443,1,3,11,4,2,307,2,22,100,2,44,55,10,210,5,0,0,4605,28,131,0,4,16,0,19,57,20,31,786,97,2,638,390,23,353,1112,529,185,93,538,152,1148,59,12,0,3,73,105,58,16,1,0,81,2,203,37,9,12837.0
4/5/20,566,1,0,11,4,2,386,2,22,103,2,44,57,11,230,5,0,0,5955,28,137,0,4,27,0,19,62,20,31,834,103,3,799,442,23,372,1209,568,191,95,555,168,1207,69,17,0,3,73,107,65,16,1,0,116,2,221,37,9,15034.0
4/6/20,588,1,3,11,5,2,417,2,22,108,2,44,65,11,239,5,1,0,6377,28,141,0,4,29,0,19,62,22,32,882,106,3,946,462,23,373,1326,583,206,95,579,174,1207,69,20,0,4,73,111,71,16,1,0,135,2,226,37,11,15981.0
4/7/20,634,1,3,12,5,2,442,2,22,124,2,49,68,11,252,5,1,0,6936,28,143,0,4,29,0,19,62,22,32,931,106,3,1016,525,23,530,1404,622,217,95,589,192,1285,76,21,0,4,88,111,81,16,1,0,157,2,243,50,11,17309.0
4/8/20,674,1,3,13,5,3,462,2,28,146,2,50,73,11,271,5,2,0,7559,28,148,0,4,34,0,19,64,25,34,1016,117,3,1179,580,33,547,1454,676,223,99,617,218,1380,76,23,0,4,99,120,90,19,1,0,157,1,263,56,13,18730.0
4/9/20,674,1,3,13,5,3,484,2,29,156,2,50,75,11,303,8,3,0,7955,28,149,0,4,40,0,20,69,25,34,1079,117,3,1280,580,33,641,1530,724,237,102,633,228,1380,76,24,0,4,112,136,95,20,1,0,168,1,274,67,15,19706.0
4/10/20,766,1,7,13,8,3,511,2,30,173,3,50,79,12,337,8,4,0,8443,30,154,0,4,52,0,20,71,32,34,1138,123,3,1350,653,34,729,1628,797,253,104,638,243,1442,80,24,0,5,115,142,103,37,1,0,203,1,298,71,15,21077.0
4/11/20,806,2,7,14,8,3,530,2,32,191,3,50,79,12,371,9,4,0,8453,32,154,0,4,59,0,21,79,32,34,1221,123,4,1431,653,35,810,1693,857,257,110,652,260,1484,80,24,0,5,121,145,116,37,1,0,203,1,309,75,15,21713.0
4/12/20,845,2,7,14,8,3,539,2,32,201,3,50,87,12,396,10,4,0,8894,32,153,0,4,65,0,21,82,34,34,1277,124,4,1619,707,35,810,1761,872,266,114,652,264,1566,88,24,0,5,121,145,121,37,1,0,227,1,314,88,15,22792.0
4/13/20,888,2,7,14,8,3,552,2,32,201,3,50,87,12,436,10,4,0,9433,33,164,0,4,65,0,23,87,34,34,1283,127,4,1619,739,35,887,1804,957,293,117,701,267,1666,91,24,0,5,121,147,131,37,1,0,264,1,317,93,15,23934.0
4/14/20,888,2,7,15,9,3,552,2,34,222,4,50,100,12,462,12,4,0,10047,33,170,0,4,74,0,23,87,38,34,1299,128,4,1961,816,39,977,1847,987,314,117,721,284,1666,91,25,0,5,135,152,146,23,1,0,296,1,350,101,15,25389.0
4/15/20,964,2,7,16,9,3,615,2,35,251,4,51,117,17,533,13,5,0,10517,33,171,0,4,76,0,23,100,38,34,1376,129,4,1961,853,39,977,1930,1013,341,120,747,313,1793,96,25,0,5,140,160,163,24,1,0,352,2,365,102,15,26686.0
4/16/20,1007,2,7,16,11,3,631,2,35,265,4,52,127,17,565,13,6,0,10854,33,184,0,4,79,0,23,108,39,34,1425,130,4,2105,879,41,996,2012,1019,365,125,767,334,1833,96,25,0,5,141,163,177,24,1,0,372,2,384,116,15,27677.0
4/17/20,1063,2,7,16,11,3,648,2,36,295,4,52,143,17,578,18,6,0,11400,33,187,0,4,82,0,23,119,44,34,1501,130,4,2457,896,44,1032,2087,1058,371,127,797,354,1870,98,26,0,5,169,172,187,24,1,0,382,2,396,125,15,29157.0
4/18/20,1114,2,7,16,12,3,685,2,36,311,4,52,155,18,610,20,6,0,12021,33,187,0,5,86,0,23,119,47,36,1556,131,4,2457,914,44,1219,2158,1137,400,131,838,373,1870,101,26,0,5,169,180,206,25,1,0,397,2,416,126,15,30511.0
4/19/20,1164,2,7,16,12,3,693,2,36,315,4,52,155,18,623,28,6,0,12341,34,189,0,5,90,0,23,136,47,36,1636,132,4,2638,925,44,1286,2213,1157,415,132,838,385,1870,104,26,0,5,169,180,221,25,1,0,411,2,422,137,16,31431.0
4/20/20,1193,1,7,16,12,3,707,2,36,315,4,52,160,18,643,30,6,0,13823,34,195,0,5,90,0,24,141,48,36,1676,132,4,2847,940,44,1406,2268,1216,428,132,920,394,1922,106,26,0,5,180,181,226,26,1,0,422,2,428,137,16,33686.0
4/21/20,1241,1,7,16,12,3,749,2,38,351,4,52,175,18,671,32,6,0,15153,36,199,0,5,92,0,24,148,48,38,1691,133,4,2847,954,44,1489,2325,1231,449,134,935,416,1922,108,26,0,5,180,182,232,26,1,0,422,2,443,142,16,35480.0
4/22/20,1242,2,8,16,12,3,763,2,39,371,4,52,195,19,683,32,6,0,16447,36,200,0,5,93,0,24,150,54,38,1753,133,4,2960,971,45,1489,2491,1233,460,134,958,429,1962,111,26,0,5,181,192,236,26,1,0,441,2,451,146,16,37352.0
4/23/20,1352,2,8,16,13,3,770,2,40,419,5,52,232,19,699,35,6,0,17537,39,209,0,5,100,0,24,154,57,36,1827,136,4,3218,987,47,1608,2643,1302,487,149,966,451,1987,114,28,0,5,191,194,251,44,1,0,453,2,465,151,16,39561.0
4/24/20,1403,2,8,16,13,3,786,2,42,443,5,53,251,19,735,47,6,0,18545,39,212,0,11,102,0,24,169,58,37,1845,139,4,3315,1019,47,1666,2826,1340,495,163,989,460,2018,115,30,0,5,199,217,264,44,1,0,472,2,476,157,16,41355.0
4/25/20,1439,2,8,16,13,3,805,2,42,443,5,53,251,19,755,47,6,0,19133,39,212,0,11,102,0,24,169,60,37,1969,139,4,3315,1019,47,1666,2943,1354,505,165,1019,469,2040,115,30,0,5,199,217,264,44,1,0,491,3,476,157,16,42368.0
4/26/20,1470,2,8,16,13,3,817,3,42,458,5,53,251,19,809,52,6,0,19567,40,223,0,11,103,0,24,183,60,37,2074,141,4,3563,1037,47,1732,2943,1408,512,166,1019,469,2084,120,30,0,5,199,218,286,45,1,0,504,3,497,161,16,43559.0
4/27/20,1500,2,8,16,13,3,820,3,42,458,5,53,281,19,828,67,6,0,20423,41,224,0,11,108,0,24,183,64,37,2126,143,4,3643,1045,47,1772,3043,1424,528,169,1080,471,2105,124,30,0,5,199,220,294,45,1,0,532,3,503,161,16,44972.0
4/28/20,1533,2,8,16,13,3,842,3,44,498,5,53,284,19,847,71,6,0,20996,44,224,1,11,116,0,26,185,66,39,2151,145,4,3735,1053,48,1827,3141,1468,529,173,1099,473,2122,125,30,0,5,249,222,312,29,1,0,578,4,508,162,16,46164.0
4/29/20,1568,2,8,16,13,3,862,3,44,538,5,54,319,19,866,79,6,0,22485,46,226,1,12,118,0,26,191,67,41,2252,145,4,3942,1068,50,1928,3432,1490,540,181,1136,485,2134,127,31,0,5,254,228,339,30,1,0,626,4,517,163,17,48747.0
4/30/20,1603,2,8,16,13,3,891,3,44,538,5,54,319,19,893,96,6,0,23220,46,235,3,12,125,0,26,206,67,41,2393,147,4,4031,1077,50,2058,3432,1499,543,184,1177,485,2163,131,31,0,5,263,232,339,30,1,0,640,4,535,164,18,50130.0
5/1/20,1636,2,8,16,13,3,907,3,47,615,5,54,333,19,939,123,7,0,24262,46,237,13,12,134,0,26,213,68,41,2537,150,4,4079,1090,51,2113,3564,1523,557,188,1197,506,2179,132,31,0,5,266,244,380,31,1,0,680,4,544,169,19,52026.0
5/2/20,1706,2,8,16,13,3,934,3,47,615,5,54,358,19,969,146,7,0,24894,46,239,13,12,140,0,26,222,70,41,2636,159,4,4079,1107,51,2182,3711,1543,560,196,1233,506,2205,134,31,0,5,266,248,380,31,1,0,720,4,559,169,19,53347.0
5/3/20,1749,2,8,16,13,3,945,3,47,633,5,54,358,19,1005,158,7,0,25699,51,240,13,12,140,0,26,235,70,41,2743,159,4,4180,1117,51,2182,3927,1602,570,201,1233,514,2231,137,31,0,5,266,252,411,31,1,0,743,4,566,171,19,54903.0
5/4/20,1776,2,8,17,13,3,947,3,47,633,5,54,368,19,1016,172,7,0,26225,51,240,14,12,143,0,26,235,74,41,2819,162,4,4354,1127,51,2182,3927,1624,574,202,1281,514,2244,137,31,0,5,267,257,411,31,1,0,757,4,577,171,19,55884.0
5/5/20,1809,2,8,17,13,3,969,3,53,672,5,54,400,19,1045,198,8,0,27836,54,241,14,12,147,0,26,237,75,41,2873,162,4,4454,1133,52,2329,4020,1728,578,204,1315,526,2255,138,31,0,5,320,261,428,31,1,0,858,4,595,171,19,58456.0
5/6/20,1863,2,8,18,13,3,985,3,54,777,5,55,419,19,1073,233,8,0,28665,55,247,15,12,152,0,27,241,78,41,3004,163,4,4672,1142,53,2432,4319,1754,579,208,1341,613,2268,138,31,0,5,337,272,461,31,1,0,916,2,608,172,19,60616.0
5/7/20,1917,2,8,18,13,3,999,3,54,777,5,55,455,19,1133,233,8,0,29511,55,247,15,12,155,0,28,247,78,41,3092,165,4,4756,1153,53,2562,4319,1806,581,211,1377,613,2281,139,31,0,5,337,286,461,31,1,0,969,2,631,172,19,62148.0
5/8/20,1961,2,8,18,13,3,1014,3,54,813,6,55,512,19,1166,244,8,0,30319,62,255,15,12,157,0,28,250,78,41,3240,165,4,4756,1160,54,2629,4429,1853,597,211,1397,722,2290,140,31,0,5,342,292,476,31,1,0,1013,2,652,172,20,63800.0
5/9/20,2023,2,8,18,13,3,1036,3,54,841,6,55,512,19,1228,265,8,0,31241,66,257,15,12,163,0,29,267,78,41,3380,168,4,4992,1165,55,2902,4662,1891,605,214,1425,1250,2307,141,31,0,5,351,300,488,32,1,1,1079,2,666,172,20,66572.0
5/10/20,2064,2,8,18,13,3,1048,3,54,885,6,57,512,19,1254,275,8,0,31703,67,259,15,12,163,0,29,279,79,41,3502,169,4,4992,1167,55,2902,4776,1943,612,220,1425,1250,2339,141,31,0,5,351,309,496,33,1,1,1140,2,666,172,20,67600.0
5/11/20,2101,2,8,20,13,3,1048,3,56,945,6,61,564,19,1286,319,8,0,32263,67,265,15,12,173,0,32,279,79,41,3557,170,4,5189,1173,56,3015,5065,1954,621,226,1464,1362,2341,141,32,0,5,379,309,508,34,1,1,1159,2,678,174,21,69329.0
5/12/20,2133,2,8,20,13,3,1066,3,60,984,6,64,603,19,1316,319,8,0,33211,69,271,15,12,177,0,32,299,81,41,3602,170,4,5248,1181,58,3078,5161,1977,629,227,1497,1371,2362,146,32,0,5,388,312,517,34,1,2,1241,2,700,177,23,70980.0
5/13/20,2178,2,9,20,13,3,1080,4,60,984,6,64,647,19,1343,325,8,0,34538,69,271,15,12,180,0,33,299,81,41,3749,170,4,5248,1183,58,3153,5161,1994,638,232,1515,1371,2364,146,32,0,5,388,333,517,35,1,2,1268,2,725,177,23,72798.0
5/14/20,2234,2,9,22,13,3,1089,4,62,1074,9,68,712,19,1393,348,8,0,35392,69,279,15,13,189,0,33,308,83,41,3968,172,4,5440,1194,59,3198,5391,1999,644,237,1536,1387,2391,149,33,0,5,408,337,537,37,1,1,1295,2,748,182,25,74871.0
5/15/20,2367,2,9,22,13,3,1100,4,64,1074,9,68,786,19,1428,358,8,0,36316,69,279,15,13,189,0,33,317,83,41,4125,174,4,5618,1211,59,3311,5391,2026,659,240,1575,1387,2391,149,33,0,5,408,351,537,37,1,1,1338,2,764,182,25,76693.0
5/16/20,2351,2,9,22,13,3,1121,4,64,1156,9,72,786,19,1473,372,8,0,37360,70,299,15,13,200,0,33,322,90,41,4222,174,4,5618,1222,60,3463,5662,2054,670,243,1602,1418,2418,157,33,0,5,410,364,559,37,2,1,1426,2,764,183,25,78725.0
5/17/20,2392,2,9,22,13,3,1146,8,64,1192,9,77,786,19,1515,399,8,0,38011,71,317,15,14,200,0,34,341,90,41,4376,175,4,5618,1237,61,3511,5836,2091,689,243,1602,1474,2453,159,34,0,5,410,373,571,38,2,1,1430,2,764,184,25,80166.0
5/18/20,2457,2,10,24,13,3,1155,8,67,1192,9,77,876,19,1537,399,10,0,38458,71,317,15,14,216,0,34,341,92,41,4434,175,4,5952,1245,61,3593,5836,2131,699,246,1671,1474,2453,163,34,0,6,410,387,571,40,2,1,1436,2,825,184,26,81518.0
5/19/20,2522,2,10,26,13,3,1192,13,67,1287,12,86,902,19,1571,416,11,0,39573,81,336,15,14,222,0,34,349,92,41,4500,177,4,6053,1250,63,3707,6026,2179,709,247,1687,1517,2483,165,34,0,6,430,391,593,40,2,1,1539,2,837,185,28,83764.0
5/20/20,2560,2,10,30,13,4,1209,15,67,1338,12,88,985,19,1605,416,12,0,40895,82,343,15,15,226,0,34,349,94,41,4742,176,4,6184,1255,64,3795,6140,2185,716,249,1697,1520,2492,168,34,0,6,435,411,598,40,2,1,1552,2,858,185,28,86018.0
5/21/20,2609,2,10,31,13,4,1234,15,67,1338,12,88,1076,19,1644,457,12,0,42037,82,343,15,15,234,0,34,355,95,41,4841,176,4,6343,1266,64,3984,6140,2198,733,251,1738,1520,2492,174,34,0,6,435,433,598,40,2,1,1603,2,883,185,28,88056.0
5/22/20,2708,2,10,34,13,5,1259,20,67,1372,12,88,1076,19,1695,488,12,0,43070,83,352,15,21,251,0,34,362,96,41,4941,184,4,6464,1272,66,4146,6315,2320,752,253,1783,1540,2492,186,34,1,6,449,444,611,40,3,1,1641,2,912,186,28,90281.0
5/23/20,2760,2,10,34,13,5,1296,23,74,1417,12,93,1145,19,1757,506,12,2,44121,82,369,15,21,251,0,34,371,101,41,5157,185,4,6464,1289,69,4315,6559,2350,752,259,1833,1551,2571,192,36,1,6,455,467,621,40,3,1,1641,2,937,190,28,92564.0
5/24/20,2847,2,10,34,13,5,1321,23,74,1448,12,93,1145,19,1824,517,12,2,45017,84,388,15,21,251,0,34,395,101,41,5336,184,4,6464,1293,70,4365,6559,2367,752,258,1833,1551,2617,192,36,1,6,455,482,629,40,3,1,1641,3,961,190,28,94069.0
5/25/20,2874,2,10,34,13,5,1336,37,78,1482,12,93,1274,19,1871,647,12,4,46023,84,403,15,21,261,0,34,413,101,41,5469,185,4,7004,1302,72,4365,6701,2386,752,259,1833,1551,2652,200,36,1,6,455,500,646,40,3,1,1641,3,982,194,28,96470.0
5/26/20,2986,2,10,40,14,5,1353,40,78,1482,12,94,1352,19,1876,688,14,4,47845,85,417,16,22,268,0,34,429,109,41,5578,188,4,7139,1310,76,4567,6797,2399,771,263,1904,1551,2675,200,36,1,6,455,515,659,42,3,1,1771,3,1017,198,28,99492.0
5/27/20,3049,2,10,40,15,5,1375,40,80,1535,13,98,1352,19,1941,698,19,4,48761,90,420,16,23,273,0,35,429,109,41,5646,194,4,7139,1319,76,4567,6882,2408,771,263,1963,1604,2688,205,37,1,6,499,524,670,42,4,1,1796,4,1038,200,28,101071.0
5/28/20,3097,2,10,40,15,5,1384,44,84,1658,14,98,1443,19,2007,704,23,5,49860,94,436,16,25,280,0,35,469,111,41,5744,196,4,7341,1349,85,4914,7100,2437,842,268,2022,1636,2701,206,37,1,6,509,530,683,42,4,1,1835,4,1062,207,28,103813.0
5/29/20,3195,2,10,44,15,5,1404,44,84,1658,14,98,1634,20,2076,714,23,5,51678,98,436,16,30,280,0,35,477,111,41,5923,199,4,7486,1373,85,5034,7100,2473,858,269,2061,1636,2707,206,37,1,7,509,531,683,42,4,1,1844,4,1078,207,29,106638.0
5/30/20,3289,2,10,44,15,5,1426,45,90,1714,16,99,1634,20,2145,735,21,5,53746,104,450,16,30,283,0,35,509,112,41,6100,214,4,7486,1400,87,5200,7385,2532,858,269,2104,1649,2731,212,37,1,7,517,548,699,43,4,1,1844,4,1078,210,30,109895.0
5/31/20,3390,2,19,44,15,5,1450,45,90,1743,16,101,1634,20,2250,746,21,5,55001,106,483,16,30,283,0,37,530,112,41,6261,215,4,7486,1400,87,5246,7481,2588,858,269,2104,1649,2776,213,39,1,7,517,553,744,46,4,1,1844,4,1078,211,30,111951.0
6/1/20,3470,2,10,51,15,7,1468,46,96,1743,16,101,1751,20,2322,1122,21,5,56011,106,483,16,30,283,0,37,545,113,41,6474,217,4,7982,1429,87,5355,7481,2570,908,271,2165,1649,2776,217,39,1,7,517,564,744,46,4,1,1897,4,1152,211,30,114733.0
6/2/20,3515,2,10,51,15,7,1506,46,96,1882,17,102,1798,20,2376,1137,26,5,57219,114,501,16,30,301,0,37,571,113,42,6574,228,4,8155,1439,88,5501,7554,2587,982,278,2188,1669,2819,217,39,1,8,546,566,750,46,5,1,2004,4,1164,213,30,117215.0
6/3/20,3548,2,10,55,15,7,1513,47,96,1914,17,103,2025,20,2418,1168,30,5,58261,117,506,16,30,310,0,37,586,124,48,6678,240,4,8155,1463,90,5650,7674,2613,1080,279,2212,1697,2832,219,40,1,9,547,579,767,46,6,1,2026,4,1190,213,31,119374.0
6/4/20,3641,2,10,60,16,7,1547,47,98,1944,17,104,2493,20,2462,1187,30,5,59692,129,525,16,33,310,0,37,621,126,49,6783,259,4,8303,1490,96,5650,7798,2644,1024,288,2244,1714,2850,219,40,1,9,559,593,792,48,6,1,2083,5,1216,216,31,122194.0
6/5/20,3725,2,10,65,19,7,1577,47,102,2014,17,104,2568,20,2534,1452,30,6,61068,141,530,16,33,320,0,37,640,129,49,7064,265,4,8777,1519,102,5930,7940,2698,1050,291,2299,1737,2892,221,42,1,9,565,610,816,51,7,2,2116,5,1261,216,31,125783.0
6/6/20,3805,2,10,65,19,7,1633,47,106,2080,18,104,2568,22,2650,1483,30,6,62382,155,551,16,33,334,0,37,667,141,50,7321,275,4,8777,1537,105,6040,8345,2712,1118,291,2330,1787,2920,226,42,1,9,566,624,840,55,8,2,2116,7,1274,221,32,128606.0
6/7/20,3805,2,10,65,19,7,1668,47,106,2122,18,104,2568,22,2720,1492,30,6,63844,163,571,16,33,334,0,37,732,141,50,7440,284,4,8777,1569,105,6040,8345,2747,1161,291,2330,1787,2942,231,42,1,12,566,642,865,55,8,2,2116,7,1303,221,32,130657.0
6/8/20,3945,2,10,68,19,7,1706,47,109,2122,19,105,3013,22,2794,1538,30,8,64690,172,589,16,36,334,0,38,751,153,50,7527,294,4,9206,1588,107,6247,8619,2779,1195,299,2394,1817,2973,234,46,1,12,590,653,937,65,9,2,2220,7,1341,225,32,133816.0
6/9/20,3985,2,10,71,19,7,1774,47,111,2216,19,105,3133,22,2870,1576,30,8,65945,172,635,16,36,367,0,38,763,157,50,7614,304,4,9590,1624,109,6417,8619,2793,1259,302,2437,1817,3017,235,46,1,13,590,664,937,65,11,2,2381,7,1381,226,32,136681.0
6/10/20,4033,2,10,73,21,7,1798,47,111,2318,23,105,3386,22,2942,1637,30,9,67111,178,635,16,36,387,0,38,791,161,50,7737,314,4,9911,1642,109,6593,8837,2809,1309,306,2475,1864,3032,239,47,1,14,617,671,1023,67,12,2,2432,7,1404,227,33,139715.0
6/11/20,4232,2,10,73,25,7,1829,47,111,2395,23,105,3405,22,3016,1688,31,9,68959,188,651,16,36,391,0,37,814,163,52,7987,327,4,10240,1670,109,6742,8998,2840,1388,317,2494,1910,3063,249,48,1,14,643,680,1072,69,12,2,2475,8,1466,240,34,143439.0
6/12/20,4216,2,10,74,25,7,1877,47,113,2395,24,105,3724,22,3130,1724,32,9,70529,188,664,16,38,391,0,37,865,168,52,8153,344,4,10490,1704,112,6976,8998,2878,1444,324,2533,1910,3117,254,48,1,14,643,701,1072,69,20,2,2564,8,1518,240,34,146659.0
6/13/20,4217,2,10,74,26,7,1921,47,113,2547,24,106,4157,23,3195,1759,32,9,72057,198,697,16,38,409,0,37,899,183,52,8269,358,4,10490,1716,121,7161,9314,2906,1547,324,2533,1971,3157,255,49,1,15,657,722,1110,83,21,2,2564,8,1534,252,35,150034.0
6/14/20,4320,2,10,74,26,7,1959,47,113,2547,24,106,4157,23,3281,1759,32,9,73018,198,730,16,38,409,0,37,949,183,52,8573,372,4,10490,1753,125,7359,9440,2928,1652,324,2553,1971,3197,257,50,1,16,657,752,1212,86,21,2,2564,9,1567,253,35,152349.0
6/15/20,4373,2,11,82,26,7,1983,47,117,2706,32,106,4298,24,3367,1831,34,9,73832,226,751,17,38,409,0,37,995,190,55,8759,390,5,11285,1794,129,7515,9610,2952,1716,347,2594,2069,3230,257,51,1,18,685,758,1242,88,27,2,2664,9,1633,255,36,155726.0
6/16/20,4481,2,12,88,26,7,2026,48,118,2788,34,107,4389,24,3452,1831,34,9,75162,250,772,17,47,470,0,37,1015,199,57,8999,411,5,11694,1825,129,7796,9730,2971,1749,356,2625,2115,3254,260,51,1,20,687,765,1267,89,28,2,2664,9,1655,265,37,158961.0
6/17/20,4533,2,12,90,26,7,2071,48,121,2788,34,107,4478,24,3512,1870,34,9,77260,275,842,18,47,470,0,37,1075,202,57,9197,432,5,11951,1892,140,8014,9730,2982,1888,376,2653,2115,3288,269,51,1,20,687,774,1267,89,28,2,2881,9,1706,265,37,162798.0
6/18/20,4638,2,12,90,26,7,2111,48,125,3058,42,108,4659,24,3590,1976,34,9,78348,295,861,18,54,538,0,37,1121,206,71,9292,460,6,12467,1940,153,8454,10092,3020,1927,389,2678,2253,3363,273,62,1,21,811,803,1322,97,32,2,3004,9,1753,302,39,167133.0
6/19/20,4702,2,12,94,28,7,2148,48,130,3187,42,108,4744,24,3706,2057,34,9,79655,314,917,18,54,564,0,37,1156,216,75,9576,476,6,12778,1976,161,8714,10350,3057,1926,404,2721,2319,3398,283,76,1,21,860,822,1473,99,34,2,3046,9,1835,310,41,170862.0
6/20/20,4924,2,13,94,28,7,2240,48,130,3245,42,110,4800,24,3793,2057,35,9,81709,314,1030,18,54,564,0,37,1181,224,75,9988,490,6,12778,2069,164,8959,10484,3058,2519,404,2721,2319,3458,286,80,1,22,860,835,1514,101,34,2,3046,10,1865,321,42,175243.0
6/21/20,4924,2,13,94,28,7,2294,48,130,3245,42,110,4800,24,3890,2091,35,11,83414,314,1110,18,54,616,0,37,1225,224,75,10422,502,6,12778,2160,170,9156,10794,3058,2519,404,2721,2319,3547,296,81,1,23,860,853,1599,101,34,2,3046,12,1946,330,42,178657.0
6/22/20,5007,2,22,111,28,7,2369,48,145,3485,42,112,4800,25,3965,2158,40,11,86017,334,1250,18,62,661,0,40,1291,239,82,10595,519,6,13800,2243,181,9361,11096,3185,2400,442,2825,2446,3606,296,86,1,24,933,885,1639,161,53,2,3177,12,2030,347,43,184765.0
6/23/20,5267,2,16,119,29,11,2454,49,150,3672,66,113,5270,27,4049,2158,41,15,88512,359,1349,21,62,710,0,40,1341,239,92,10737,534,6,14431,2374,185,10010,11294,3219,2560,453,2901,2509,3727,322,88,1,25,1020,935,1714,125,54,2,3434,14,2161,366,43,191477.0
6/24/20,5275,2,19,127,29,14,2523,49,153,3892,74,122,5549,27,4108,2234,41,15,89633,370,1470,21,72,741,0,40,1397,251,92,11016,556,7,14905,2440,191,10407,11626,3249,2742,473,2961,2590,3832,330,92,1,26,1064,956,1789,127,59,2,3533,15,2260,386,49,196024.0
6/25/20,5382,2,20,133,29,16,2576,49,158,4053,87,127,5744,27,4182,2284,42,89,91577,383,1573,22,74,791,0,40,1416,258,101,11511,579,7,15142,2512,194,10769,11961,3297,2884,489,2996,2631,3888,337,96,1,26,1094,974,1871,140,62,2,3646,22,2287,408,51,201112.0
6/26/20,5493,2,20,143,32,17,2676,49,158,4374,87,129,5838,29,4300,2298,42,172,93391,415,1636,23,76,824,0,40,1429,270,108,11960,593,7,15643,2666,198,11290,12401,3400,3031,508,3049,2742,3984,344,97,1,26,1118,1006,1940,147,62,2,3705,22,2336,438,57,206844.0
6/27/20,5493,2,20,143,32,17,2688,50,158,4474,87,129,6041,27,4340,2318,45,220,95385,415,1746,23,76,824,0,40,1444,270,108,12462,611,7,15643,2666,205,11290,12837,3468,3093,508,3083,2712,3984,349,101,1,27,1118,1006,2000,152,62,2,3705,22,2444,458,61,210692.0
6/28/20,5670,2,21,143,32,17,2802,50,158,4474,87,129,6041,30,4478,2318,51,220,97918,415,1936,23,76,824,0,40,1548,270,108,12608,627,7,15643,2776,205,11501,13334,3512,3093,508,3083,2712,4162,349,105,1,27,1118,1092,2115,160,62,2,3705,28,2527,479,65,215487.0
6/29/20,5762,2,22,168,32,35,2971,50,178,4811,103,133,6187,31,4548,2394,56,229,100958,488,2210,25,76,824,0,41,1605,310,113,13064,643,8,16634,3004,213,11797,13832,3561,3291,567,3141,2896,4265,349,112,1,28,1126,1118,2165,176,75,2,3872,28,2740,505,71,223646.0
6/30/20,5964,2,22,168,32,46,3132,50,178,4811,103,133,6242,31,4655,2394,60,229,103850,488,2210,26,78,979,0,42,1642,317,113,13843,684,9,17296,3223,213,12550,14149,3603,3856,611,3232,2896,4370,379,112,1,28,1126,1136,2165,176,75,2,4156,28,2926,505,71,231418.0
7/1/20,6156,2,24,189,40,59,3248,51,198,5289,115,133,6523,32,4768,2504,79,233,105665,541,2394,27,85,1131,0,42,1691,333,117,14413,724,10,18041,3397,239,12746,14623,3648,3914,642,3311,2896,4572,399,129,1,31,1402,1185,2310,197,82,2,4323,30,3096,555,94,238681.0
7/2/20,6384,2,26,206,53,70,3326,51,206,5626,122,138,6824,32,4939,2583,85,234,107792,566,2446,27,85,1208,0,41,1748,344,123,15065,754,11,18720,3559,257,13152,15207,3719,4298,675,3376,3261,4750,410,135,1,31,1476,1229,2391,206,88,2,4521,43,3240,583,103,246550.0
7/3/20,6472,2,26,206,53,70,3432,51,206,5626,122,144,6979,33,5100,2583,85,234,107806,566,2710,27,85,1272,0,41,1791,344,123,15778,786,11,19450,3559,257,13676,15696,3776,4474,701,3441,3261,4849,417,135,1,31,1476,1267,2391,206,88,2,4627,43,3240,583,103,250514.0
7/4/20,6556,2,31,206,53,70,3564,58,226,5851,122,144,7039,33,5130,2600,87,242,107826,578,2719,27,85,1272,0,45,1915,376,129,16191,828,11,19450,4004,265,13676,15696,3776,4474,701,3536,3261,5077,455,148,1,31,1476,1359,2531,243,88,2,4627,43,3240,613,106,252895.0
7/5/20,6855,2,31,206,53,70,3662,58,226,6110,122,144,7039,33,5245,2634,87,242,115024,578,2719,27,85,1272,0,45,2064,376,129,16854,877,11,19450,4236,273,14922,16726,3776,4474,701,3536,3261,5273,457,154,1,31,1476,1359,2660,252,88,2,4627,43,3240,677,106,264681.0
7/6/20,6855,2,33,206,53,70,3878,58,226,6110,122,144,7190,33,5369,2673,96,242,116570,578,2809,31,85,1272,0,47,2151,436,129,17882,911,11,20555,4236,273,15345,16726,3992,4474,765,3599,3261,5408,459,154,1,32,1476,1359,2660,252,88,2,5009,43,3789,677,128,271035.0
7/7/20,6925,2,34,275,61,86,4092,58,264,6924,146,154,7343,34,5543,2755,98,267,120764,713,2989,31,92,1623,0,48,2239,448,151,18892,938,13,21101,4566,292,15932,17578,4020,5600,808,3692,3742,5478,501,163,1,32,1826,1466,2889,275,94,2,5175,57,3858,723,139,284012.0
7/8/20,7245,2,35,295,61,98,4241,58,280,7281,153,157,7464,34,5759,2823,100,267,123256,857,3232,31,98,1623,0,49,2270,453,155,20225,970,15,21957,4776,304,16586,17842,4071,5817,845,3743,3808,5552,503,171,1,33,1922,1487,3004,323,98,2,5298,58,3858,760,154,292560.0
7/9/20,7407,2,36,319,61,103,4357,58,292,7627,159,161,7654,34,5979,2855,101,269,124992,857,3227,31,107,1793,0,49,2343,466,159,21517,993,15,23334,4932,311,17414,18402,4145,6065,877,3787,3868,5678,506,176,1,33,1985,1519,4364,337,98,2,5509,60,4093,802,163,302484.0
7/10/20,7485,2,36,338,67,103,4460,60,307,7627,164,165,7759,34,6195,2855,108,261,127439,857,3364,31,107,1793,0,49,2419,477,163,22650,1021,17,24765,5152,311,18275,18863,4316,6279,905,3846,3868,5863,537,176,1,41,2075,1561,4364,337,98,2,5678,64,4093,839,163,310885.0
7/11/20,7725,2,40,338,67,113,4605,60,307,7906,164,165,7827,34,6339,2898,108,275,130394,893,3434,31,113,1884,0,50,2540,477,163,23901,1055,17,24765,5339,336,18912,19371,4426,6279,905,3949,3931,5983,568,187,1,41,2075,1650,4633,372,104,2,5678,64,4246,839,180,318761.0
7/12/20,7731,2,40,338,67,113,4661,60,307,8282,164,165,7827,35,6502,2918,108,337,133549,893,3434,31,113,1884,0,51,2682,477,163,24715,1077,17,24765,5489,362,19043,19371,4522,6279,905,3949,3931,6298,569,195,1,41,2075,1703,4732,388,107,2,5678,73,4246,884,192,324543.0
7/13/20,7976,2,40,338,67,113,4852,61,307,8282,176,165,7977,35,6601,2970,121,428,136357,893,3702,32,132,1884,0,52,2790,518,163,25255,1114,19,25748,5714,362,19502,19929,4590,6988,1006,4045,3931,6542,569,200,1,41,2075,1819,4973,403,107,2,5942,73,4246,929,198,333357.0
7/14/20,8321,2,45,416,75,135,5023,61,350,8756,183,167,8119,37,6759,3078,122,441,140576,1003,3888,34,146,2183,0,52,2835,530,183,26120,1151,20,26481,5938,398,20456,20887,4640,7216,1078,4168,4323,6725,600,203,1,43,2313,1886,5356,441,121,2,6209,76,4619,999,221,346211.0
7/15/20,8478,2,48,437,75,140,5140,61,363,8941,190,175,8145,37,6921,3108,133,444,143207,1054,3947,34,155,2260,0,54,2913,561,185,27031,1167,21,27371,6174,408,21468,21446,4696,7428,1112,4254,4412,6951,602,215,1,43,2407,1941,5517,441,126,2,6332,80,4787,1023,221,354885.0
7/16/20,8627,2,49,487,75,147,5233,62,381,9124,200,178,8310,38,7074,3172,137,473,147678,1054,4078,35,165,2313,0,63,2983,578,197,27904,1203,22,28177,6395,418,21468,21855,4860,7680,1158,4333,4635,7046,706,220,1,44,2483,1979,5777,471,126,2,6480,84,4968,1062,236,364706.0
7/17/20,8858,2,51,522,87,173,5378,62,394,9565,214,181,8397,37,7233,3209,140,488,150424,1179,4157,35,177,2403,0,65,3059,583,204,28309,1235,23,28695,6511,434,23238,21855,4975,7819,1213,4403,4759,7131,736,227,1,44,2554,2027,6077,491,134,2,6683,85,4968,1101,252,373259.0
7/18/20,9110,2,51,522,87,173,5538,66,394,9954,214,181,8531,37,7728,3209,140,491,153152,1179,4164,35,185,2403,0,76,3162,583,204,29011,1280,23,28695,6693,437,23566,23114,5116,7819,1213,4465,4759,7300,772,227,1,44,2554,2068,6077,491,134,2,6683,85,5192,1101,252,380745.0
7/19/20,9237,2,54,522,87,173,5606,66,394,9954,214,181,8531,37,8447,3247,140,508,155917,1179,4314,37,194,2403,0,76,3228,583,204,29426,1363,23,28695,6935,448,23772,23682,5202,7819,1213,4465,4759,7456,772,242,1,44,2554,2121,6344,520,134,2,6683,85,5192,1162,257,386906.0
7/20/20,9256,2,57,640,87,223,5731,66,443,10639,219,189,8606,40,9234,3398,151,512,159045,1179,4376,38,199,2694,0,83,3353,632,228,29986,1403,24,29983,7326,458,24099,24135,5305,8321,1306,4551,4991,7795,772,242,1,50,2759,2169,6508,539,151,2,6896,101,5192,1196,289,397870.0
7/21/20,9383,2,62,658,94,234,5931,68,464,10970,237,195,8606,40,10068,3398,156,515,162025,1451,4427,41,207,2813,0,84,3379,661,231,30976,1442,25,30890,7686,486,25067,24520,5363,8799,1369,4674,5124,8046,830,255,1,53,2857,2212,6835,553,151,3,7120,104,5955,1200,309,409305.0
7/22/20,9643,2,65,683,94,242,6202,79,486,11412,251,200,8799,41,11188,3465,158,515,165134,1530,4490,41,217,2994,0,84,3545,685,242,31743,1479,27,31982,7971,494,25775,25107,5459,9595,1393,4776,5282,8321,848,268,1,55,2982,2241,6984,553,165,3,7603,109,6049,1225,309,421286.0
7/23/20,9869,2,65,722,94,250,6425,79,508,11756,251,203,8919,41,12323,3696,166,538,166868,1530,4522,44,234,3123,0,101,3726,711,251,32648,1531,28,32813,8247,513,26185,25608,5564,9826,1467,4885,5444,8533,878,276,1,60,3070,2300,7401,567,173,3,7876,109,6156,1275,319,430773.0
7/24/20,10214,2,71,758,99,263,6627,87,513,12148,265,203,8967,44,13360,3696,168,555,168935,1630,4611,44,234,3245,0,104,3865,737,255,33358,1559,28,33467,8554,521,26796,26098,5679,10126,1500,4957,5576,8719,885,291,1,60,3129,2404,7603,601,189,3,8210,126,6392,1315,338,440185.0
7/25/20,10330,2,71,758,99,263,6770,87,513,12564,265,205,9067,44,14192,3772,168,555,172325,1630,4624,46,249,3245,0,111,3953,737,255,33953,1605,28,33467,8554,525,26796,26098,5787,10126,1500,5022,5576,8833,898,291,1,61,3129,2466,7603,615,189,3,8210,126,6392,1342,356,446452.0
7/26/20,10330,2,76,758,99,263,6933,87,513,12564,265,205,9067,40,14651,3813,168,555,174017,1630,4624,46,257,3245,0,112,4002,737,255,34373,1605,28,33467,8903,536,27992,26701,5932,10126,1500,5022,5576,9041,907,291,1,61,3129,2599,7861,637,189,3,8210,126,6392,1394,372,452288.0
7/27/20,10438,2,81,820,99,273,7073,87,513,12564,265,205,9162,40,15003,3842,175,555,176028,1630,4637,46,265,3245,0,113,4082,766,255,34646,1685,29,33467,9018,536,27992,27507,6022,10675,1644,5124,5576,9215,920,311,1,65,3129,2599,7994,647,189,3,8534,131,6392,1424,382,458121.0
7/28/20,10633,2,84,866,99,292,7304,88,555,13209,303,217,9189,46,16896,3966,180,558,178642,1723,4769,48,274,3510,0,118,4140,806,273,34833,1753,29,35187,9418,553,29962,27507,6065,10923,1644,5198,5633,9215,980,323,2,66,3283,2617,8228,670,214,3,8862,131,6830,1446,397,470762.0
7/29/20,10773,2,89,883,108,304,7714,88,589,13336,311,228,9241,47,17344,4036,181,558,183456,1850,4817,51,280,3906,2,125,4288,860,288,35272,1790,31,36159,9514,601,32309,28287,6197,11209,1710,5306,6021,9612,1030,348,2,67,3462,2662,8492,731,219,4,9076,132,6997,1477,441,484913.0
7/30/20,11131,2,110,907,108,312,7577,88,613,14312,315,231,9298,50,18411,4106,183,631,186036,1886,4934,53,293,4065,2,128,4457,865,293,35778,1822,32,36629,9664,609,31688,28688,6423,11342,1740,5398,6094,9731,1076,360,2,72,3520,2748,8745,731,227,5,9241,134,7103,1494,441,492934.0
7/31/20,11139,2,115,941,125,323,7670,88,637,14439,325,233,9366,50,19335,4146,195,631,188541,1943,4987,53,312,4065,2,142,4542,888,299,36196,1876,33,37011,9820,622,32230,29048,6575,11483,1783,5469,6167,9913,1109,369,2,72,3611,2842,8890,755,227,5,9454,141,7344,1510,465,500556.0
8/1/20,11484,2,125,941,125,323,7806,88,637,14439,325,233,9409,51,19882,4380,195,631,190857,1943,4994,54,312,4285,2,142,4797,888,299,36833,1912,33,37011,9820,622,32696,29048,6723,11483,1783,5544,6167,10321,1152,369,2,73,3611,2944,8890,768,234,5,9454,141,7344,1510,471,506613.0
8/2/20,11524,2,126,941,125,323,7966,88,637,15083,325,233,9409,51,20545,4380,195,631,192177,1943,4994,56,317,4285,2,145,4822,888,299,37391,1925,33,37011,10067,643,32980,29883,6811,11483,1783,5544,6167,10626,1152,369,2,73,3611,3055,9061,786,234,5,9454,141,7344,1544,485,512175.0
8/3/20,11524,2,126,941,125,331,8033,88,637,15083,332,233,9448,61,20651,4453,208,626,193877,1943,5092,57,322,4285,2,145,4924,888,299,37813,1925,33,37011,10122,647,33432,29883,6916,11885,1902,5683,6167,10794,1152,390,2,73,3611,3113,9221,797,234,5,9745,141,7344,1572,502,516851.0
8/4/20,11909,2,137,1012,136,357,8176,90,668,15759,332,245,9513,64,21228,4453,211,632,195805,2114,5180,59,341,4583,4,145,4966,980,316,38066,1953,33,38487,10174,689,34017,30516,6989,11958,1926,5744,6526,11030,1196,397,3,88,3806,3113,9308,840,246,5,9990,144,7877,1614,533,526685.0
8/5/20,12136,2,137,1012,136,359,8324,90,668,15945,346,245,9513,66,21433,4453,211,632,198165,2114,5180,59,341,4583,4,146,4966,1007,316,38131,1998,33,38487,10174,689,34237,30516,7081,12034,1970,5758,6526,11030,1196,404,3,88,3806,3208,9308,840,249,5,10078,144,7877,1614,533,530606.0
8/6/20,12884,2,156,1060,136,361,8532,90,716,16625,352,280,9601,84,21724,4453,212,633,201200,2208,5199,60,363,4855,4,153,5120,1025,321,38711,2039,34,39741,10544,699,34635,31127,7228,12119,2047,5891,6652,11336,1213,411,3,90,3959,3208,9408,893,271,5,10334,147,7953,1660,572,541339.0
8/7/20,12884,2,162,1060,136,362,8760,96,716,16625,360,280,9601,86,22009,4453,220,638,204258,2267,5257,60,363,4855,4,153,5156,1046,321,38754,2099,34,40452,10544,699,34939,31127,7326,12119,2047,5978,6652,11336,1229,411,3,92,3959,3358,9408,893,271,5,10475,147,8035,1660,572,546814.0
8/8/20,13213,2,164,1095,147,362,9022,99,729,17031,360,282,9693,64,22626,4453,220,638,206778,2302,5287,60,380,5012,5,153,5212,1046,322,39076,2186,34,40452,10795,709,35452,31779,7432,12303,2093,6110,6704,11475,1238,418,3,93,4029,3431,9566,921,276,5,10475,152,8146,1690,588,554388.0
8/9/20,13213,2,164,1095,147,362,9182,99,729,17290,360,282,9693,89,23583,4453,220,638,208563,2302,5327,61,431,5012,5,154,5293,1046,322,39641,2186,34,40452,10795,715,35712,32330,7548,12303,2093,6110,6704,11687,1238,418,3,93,4029,3556,9665,942,276,5,10475,152,8146,1721,600,559746.0
8/10/20,13631,2,182,1238,147,391,9404,100,755,17846,360,286,9693,106,24440,4453,240,683,210543,2463,5404,62,472,5736,5,158,5446,1074,357,40527,2319,36,41983,12040,765,36072,32975,7623,12864,2254,6318,6704,12694,1243,459,4,102,4274,3670,10264,952,276,5,10862,155,8634,1834,646,574231.0
8/11/20,13631,2,185,1238,147,396,9787,100,755,17846,436,286,9867,106,24995,4453,240,683,210874,2463,5404,62,472,5736,5,158,5494,1129,357,40527,2377,36,41983,12274,765,36072,32975,7692,13870,2278,6431,6996,12962,1287,469,4,102,4274,3753,10264,996,303,5,11549,155,8740,1834,666,578946.0
8/12/20,14112,2,195,1280,161,397,10103,104,785,17978,436,293,9919,113,25179,5067,253,683,214283,2590,5471,63,478,6102,5,160,5628,1142,357,41823,2377,37,43376,12274,767,38290,33157,7834,13870,2300,6535,7074,12962,1316,469,5,106,4338,3825,10855,1019,304,6,11643,159,8740,1898,678,591376.0
8/13/20,14548,2,198,1305,161,401,10482,104,793,18344,436,299,9957,115,25499,5127,267,694,214425,2759,5583,63,489,6224,5,160,5803,1142,357,42171,2486,38,43983,13216,773,38290,33393,7944,14276,2324,6640,7083,13059,1357,476,5,109,4414,3859,11592,1041,305,6,11847,159,8790,1918,688,597984.0
8/14/20,14558,2,208,1370,174,409,10756,106,827,19157,436,309,10035,127,25888,5243,268,695,218831,2924,5674,63,529,6777,5,160,5890,1206,362,42854,2543,39,45662,13615,815,39374,34065,8053,14651,2439,6803,7274,13865,1371,488,6,111,4596,4063,11953,1091,312,8,12105,160,9090,1966,740,613101.0
8/15/20,14558,2,208,1370,174,409,11013,106,827,19157,436,309,10058,127,26266,5310,268,695,220867,2924,5710,64,529,6777,5,160,6057,1206,372,43367,2582,39,45662,13615,815,40338,34065,8157,14651,2439,6952,7274,13865,1420,488,6,111,4596,4157,11953,1091,318,8,12105,160,9090,1966,740,617994.0
8/16/20,14973,2,208,1370,174,409,11228,106,827,19900,407,309,10058,127,26570,5409,268,703,221971,2924,5750,64,537,6777,5,160,6461,1206,373,43709,2582,39,45662,13615,828,41124,34344,8292,14651,2439,6952,7274,14207,1454,488,6,111,4596,4293,12379,1094,318,8,12105,160,9090,2019,758,623873.0
8/17/20,15123,2,210,1370,174,415,11408,106,827,19900,413,309,10145,127,26788,5514,272,703,223230,2924,5774,64,541,6777,5,161,6548,1245,373,43925,2625,39,45662,14326,836,41564,34678,8346,15008,2562,7150,7274,14429,1454,488,6,113,4596,4377,12541,1137,318,8,12451,160,9090,2046,758,629415.0
8/18/20,15437,2,211,1421,174,420,11668,108,849,21010,421,320,10268,148,26968,5543,275,703,224105,3129,5788,64,556,7041,5,161,6662,1264,385,44212,2643,39,47490,14602,848,42150,34960,8427,15201,2571,7228,7454,14636,1505,511,6,114,4767,4465,12668,1157,330,8,12718,165,9297,2076,786,638140.0
8/19/20,15836,2,262,1494,181,421,11886,112,877,21798,423,333,10304,149,27184,5631,281,703,225827,3236,5832,69,579,7229,5,161,6785,1282,394,44507,2663,40,48630,14760,872,42947,35376,8528,15379,2579,7321,7508,15085,1546,515,6,114,4943,4779,12935,1186,340,8,12836,166,9490,2118,821,647274.0
8/20/20,16184,2,262,1517,181,421,11895,112,877,22167,423,342,10325,149,27184,5631,281,703,227346,3278,5832,69,579,7229,5,162,6785,1293,398,44936,2689,40,48956,14764,902,43469,35608,8611,15677,2579,7382,7508,15258,1569,521,6,114,5006,4863,13084,1186,342,8,12836,166,9587,2147,821,652267.0
8/21/20,16469,2,264,1549,181,418,12108,114,885,22535,424,345,10366,158,27378,5659,282,703,229054,3339,5852,69,584,7334,5,162,6892,1306,401,45308,2705,40,49482,15246,918,43943,35912,8702,15778,2613,7472,7578,15496,1605,531,6,115,5048,4942,13120,1213,352,8,13022,170,9744,2164,829,658900.0
8/22/20,16693,2,265,1582,197,419,12362,116,896,22840,425,345,10393,164,27658,5703,290,704,230662,3339,5879,69,605,7428,5,162,6974,1317,406,45801,2740,40,49482,15247,947,44603,36203,8791,15888,2665,7535,7653,15496,1617,531,6,123,5048,5067,13282,1223,357,8,13117,172,9865,2184,844,664435.0
8/23/20,16723,2,265,1618,197,419,12527,116,900,23197,425,345,10393,164,27915,5892,291,704,231695,3339,5879,69,624,7493,5,162,7081,1328,411,45954,2777,40,49944,15516,970,45035,36540,8871,16068,2665,7535,7685,15688,1628,531,6,123,5048,5120,13380,1223,368,10,13196,172,9959,2205,844,669280.0
8/24/20,16786,2,265,1637,197,424,12663,116,901,23414,425,359,10396,164,28140,5921,299,704,232893,3484,5930,69,629,7574,5,162,7226,1348,421,46307,2795,40,50744,16331,978,45246,36727,8936,16131,2679,7670,7725,16151,1636,531,6,123,5206,5212,13483,1260,381,10,13303,172,10126,2239,859,675561.0
8/25/20,17275,2,268,1664,197,426,12906,116,924,23618,433,360,10486,167,28234,5957,303,704,233777,3509,5942,70,645,7653,5,162,7274,1358,423,46642,2833,40,51200,16623,987,45666,36994,8981,16565,2735,7788,7800,16151,1698,553,6,124,5231,5351,13521,1283,388,10,13431,177,10261,2255,880,681032.0
8/26/20,17385,2,270,1718,223,430,13181,121,932,23932,433,361,10509,168,28520,5977,304,714,235386,3551,5965,70,653,7693,5,162,7393,1374,430,47090,2852,40,51538,16742,998,46051,37222,9060,16795,2769,7849,7869,16306,1714,554,6,125,5280,5422,13886,1312,394,10,13609,179,10313,2274,883,687004.0
8/27/20,17621,2,275,1765,223,434,13259,121,938,24071,434,364,10573,172,28612,6021,314,715,236986,3567,5999,71,656,7744,5,162,7451,1382,432,47459,2875,40,51734,16909,1018,46407,37499,9149,16845,2792,7911,7916,16393,1726,557,6,126,5328,5469,14101,1325,402,11,13673,189,10412,2287,893,691821.0
8/28/20,17847,2,276,1815,223,439,13398,122,942,24367,435,368,10641,172,28854,6090,315,716,238458,3674,6054,71,659,7814,7,162,7522,1397,435,47782,2899,40,51860,17150,1042,46892,37784,9215,16989,2842,7978,7951,16607,1734,562,6,127,5388,5588,14257,1347,402,11,13775,189,10483,2310,900,697385.0
8/29/20,17847,2,278,1886,236,441,13562,122,951,24612,440,368,10667,174,28961,6103,324,716,239756,3674,6068,71,673,7890,9,162,7619,1403,438,48190,2947,40,51860,17150,1081,47145,38047,9349,17114,2882,8074,8014,17013,1747,562,6,128,5388,5654,14482,1368,410,11,13884,189,10606,2335,909,702038.0
8/30/20,18040,2,278,1948,236,441,13700,122,958,24821,440,368,10667,174,29105,6142,332,716,240749,3674,6068,71,689,7890,10,162,7685,1413,442,48444,2973,40,51918,17588,1090,47373,38300,9428,17493,2917,8074,8052,17013,1746,562,6,128,5388,5654,14544,1368,417,13,13890,189,10705,2386,909,705951.0
8/31/20,18187,2,280,2026,236,445,13938,123,967,24963,453,388,10719,179,29324,6340,345,716,241768,3783,6164,71,704,8032,12,162,7980,1431,446,48538,3003,41,52909,18052,1097,47642,38604,9494,17637,2981,8169,8143,17349,1744,570,6,137,5512,5718,14710,1409,419,13,14079,189,10775,2424,927,712475.0
9/1/20,18445,2,280,2069,236,445,13938,123,967,25185,453,393,10719,179,29324,6340,345,716,242521,3836,6164,71,704,8032,12,162,7980,1434,447,48825,3027,41,53153,18052,1112,47879,38871,9544,17807,2981,8260,8143,17349,1744,572,6,137,5547,5917,14786,1409,421,13,14079,189,10866,2438,927,715617.0
9/2/20,18695,2,280,2146,257,456,14035,123,973,25542,463,397,10746,181,29459,6392,346,716,243935,3876,6295,73,714,8081,13,162,8068,1446,450,49142,3062,42,53306,18413,1123,48245,39121,9617,17915,3006,8311,8164,17802,1755,575,6,138,5588,6067,14902,1436,422,13,14305,189,10899,2451,944,721281.0
9/3/20,18852,2,280,2241,257,466,14111,124,980,25785,467,403,10773,182,29602,6392,350,716,244999,3889,6321,73,716,8122,15,162,8149,1454,452,49142,3083,45,53703,18607,1146,48615,39446,9696,18194,3035,8390,8229,17993,1878,578,6,140,5631,6142,15021,1436,429,13,14442,190,11031,2478,944,726018.0
9/4/20,18977,2,280,2274,257,467,14212,124,988,25978,470,409,11001,182,29763,6422,350,716,246407,3953,6285,74,724,8202,16,162,8244,1466,453,49258,3115,45,53987,18813,1162,48615,39899,9755,18331,3047,8452,8300,18190,1896,581,6,143,5671,6142,15162,1461,436,13,14552,193,11109,2495,975,730662.0
9/5/20,19131,2,280,2327,273,470,14411,124,1001,26147,475,409,11041,183,29858,6688,360,720,247542,3953,6297,74,737,8277,21,162,8326,1475,456,49509,3154,45,53987,18813,1177,49325,40342,9839,18438,3074,8617,8361,18190,1923,581,6,144,5671,6142,15277,1465,442,13,14677,193,11171,2524,994,735314.0
9/6/20,19131,2,280,2406,273,472,14527,123,1007,26325,474,409,11041,183,30040,6737,359,720,248334,3953,6310,74,754,8297,19,162,8439,1484,461,49732,3182,45,53987,18955,1188,49558,40650,9915,18557,3083,8617,8404,18611,1931,581,6,137,5671,6303,15382,1445,447,13,14677,194,11254,2541,994,738856.0
9/7/20,19350,2,280,2446,273,475,14639,124,1008,26471,475,409,11041,183,30080,6788,362,720,248821,3953,6339,74,766,8327,21,162,8570,1501,467,49845,3182,45,53987,19128,1197,49691,40652,9979,18558,3101,8617,8434,18611,1931,581,6,144,5671,6360,15441,1465,455,13,14677,194,11315,2564,994,740965.0
9/8/20,19496,2,280,2450,273,475,14712,124,1011,26565,488,434,11056,183,30179,6847,368,720,249241,4025,6339,74,773,8381,21,162,8629,1514,469,49996,3220,45,54572,19460,1207,49691,40868,9979,18558,3116,8750,8479,18717,1931,600,6,144,5762,6488,15635,1468,453,13,14677,196,11463,2565,994,744344.0
9/9/20,19596,2,280,2463,286,478,14740,124,1013,26640,497,434,11093,183,30202,6878,370,725,249859,4064,6368,74,777,8415,21,162,8661,1518,470,50190,3238,45,54735,19524,1209,49909,41324,10074,18558,3145,8807,8499,18854,1931,606,6,150,5778,6516,15685,1526,458,14,14816,197,11475,2597,1031,747290.0
9/10/20,19710,2,280,2463,286,485,14885,124,1019,26724,497,442,11183,183,30371,6894,372,727,251024,4079,6378,74,778,8440,22,162,8698,1528,476,50471,3249,45,54868,19669,1209,50210,41608,10120,18558,3171,8895,8550,18854,1993,611,6,150,5805,6561,15749,1530,458,14,14967,211,11475,2611,1037,750961.0
9/11/20,19819,2,280,2590,286,487,14966,128,1025,26783,519,447,11218,185,30440,6918,378,747,252066,4150,6407,74,778,8487,22,162,8738,1536,478,50613,3276,46,55073,19669,1213,50385,41969,10188,18854,3194,8966,8579,19143,2013,612,6,154,5820,6623,15838,1542,466,15,15043,212,11600,2633,1044,754905.0
9/12/20,19837,2,280,2605,298,489,15058,129,1032,26917,522,447,11274,186,30563,7039,390,727,253176,4150,6429,75,778,8541,22,163,8761,1543,483,50760,3301,48,55073,20063,1223,50543,42414,10263,19019,3222,9077,8608,19417,2021,612,6,155,5820,6666,15926,1564,466,16,15114,213,11700,2650,1057,758933.0
9/13/20,19991,2,286,2629,298,489,15203,129,1034,27076,522,447,11274,186,30622,7057,393,727,253985,4150,6450,75,785,8541,22,163,8904,1556,482,50930,3316,48,55073,20184,1238,50699,42679,10302,19108,3222,9077,8642,19549,2043,612,6,155,5820,6701,15976,1564,471,15,15114,213,11759,2677,1057,761728.0
9/14/20,20022,2,286,2640,298,489,15351,129,1035,27196,522,473,11291,186,30735,7097,397,727,254656,4226,6464,75,789,8575,22,163,8992,1563,486,50974,3325,48,55766,20435,1240,50709,42887,10378,19364,3240,9166,8690,19613,2043,612,6,155,5937,6701,15976,1564,476,14,15114,213,11855,2689,1057,765134.0
9/15/20,20097,2,286,2642,298,496,15424,133,1046,27232,529,479,11392,186,30850,7125,416,727,255049,4230,6470,75,802,8616,22,163,9011,1576,494,51124,3353,48,55986,20545,1245,50978,43181,10430,19564,3278,9242,8718,19683,2065,645,6,156,5987,6777,16052,1599,475,15,15270,216,11903,2710,1085,768204.0
9/16/20,20097,2,286,2695,305,499,15489,135,1051,27312,539,481,11435,187,30916,7144,418,729,256148,4267,6477,75,808,8645,23,163,9089,1580,496,51259,3373,49,56201,20660,1254,51252,43445,10490,19623,3293,9264,8741,19760,2096,652,6,158,6007,6777,16052,1608,484,15,15361,216,11932,2710,1092,771321.0
