Date,Alachua,Baker,Bay,Bradford,Brevard,Broward,Calhoun,Charlotte,Citrus,Clay,Collier,Columbia,DeSoto,Dixie,Duval,Escambia,Flagler,Franklin,Gadsden,Gilchrist,Glades,Gulf,Hamilton,Hardee,Hendry,Hernando,Highlands,Hillsborough,Holmes,Indian River,Jackson,Jefferson,Lafayette,Lake,Lee,Leon,Levy,Liberty,Madison,Manatee,Marion,Martin,Miami-Dade,Monroe,Nassau,Okaloosa,Okeechobee,Orange,Osceola,Palm Beach,Pasco,Pinellas,Polk,Putnam,Santa Rosa,Sarasota,Seminole,St. Johns,St. Lucie,Sumter,Suwannee,Taylor,Union,Volusia,Wakulla,Walton,Washington,Total
1/22/20,0,0,0,0,0,0,0,0,0,0,0,0,0,0,0,0,0,0,0,0,0,0,0,0,0,0,0,0,0,0,0,0,0,0,0,0,0,0,0,0,0,0,0,0,0,0,0,0,0,0,0,0,0,0,0,0,0,0,0,0,0,0,0,0,0,0,0,0.0
1/23/20,0,0,0,0,0,0,0,0,0,0,0,0,0,0,0,0,0,0,0,0,0,0,0,0,0,0,0,0,0,0,0,0,0,0,0,0,0,0,0,0,0,0,0,0,0,0,0,0,0,0,0,0,0,0,0,0,0,0,0,0,0,0,0,0,0,0,0,0.0
1/24/20,0,0,0,0,0,0,0,0,0,0,0,0,0,0,0,0,0,0,0,0,0,0,0,0,0,0,0,0,0,0,0,0,0,0,0,0,0,0,0,0,0,0,0,0,0,0,0,0,0,0,0,0,0,0,0,0,0,0,0,0,0,0,0,0,0,0,0,0.0
1/25/20,0,0,0,0,0,0,0,0,0,0,0,0,0,0,0,0,0,0,0,0,0,0,0,0,0,0,0,0,0,0,0,0,0,0,0,0,0,0,0,0,0,0,0,0,0,0,0,0,0,0,0,0,0,0,0,0,0,0,0,0,0,0,0,0,0,0,0,0.0
1/26/20,0,0,0,0,0,0,0,0,0,0,0,0,0,0,0,0,0,0,0,0,0,0,0,0,0,0,0,0,0,0,0,0,0,0,0,0,0,0,0,0,0,0,0,0,0,0,0,0,0,0,0,0,0,0,0,0,0,0,0,0,0,0,0,0,0,0,0,0.0
1/27/20,0,0,0,0,0,0,0,0,0,0,0,0,0,0,0,0,0,0,0,0,0,0,0,0,0,0,0,0,0,0,0,0,0,0,0,0,0,0,0,0,0,0,0,0,0,0,0,0,0,0,0,0,0,0,0,0,0,0,0,0,0,0,0,0,0,0,0,0.0
1/28/20,0,0,0,0,0,0,0,0,0,0,0,0,0,0,0,0,0,0,0,0,0,0,0,0,0,0,0,0,0,0,0,0,0,0,0,0,0,0,0,0,0,0,0,0,0,0,0,0,0,0,0,0,0,0,0,0,0,0,0,0,0,0,0,0,0,0,0,0.0
1/29/20,0,0,0,0,0,0,0,0,0,0,0,0,0,0,0,0,0,0,0,0,0,0,0,0,0,0,0,0,0,0,0,0,0,0,0,0,0,0,0,0,0,0,0,0,0,0,0,0,0,0,0,0,0,0,0,0,0,0,0,0,0,0,0,0,0,0,0,0.0
1/30/20,0,0,0,0,0,0,0,0,0,0,0,0,0,0,0,0,0,0,0,0,0,0,0,0,0,0,0,0,0,0,0,0,0,0,0,0,0,0,0,0,0,0,0,0,0,0,0,0,0,0,0,0,0,0,0,0,0,0,0,0,0,0,0,0,0,0,0,0.0
1/31/20,0,0,0,0,0,0,0,0,0,0,0,0,0,0,0,0,0,0,0,0,0,0,0,0,0,0,0,0,0,0,0,0,0,0,0,0,0,0,0,0,0,0,0,0,0,0,0,0,0,0,0,0,0,0,0,0,0,0,0,0,0,0,0,0,0,0,0,0.0
2/1/20,0,0,0,0,0,0,0,0,0,0,0,0,0,0,0,0,0,0,0,0,0,0,0,0,0,0,0,0,0,0,0,0,0,0,0,0,0,0,0,0,0,0,0,0,0,0,0,0,0,0,0,0,0,0,0,0,0,0,0,0,0,0,0,0,0,0,0,0.0
2/2/20,0,0,0,0,0,0,0,0,0,0,0,0,0,0,0,0,0,0,0,0,0,0,0,0,0,0,0,0,0,0,0,0,0,0,0,0,0,0,0,0,0,0,0,0,0,0,0,0,0,0,0,0,0,0,0,0,0,0,0,0,0,0,0,0,0,0,0,0.0
2/3/20,0,0,0,0,0,0,0,0,0,0,0,0,0,0,0,0,0,0,0,0,0,0,0,0,0,0,0,0,0,0,0,0,0,0,0,0,0,0,0,0,0,0,0,0,0,0,0,0,0,0,0,0,0,0,0,0,0,0,0,0,0,0,0,0,0,0,0,0.0
2/4/20,0,0,0,0,0,0,0,0,0,0,0,0,0,0,0,0,0,0,0,0,0,0,0,0,0,0,0,0,0,0,0,0,0,0,0,0,0,0,0,0,0,0,0,0,0,0,0,0,0,0,0,0,0,0,0,0,0,0,0,0,0,0,0,0,0,0,0,0.0
2/5/20,0,0,0,0,0,0,0,0,0,0,0,0,0,0,0,0,0,0,0,0,0,0,0,0,0,0,0,0,0,0,0,0,0,0,0,0,0,0,0,0,0,0,0,0,0,0,0,0,0,0,0,0,0,0,0,0,0,0,0,0,0,0,0,0,0,0,0,0.0
2/6/20,0,0,0,0,0,0,0,0,0,0,0,0,0,0,0,0,0,0,0,0,0,0,0,0,0,0,0,0,0,0,0,0,0,0,0,0,0,0,0,0,0,0,0,0,0,0,0,0,0,0,0,0,0,0,0,0,0,0,0,0,0,0,0,0,0,0,0,0.0
2/7/20,0,0,0,0,0,0,0,0,0,0,0,0,0,0,0,0,0,0,0,0,0,0,0,0,0,0,0,0,0,0,0,0,0,0,0,0,0,0,0,0,0,0,0,0,0,0,0,0,0,0,0,0,0,0,0,0,0,0,0,0,0,0,0,0,0,0,0,0.0
2/8/20,0,0,0,0,0,0,0,0,0,0,0,0,0,0,0,0,0,0,0,0,0,0,0,0,0,0,0,0,0,0,0,0,0,0,0,0,0,0,0,0,0,0,0,0,0,0,0,0,0,0,0,0,0,0,0,0,0,0,0,0,0,0,0,0,0,0,0,0.0
2/9/20,0,0,0,0,0,0,0,0,0,0,0,0,0,0,0,0,0,0,0,0,0,0,0,0,0,0,0,0,0,0,0,0,0,0,0,0,0,0,0,0,0,0,0,0,0,0,0,0,0,0,0,0,0,0,0,0,0,0,0,0,0,0,0,0,0,0,0,0.0
2/10/20,0,0,0,0,0,0,0,0,0,0,0,0,0,0,0,0,0,0,0,0,0,0,0,0,0,0,0,0,0,0,0,0,0,0,0,0,0,0,0,0,0,0,0,0,0,0,0,0,0,0,0,0,0,0,0,0,0,0,0,0,0,0,0,0,0,0,0,0.0
2/11/20,0,0,0,0,0,0,0,0,0,0,0,0,0,0,0,0,0,0,0,0,0,0,0,0,0,0,0,0,0,0,0,0,0,0,0,0,0,0,0,0,0,0,0,0,0,0,0,0,0,0,0,0,0,0,0,0,0,0,0,0,0,0,0,0,0,0,0,0.0
2/12/20,0,0,0,0,0,0,0,0,0,0,0,0,0,0,0,0,0,0,0,0,0,0,0,0,0,0,0,0,0,0,0,0,0,0,0,0,0,0,0,0,0,0,0,0,0,0,0,0,0,0,0,0,0,0,0,0,0,0,0,0,0,0,0,0,0,0,0,0.0
2/13/20,0,0,0,0,0,0,0,0,0,0,0,0,0,0,0,0,0,0,0,0,0,0,0,0,0,0,0,0,0,0,0,0,0,0,0,0,0,0,0,0,0,0,0,0,0,0,0,0,0,0,0,0,0,0,0,0,0,0,0,0,0,0,0,0,0,0,0,0.0
2/14/20,0,0,0,0,0,0,0,0,0,0,0,0,0,0,0,0,0,0,0,0,0,0,0,0,0,0,0,0,0,0,0,0,0,0,0,0,0,0,0,0,0,0,0,0,0,0,0,0,0,0,0,0,0,0,0,0,0,0,0,0,0,0,0,0,0,0,0,0.0
2/15/20,0,0,0,0,0,0,0,0,0,0,0,0,0,0,0,0,0,0,0,0,0,0,0,0,0,0,0,0,0,0,0,0,0,0,0,0,0,0,0,0,0,0,0,0,0,0,0,0,0,0,0,0,0,0,0,0,0,0,0,0,0,0,0,0,0,0,0,0.0
2/16/20,0,0,0,0,0,0,0,0,0,0,0,0,0,0,0,0,0,0,0,0,0,0,0,0,0,0,0,0,0,0,0,0,0,0,0,0,0,0,0,0,0,0,0,0,0,0,0,0,0,0,0,0,0,0,0,0,0,0,0,0,0,0,0,0,0,0,0,0.0
2/17/20,0,0,0,0,0,0,0,0,0,0,0,0,0,0,0,0,0,0,0,0,0,0,0,0,0,0,0,0,0,0,0,0,0,0,0,0,0,0,0,0,0,0,0,0,0,0,0,0,0,0,0,0,0,0,0,0,0,0,0,0,0,0,0,0,0,0,0,0.0
2/18/20,0,0,0,0,0,0,0,0,0,0,0,0,0,0,0,0,0,0,0,0,0,0,0,0,0,0,0,0,0,0,0,0,0,0,0,0,0,0,0,0,0,0,0,0,0,0,0,0,0,0,0,0,0,0,0,0,0,0,0,0,0,0,0,0,0,0,0,0.0
2/19/20,0,0,0,0,0,0,0,0,0,0,0,0,0,0,0,0,0,0,0,0,0,0,0,0,0,0,0,0,0,0,0,0,0,0,0,0,0,0,0,0,0,0,0,0,0,0,0,0,0,0,0,0,0,0,0,0,0,0,0,0,0,0,0,0,0,0,0,0.0
2/20/20,0,0,0,0,0,0,0,0,0,0,0,0,0,0,0,0,0,0,0,0,0,0,0,0,0,0,0,0,0,0,0,0,0,0,0,0,0,0,0,0,0,0,0,0,0,0,0,0,0,0,0,0,0,0,0,0,0,0,0,0,0,0,0,0,0,0,0,0.0
2/21/20,0,0,0,0,0,0,0,0,0,0,0,0,0,0,0,0,0,0,0,0,0,0,0,0,0,0,0,0,0,0,0,0,0,0,0,0,0,0,0,0,0,0,0,0,0,0,0,0,0,0,0,0,0,0,0,0,0,0,0,0,0,0,0,0,0,0,0,0.0
2/22/20,0,0,0,0,0,0,0,0,0,0,0,0,0,0,0,0,0,0,0,0,0,0,0,0,0,0,0,0,0,0,0,0,0,0,0,0,0,0,0,0,0,0,0,0,0,0,0,0,0,0,0,0,0,0,0,0,0,0,0,0,0,0,0,0,0,0,0,0.0
2/23/20,0,0,0,0,0,0,0,0,0,0,0,0,0,0,0,0,0,0,0,0,0,0,0,0,0,0,0,0,0,0,0,0,0,0,0,0,0,0,0,0,0,0,0,0,0,0,0,0,0,0,0,0,0,0,0,0,0,0,0,0,0,0,0,0,0,0,0,0.0
2/24/20,0,0,0,0,0,0,0,0,0,0,0,0,0,0,0,0,0,0,0,0,0,0,0,0,0,0,0,0,0,0,0,0,0,0,0,0,0,0,0,0,0,0,0,0,0,0,0,0,0,0,0,0,0,0,0,0,0,0,0,0,0,0,0,0,0,0,0,0.0
2/25/20,0,0,0,0,0,0,0,0,0,0,0,0,0,0,0,0,0,0,0,0,0,0,0,0,0,0,0,0,0,0,0,0,0,0,0,0,0,0,0,0,0,0,0,0,0,0,0,0,0,0,0,0,0,0,0,0,0,0,0,0,0,0,0,0,0,0,0,0.0
2/26/20,0,0,0,0,0,0,0,0,0,0,0,0,0,0,0,0,0,0,0,0,0,0,0,0,0,0,0,0,0,0,0,0,0,0,0,0,0,0,0,0,0,0,0,0,0,0,0,0,0,0,0,0,0,0,0,0,0,0,0,0,0,0,0,0,0,0,0,0.0
2/27/20,0,0,0,0,0,0,0,0,0,0,0,0,0,0,0,0,0,0,0,0,0,0,0,0,0,0,0,0,0,0,0,0,0,0,0,0,0,0,0,0,0,0,0,0,0,0,0,0,0,0,0,0,0,0,0,0,0,0,0,0,0,0,0,0,0,0,0,0.0
2/28/20,0,0,0,0,0,0,0,0,0,0,0,0,0,0,0,0,0,0,0,0,0,0,0,0,0,0,0,0,0,0,0,0,0,0,0,0,0,0,0,0,0,0,0,0,0,0,0,0,0,0,0,0,0,0,0,0,0,0,0,0,0,0,0,0,0,0,0,0.0
2/29/20,0,0,0,0,0,0,0,0,0,0,0,0,0,0,0,0,0,0,0,0,0,0,0,0,0,0,0,0,0,0,0,0,0,0,0,0,0,0,0,0,0,0,0,0,0,0,0,0,0,0,0,0,0,0,0,0,0,0,0,0,0,0,0,0,0,0,0,0.0
3/1/20,0,0,0,0,0,0,0,0,0,0,0,0,0,0,0,0,0,0,0,0,0,0,0,0,0,0,0,0,0,0,0,0,0,0,0,0,0,0,0,0,0,0,0,0,0,0,0,0,0,0,0,0,0,0,0,0,0,0,0,0,0,0,0,0,0,0,0,0.0
3/2/20,0,0,0,0,0,0,0,0,0,0,0,0,0,0,0,0,0,0,0,0,0,0,0,0,0,0,0,1,0,0,0,0,0,0,0,0,0,0,0,0,0,0,0,0,0,0,0,0,0,0,0,0,0,0,0,0,0,0,0,0,0,0,0,0,0,0,0,1.0
3/3/20,0,0,0,0,0,0,0,0,0,0,0,0,0,0,0,0,0,0,0,0,0,0,0,0,0,0,0,2,0,0,0,0,0,0,0,0,0,0,0,0,0,0,0,0,0,0,0,0,0,0,0,0,0,0,0,0,0,0,0,0,0,0,0,0,0,0,0,2.0
3/4/20,0,0,0,0,0,0,0,0,0,0,0,0,0,0,0,0,0,0,0,0,0,0,0,0,0,0,0,2,0,0,0,0,0,0,0,0,0,0,0,0,0,0,0,0,0,0,0,0,0,0,0,0,0,0,0,0,0,0,0,0,0,0,0,0,0,0,0,2.0
3/5/20,0,0,0,0,0,0,0,0,0,0,0,0,0,0,0,0,0,0,0,0,0,0,0,0,0,0,0,2,0,0,0,0,0,0,0,0,0,0,0,0,0,0,0,0,0,0,0,0,0,0,0,0,0,0,1,0,0,0,0,0,0,0,0,0,0,0,0,3.0
3/6/20,0,0,0,0,0,0,0,0,0,0,0,0,0,0,0,0,0,0,0,0,0,0,0,0,0,0,0,2,0,0,0,0,0,0,0,0,0,0,0,0,0,0,0,0,0,0,0,0,0,0,0,0,0,0,1,0,0,0,0,0,0,0,0,0,0,0,0,3.0
3/7/20,0,0,0,0,0,2,0,0,0,0,0,0,0,0,0,0,0,0,0,0,0,0,0,0,0,0,0,2,0,0,0,0,0,0,2,0,0,0,0,0,0,0,0,0,0,0,0,0,0,0,0,0,0,0,1,0,0,0,0,0,0,0,0,0,0,0,0,7.0
3/8/20,0,0,0,0,0,2,0,0,0,0,0,0,0,0,0,0,0,0,0,0,0,0,0,0,0,0,0,2,0,0,0,0,0,0,2,0,0,0,0,1,0,0,0,0,0,1,0,0,0,0,0,0,0,0,1,0,0,0,0,0,0,0,0,1,0,0,0,10.0
3/9/20,0,0,0,0,0,3,0,1,0,0,0,0,0,0,0,0,0,0,0,0,0,0,0,0,0,0,0,2,0,0,0,0,0,0,2,0,0,0,0,2,0,0,0,0,0,1,0,0,0,0,0,0,0,0,1,0,0,0,0,0,0,0,0,1,0,0,0,13.0
3/10/20,0,0,0,0,0,4,0,1,0,0,0,0,0,0,0,0,0,0,0,0,0,0,0,0,0,0,0,2,0,0,0,0,0,0,2,0,0,0,0,2,0,0,0,0,0,1,0,0,0,0,0,0,0,0,1,0,0,0,0,0,0,0,0,2,0,0,0,15.0
3/11/20,1,0,0,0,0,4,0,1,0,0,3,0,0,0,0,0,0,0,0,0,0,0,0,0,0,0,0,3,0,0,0,0,0,0,2,0,0,0,0,2,0,0,0,0,1,1,0,0,0,0,1,2,0,0,1,0,0,0,0,0,0,0,0,2,0,0,0,24.0
3/12/20,1,0,0,0,0,7,0,1,0,0,3,0,0,0,0,0,0,0,0,0,0,0,0,0,0,0,0,2,0,0,0,0,0,0,3,0,0,0,0,2,0,0,1,0,1,1,0,0,0,0,1,2,0,0,1,0,1,1,0,0,0,0,0,2,0,0,0,30.0
3/13/20,2,0,0,0,0,11,0,1,0,1,3,0,0,0,1,0,0,0,0,0,0,0,0,0,0,0,0,3,0,0,0,0,0,0,4,0,0,0,0,2,0,0,2,0,1,1,0,0,0,2,1,2,0,0,1,2,1,1,0,0,0,0,0,3,0,0,0,45.0
3/14/20,1,0,0,0,0,20,0,1,0,1,3,0,0,0,1,0,0,0,0,0,0,0,0,0,0,0,0,2,0,0,0,0,0,0,4,0,0,0,0,4,0,0,8,0,1,1,0,1,1,5,1,2,0,0,1,1,1,0,0,0,0,0,0,4,0,0,0,64.0
3/15/20,1,0,0,0,0,36,0,1,1,3,5,0,0,0,4,0,0,0,0,0,0,0,0,0,0,0,0,4,0,0,0,0,0,0,5,0,0,0,0,4,0,0,13,0,1,1,0,2,1,5,2,2,0,0,1,1,1,1,0,0,0,0,0,5,0,0,0,100.0
3/16/20,1,0,0,0,0,36,0,1,1,3,5,0,0,0,4,1,0,0,0,0,0,0,0,0,0,0,0,4,0,0,0,0,0,0,5,0,0,0,0,4,0,0,13,0,1,1,0,2,1,5,2,2,0,0,1,1,1,1,0,0,0,0,0,5,0,0,0,101.0
3/17/20,4,0,0,0,1,48,0,1,2,4,6,0,0,0,10,1,0,0,0,0,0,0,0,0,0,0,0,7,0,0,0,0,0,1,5,0,0,0,0,7,0,0,40,0,1,2,0,6,6,13,2,4,1,0,1,2,4,2,0,0,0,0,0,9,0,0,0,190.0
3/18/20,7,0,0,0,2,72,0,1,3,4,13,0,0,0,13,1,0,0,0,0,0,0,0,0,0,0,0,14,0,0,0,0,0,2,10,0,0,0,0,8,0,0,76,0,1,3,0,9,8,19,3,10,1,0,0,5,7,4,0,1,0,0,0,9,0,0,0,306.0
3/19/20,11,0,0,0,3,96,0,1,3,4,18,0,0,0,15,1,0,0,1,0,0,0,0,0,0,4,0,20,0,1,1,0,0,3,11,4,0,0,0,9,0,1,101,0,1,5,0,19,13,29,5,16,4,0,2,6,8,4,0,2,0,0,0,9,0,1,0,432.0
3/20/20,15,0,0,0,4,128,0,2,3,4,25,0,0,0,17,1,0,0,1,0,0,0,0,0,0,4,0,32,0,3,1,0,0,3,14,4,0,0,0,10,0,1,124,1,1,7,0,23,13,42,7,22,9,0,3,8,10,7,0,2,0,0,0,10,0,3,0,564.0
3/21/20,25,1,1,0,5,164,0,2,8,6,28,0,0,0,25,1,0,0,1,0,0,0,0,0,0,6,0,47,0,5,1,0,0,4,17,4,0,0,0,13,2,1,169,1,1,12,0,29,21,56,8,29,10,1,3,14,12,9,1,4,0,0,0,11,0,4,0,762.0
3/22/20,35,2,1,1,7,217,0,2,8,7,33,2,1,0,39,4,1,0,1,0,0,0,0,0,0,5,1,58,0,8,1,0,0,6,26,5,0,0,0,13,3,2,227,1,1,14,0,33,24,72,11,38,11,2,4,15,19,16,3,5,0,0,0,14,0,4,0,1003.0
3/23/20,36,3,1,1,7,263,0,3,9,8,39,2,1,0,50,9,3,0,1,0,0,0,0,0,0,5,2,75,0,10,1,0,0,9,30,6,0,0,0,15,4,4,278,2,1,14,0,48,25,89,14,41,13,2,4,21,22,18,5,8,0,0,0,16,0,9,0,1227.0
3/24/20,37,4,1,1,9,311,0,3,9,10,41,3,1,0,50,10,4,0,1,0,0,0,0,0,0,5,4,91,0,11,1,0,0,14,32,8,0,0,0,16,4,4,338,3,1,14,0,50,26,101,15,45,13,2,4,26,23,22,6,10,0,0,0,18,0,10,0,1412.0
3/25/20,45,5,1,1,11,355,0,3,9,13,47,3,1,0,56,14,5,0,1,0,0,0,0,0,0,8,4,106,0,12,1,0,0,18,42,8,0,0,0,22,5,4,400,8,1,16,0,77,35,118,17,50,14,4,7,27,29,26,8,13,0,0,0,20,0,12,0,1682.0
3/26/20,49,5,3,1,13,504,0,3,11,19,65,3,5,0,74,19,7,0,1,0,0,0,0,0,0,9,5,142,0,13,1,0,0,25,56,9,0,0,0,26,5,8,616,12,5,21,0,110,42,169,19,64,17,12,9,34,37,33,10,24,0,0,0,29,0,13,0,2357.0
3/27/20,57,7,3,1,16,614,0,5,11,22,81,3,6,0,90,22,11,0,1,0,0,0,0,0,0,10,5,167,0,14,1,0,0,29,76,14,0,0,0,28,8,16,763,16,6,23,0,156,53,194,23,77,26,12,11,40,49,36,14,29,1,0,0,39,0,13,1,2900.0
3/28/20,67,7,5,1,26,814,0,12,14,24,92,3,7,0,115,28,13,0,1,0,0,0,0,0,0,13,10,195,0,16,1,0,0,35,101,16,1,0,0,30,17,25,1003,20,6,27,0,206,66,292,28,94,34,12,14,48,61,48,21,33,1,0,0,44,0,15,1,3763.0
3/29/20,71,7,6,1,28,838,0,16,15,30,95,3,7,0,125,30,13,0,1,0,0,0,0,0,1,14,10,218,0,17,1,0,0,38,124,18,2,0,0,33,20,26,1192,22,7,31,0,246,83,333,34,113,39,12,20,50,76,50,23,43,1,0,0,47,0,15,1,4246.0
3/30/20,79,8,6,2,31,1152,0,18,17,35,119,3,7,0,158,42,13,0,1,0,3,0,0,0,3,21,13,253,0,24,2,0,0,47,164,21,2,0,0,39,23,27,1632,24,8,35,0,293,94,423,38,126,55,13,30,61,87,60,29,46,3,0,0,65,1,15,1,5472.0
3/31/20,87,9,8,2,37,1219,1,24,19,41,146,3,7,0,207,94,18,0,1,0,3,0,0,0,4,24,17,305,1,33,2,0,0,66,206,26,2,0,0,53,25,28,2123,27,10,39,0,373,110,551,40,167,73,13,44,76,103,79,38,51,3,0,1,80,1,18,1,6739.0
4/1/20,90,9,10,3,38,1232,1,24,19,46,150,3,7,0,218,94,20,0,1,0,3,1,0,0,4,24,17,309,1,33,2,0,0,67,212,28,2,0,0,58,28,29,2202,27,11,39,0,392,115,567,43,170,76,13,44,82,109,83,40,52,4,0,1,80,1,18,1,6953.0
4/2/20,95,11,15,5,49,1481,1,38,27,58,178,4,8,0,286,101,25,0,2,0,3,1,0,1,4,34,24,404,1,41,4,0,0,82,275,35,2,0,2,89,33,34,2886,38,16,51,1,541,170,737,66,273,103,14,47,110,145,102,48,66,7,0,1,102,2,19,1,8999.0
4/3/20,110,11,18,5,62,1598,2,43,28,69,203,4,9,0,323,113,28,1,3,0,3,1,0,1,5,38,26,463,1,47,4,0,0,88,304,39,2,0,4,104,38,42,3364,40,19,54,2,602,201,858,77,318,126,15,48,124,163,119,60,68,11,0,1,125,3,19,1,10258.0
4/4/20,116,11,23,6,72,1765,3,46,34,74,221,10,11,1,387,118,29,1,4,0,4,1,0,1,6,40,30,497,1,50,4,1,0,95,348,42,2,0,6,129,42,53,3890,42,21,59,3,657,216,954,90,342,142,18,50,129,178,132,76,73,17,0,2,134,5,21,1,11536.0
4/5/20,123,12,24,7,79,1886,3,47,43,79,231,13,12,1,413,125,31,2,4,0,4,1,0,2,7,43,35,536,1,55,4,1,0,101,379,42,4,0,10,136,50,60,4146,44,21,62,3,713,229,1000,102,359,157,19,55,140,191,141,82,75,18,0,2,151,6,23,1,12346.0
4/6/20,131,13,24,8,88,2067,3,55,45,81,246,13,14,1,475,136,32,2,5,0,4,1,1,2,9,48,35,571,1,61,4,3,0,104,397,59,4,0,11,144,53,83,4481,45,25,65,3,744,239,1069,110,362,176,19,58,151,194,146,100,80,32,0,2,151,6,24,1,13317.0
4/7/20,139,15,25,11,98,2230,3,67,51,88,271,16,16,1,521,168,35,2,6,1,4,1,1,2,9,51,37,608,2,62,4,4,0,116,434,68,5,0,11,162,63,98,4997,49,26,69,4,763,254,1136,120,380,197,19,65,172,202,151,118,84,32,1,2,162,6,26,2,14543.0
4/8/20,144,15,28,15,102,2358,4,76,54,97,277,17,18,2,549,180,35,2,8,1,4,1,1,2,10,56,41,626,3,63,4,8,0,136,462,71,5,0,12,171,65,101,5354,51,29,78,4,803,272,1206,125,394,206,21,69,180,216,154,130,90,46,1,2,163,7,26,2,15453.0
4/9/20,150,16,30,20,106,2454,4,79,57,103,292,17,19,1,589,184,37,2,10,3,4,1,1,3,11,58,45,644,2,68,5,8,1,139,496,74,6,0,12,175,72,109,5745,52,30,80,5,857,295,1260,128,413,212,25,71,190,228,162,132,98,54,1,2,179,7,26,3,16362.0
4/10/20,167,16,36,22,115,2645,5,85,60,114,318,23,20,1,609,197,44,2,14,4,4,1,2,3,14,62,47,671,2,68,5,9,1,147,547,82,6,0,14,198,82,111,6119,55,33,83,5,895,300,1388,141,428,237,28,103,208,235,163,144,106,58,1,2,187,7,27,3,17529.0
4/11/20,174,17,36,24,120,2806,5,107,66,158,344,24,20,2,635,206,44,2,14,4,4,1,2,3,16,65,51,690,2,70,5,9,1,149,584,112,6,1,14,203,83,115,6487,58,33,91,5,914,317,1441,148,444,242,29,105,219,242,167,148,107,66,1,2,195,7,27,3,18492.0
4/12/20,215,17,37,29,133,2945,5,113,71,163,361,26,20,2,668,224,45,2,17,4,4,1,2,3,20,71,56,759,2,74,6,12,1,150,617,120,8,1,14,236,93,122,7058,59,34,101,5,949,323,1646,160,455,254,43,109,226,255,173,152,110,67,1,2,201,8,29,4,19893.0
4/13/20,187,17,38,30,148,3177,5,119,72,165,376,27,22,2,691,241,45,2,36,4,5,1,2,3,22,71,61,813,2,77,6,12,1,162,642,150,7,2,14,252,101,129,7459,64,34,103,5,1024,333,1704,169,479,270,42,113,230,268,176,161,112,68,1,2,216,12,29,4,21017.0
4/14/20,195,17,38,31,163,3261,5,123,75,168,380,28,22,2,718,247,45,2,38,6,5,1,2,3,23,71,62,819,4,77,6,13,1,169,657,150,7,2,14,261,104,135,7712,64,35,104,5,1038,349,1740,177,494,279,43,114,241,275,177,165,113,75,1,2,226,12,29,5,21625.0
4/15/20,194,17,39,35,173,3363,5,124,74,170,395,34,22,3,745,260,46,2,40,6,5,1,2,3,26,76,64,869,4,78,6,22,1,179,677,154,7,2,15,276,107,138,8066,66,37,107,5,1073,361,1814,186,513,286,46,115,252,283,179,172,114,80,1,2,242,13,29,5,22506.0
4/16/20,200,17,42,39,192,3466,5,127,80,184,416,35,22,3,776,277,50,2,44,4,5,1,2,4,27,76,66,878,4,83,8,23,1,186,687,165,9,2,16,309,112,142,8326,66,40,117,5,1114,384,1867,190,530,304,49,118,260,306,182,186,117,83,1,2,255,14,29,5,23337.0
4/17/20,202,17,44,40,205,3688,6,131,82,216,445,35,23,3,817,290,55,2,47,4,5,1,3,4,31,83,66,924,5,85,8,23,1,197,721,174,9,2,19,326,116,147,8824,68,42,124,5,1158,392,2088,193,565,316,52,130,274,313,186,192,120,87,1,2,270,14,31,6,24755.0
4/18/20,205,17,48,42,210,3838,6,138,82,223,457,36,23,3,835,304,66,2,48,4,5,1,3,4,39,84,66,943,5,83,8,24,1,203,739,169,11,2,20,362,118,148,9045,73,42,127,6,1180,403,2138,198,587,320,55,133,279,315,188,196,144,90,1,2,291,14,32,5,25489.0
4/19/20,210,17,55,42,215,3971,6,138,84,247,463,39,24,3,854,309,75,2,51,4,5,1,3,4,41,84,70,960,6,84,8,26,1,207,769,176,12,2,21,417,121,151,9354,73,44,131,7,1198,409,2170,205,592,326,56,138,284,320,190,202,147,98,1,3,333,14,32,6,26311.0
4/20/20,218,17,57,42,218,4078,6,139,86,249,470,40,24,4,896,315,76,2,57,4,5,1,3,4,44,84,71,973,6,85,9,26,1,211,785,184,13,2,23,433,129,155,9657,73,46,131,7,1216,410,2260,209,607,335,58,140,291,325,192,204,153,98,2,2,342,15,32,6,27056.0
4/21/20,224,17,58,42,224,4168,6,143,92,256,477,43,24,4,909,340,78,2,57,4,5,1,4,4,46,84,71,979,8,85,11,26,1,213,795,186,12,2,26,443,130,160,10056,73,46,134,8,1235,417,2320,213,632,356,59,139,297,328,194,206,163,102,2,3,366,15,32,9,27865.0
4/22/20,227,17,59,42,225,4228,6,148,92,257,483,42,24,4,925,418,78,2,58,4,5,1,5,4,52,84,71,982,8,85,11,26,1,213,794,186,13,2,35,445,130,161,10153,73,46,135,8,1251,423,2403,218,638,361,65,144,299,332,195,207,164,104,2,3,375,15,32,10,28309.0
4/23/20,231,19,60,42,235,4431,6,178,94,264,507,46,24,4,956,420,106,2,69,4,5,1,6,5,59,83,74,1008,9,88,13,26,1,217,887,191,13,2,40,473,145,166,10588,74,48,141,9,1274,449,2554,221,656,379,75,141,310,340,200,220,166,106,3,3,420,17,34,10,29648.0
4/24/20,244,20,63,42,247,4591,6,199,95,266,526,46,24,5,955,434,106,2,79,4,5,1,6,9,64,86,76,1022,9,89,13,27,1,219,940,207,13,2,41,491,148,169,10926,77,49,145,9,1290,461,2600,230,673,393,81,143,314,348,203,223,167,107,3,4,428,20,35,12,30533.0
4/25/20,245,20,63,42,250,4659,6,202,95,267,535,47,24,6,965,442,116,2,80,4,5,1,6,10,64,89,76,1041,9,89,13,27,1,221,944,208,13,2,41,497,150,169,11005,77,50,149,9,1304,463,2614,233,677,400,83,147,318,351,203,225,169,109,3,4,432,20,35,12,30838.0
4/26/20,251,20,65,43,252,4729,6,203,97,267,552,49,24,6,984,457,121,2,81,4,6,1,6,10,65,89,76,1048,9,89,13,27,1,222,961,210,13,2,43,508,151,174,11351,78,53,149,9,1322,463,2697,233,687,410,87,149,321,357,204,228,171,116,3,4,434,21,35,12,31531.0
4/27/20,254,20,68,44,266,4794,6,211,97,271,562,53,25,5,990,470,127,2,87,4,6,1,6,13,68,89,80,1062,9,90,13,28,1,223,971,212,13,2,44,533,151,183,11570,79,53,149,10,1339,470,2763,237,698,441,87,150,323,367,204,236,173,118,3,4,440,22,35,12,32137.0
4/28/20,255,20,70,44,268,4847,6,219,97,272,568,55,26,6,1001,485,131,2,94,4,6,1,6,14,72,89,81,1080,9,90,13,28,1,226,990,213,18,2,49,563,160,185,11831,79,53,152,10,1363,474,2877,239,709,457,103,151,334,374,207,239,177,128,3,4,445,22,35,12,32844.0
4/29/20,262,20,70,46,270,4898,8,223,97,272,581,57,28,6,1007,496,133,2,94,4,6,1,6,16,80,89,81,1105,9,90,14,28,1,227,1003,214,18,3,49,567,165,186,11927,78,56,153,10,1371,479,2911,241,718,468,103,153,338,373,207,239,176,129,3,4,448,22,35,12,33186.0
4/30/20,267,20,72,46,285,4953,8,236,99,273,596,58,29,7,1012,506,133,2,95,5,6,1,6,18,83,90,81,1124,10,90,14,28,1,227,1021,219,19,3,55,580,175,191,12063,79,56,154,11,1385,478,2963,249,729,483,106,154,352,379,208,247,181,130,3,4,452,23,38,12,33683.0
5/1/20,273,22,72,47,289,5144,8,245,99,276,610,64,30,7,1025,532,134,2,103,5,6,1,7,22,92,92,84,1163,10,91,14,28,2,233,1067,226,19,6,58,591,178,197,12389,79,57,156,12,1413,486,3041,252,748,500,108,158,365,385,210,249,217,139,3,5,500,24,38,12,34720.0
5/2/20,275,22,75,48,297,5257,14,244,99,278,628,68,31,7,1038,538,138,2,105,5,6,1,7,29,96,92,86,1240,10,92,14,28,2,234,1085,233,19,8,58,607,182,199,12632,80,58,158,13,1422,504,3080,275,757,514,117,157,372,395,212,254,221,141,3,5,509,23,43,12,35454.0
5/3/20,286,22,76,48,308,5312,15,249,99,279,640,92,32,9,1045,593,140,2,107,6,6,1,7,32,101,94,85,1281,10,97,15,28,2,234,1118,234,19,60,60,619,184,202,12775,80,59,160,14,1434,509,3130,278,766,523,120,157,377,394,211,257,226,141,3,5,513,24,49,12,36066.0
5/4/20,289,22,76,48,310,5383,15,257,99,285,653,96,39,10,1072,595,140,2,113,6,6,1,7,33,111,96,87,1300,10,98,15,28,2,235,1138,243,20,60,61,636,184,215,13092,80,59,160,18,1438,516,3311,282,784,536,121,158,385,396,211,260,233,141,3,5,514,24,50,12,36885.0
5/5/20,289,22,76,48,319,5492,15,269,100,287,656,96,40,10,1084,598,141,2,115,6,6,1,7,34,115,96,88,1324,10,99,15,28,3,235,1160,243,20,60,61,684,193,218,13224,80,59,161,17,1446,514,3390,284,788,547,120,158,395,403,214,259,236,142,3,5,521,29,50,12,37422.0
5/6/20,295,22,76,48,320,5553,19,294,101,288,677,96,42,10,1077,604,142,2,120,6,6,1,7,34,120,97,87,1331,10,99,23,28,3,236,1176,243,20,70,61,722,196,224,13371,80,60,162,18,1460,529,3480,285,801,564,120,158,405,408,216,265,234,143,3,5,526,29,51,12,37971.0
5/7/20,300,22,76,48,325,5677,24,304,102,292,705,101,42,11,1083,616,145,2,121,6,6,1,7,35,129,97,90,1364,10,99,31,28,3,237,1212,249,20,114,61,737,202,233,13585,80,60,163,22,1474,544,3587,289,820,594,120,160,412,410,222,271,238,144,3,5,534,29,50,12,38795.0
5/8/20,306,24,76,48,326,5688,24,312,102,293,712,102,42,12,1088,618,147,2,123,6,6,1,8,35,133,98,93,1371,10,100,74,28,3,237,1219,249,20,196,61,742,202,243,13664,80,60,165,23,1478,554,3615,291,828,601,120,162,416,410,223,275,239,145,3,5,537,29,51,12,39166.0
5/9/20,308,24,76,48,328,5780,27,317,104,299,734,102,47,13,1134,634,147,2,128,6,7,1,8,36,136,98,96,1400,10,100,72,28,3,240,1249,252,20,196,61,756,210,245,13841,89,60,168,23,1505,564,3798,293,848,623,125,172,418,411,222,280,240,145,3,6,540,29,55,12,39952.0
5/10/20,312,25,76,48,328,5858,27,329,106,300,752,103,47,13,1164,638,147,2,128,6,7,1,18,36,145,100,98,1432,10,100,91,28,3,242,1268,254,20,198,61,776,208,255,14007,88,60,169,28,1505,572,3870,297,861,636,126,173,426,415,222,282,244,146,3,6,548,29,61,12,40546.0
5/11/20,320,25,76,48,330,5882,27,337,106,302,766,103,51,13,1171,641,147,2,130,6,7,1,19,36,151,101,99,1448,10,100,97,28,3,243,1285,254,20,198,61,783,211,261,14167,92,61,169,28,1512,573,3889,300,876,655,127,176,430,415,222,284,244,146,3,7,551,29,65,12,40932.0
5/12/20,324,25,77,48,346,5973,27,347,107,303,843,105,52,14,1186,659,147,2,137,6,8,1,19,36,159,101,99,1473,10,102,131,28,5,246,1317,266,22,198,61,795,213,274,14385,95,61,169,28,1537,580,4093,302,909,675,127,179,435,418,223,290,244,148,3,7,557,31,66,12,41866.0
5/13/20,326,26,77,48,344,5998,31,350,109,303,864,107,52,15,1199,665,148,2,139,7,8,1,86,37,165,101,100,1494,10,102,106,28,5,247,1332,271,22,198,61,806,217,275,14468,96,62,170,25,1553,586,4176,306,923,687,127,179,440,422,229,299,245,149,3,10,566,31,68,12,42314.0
5/14/20,330,26,78,49,348,6057,33,357,109,306,882,107,58,18,1215,671,148,2,140,7,9,1,134,39,176,104,103,1530,10,103,105,28,5,248,1350,275,22,199,62,813,217,281,14742,95,63,172,32,1577,594,4278,308,962,698,127,180,487,426,231,301,246,151,3,14,576,31,73,12,43134.0
5/15/20,330,26,80,49,356,6133,38,367,110,308,915,108,61,22,1252,682,153,2,180,7,10,1,144,39,180,105,103,1568,11,104,125,28,5,249,1385,276,24,199,62,826,218,294,15011,95,65,174,33,1615,608,4391,313,997,716,127,182,496,429,231,313,250,151,3,14,590,31,76,14,44060.0
5/16/20,329,26,83,49,359,6201,38,370,110,313,923,108,61,22,1259,682,156,2,212,7,9,1,144,39,205,108,104,1585,10,104,126,28,6,250,1401,276,24,199,62,834,220,296,15366,95,65,177,34,1629,616,4440,314,1008,722,128,182,498,431,231,316,251,153,3,20,591,31,77,13,44732.0
5/17/20,332,26,84,49,365,6243,40,380,112,317,948,111,66,22,1284,689,156,2,223,7,9,1,147,40,211,109,104,1614,10,106,129,28,6,252,1456,280,25,199,63,849,222,321,15658,100,66,177,35,1655,622,4524,316,1022,736,131,183,508,432,231,323,251,158,3,25,594,32,77,13,45509.0
5/18/20,337,26,85,49,367,6322,41,389,112,320,1006,113,68,25,1300,707,160,2,240,7,10,1,147,42,222,110,104,1653,12,106,131,28,6,254,1481,290,25,199,64,867,223,371,15864,99,66,178,43,1679,627,4658,319,1051,746,134,185,518,435,232,334,252,160,5,25,605,32,81,13,46363.0
5/19/20,339,26,86,49,371,6369,40,392,114,321,1030,113,69,26,1318,719,167,2,242,8,13,1,147,44,224,109,107,1670,10,108,148,28,6,257,1520,304,25,199,64,888,224,396,15942,99,66,180,45,1699,629,4699,327,1062,766,134,186,533,442,233,337,253,160,5,26,612,32,91,14,46865.0
5/20/20,344,26,86,49,372,6407,40,398,115,333,1058,115,80,26,1336,723,169,2,245,8,16,1,153,47,228,107,107,1703,11,108,171,28,6,260,1542,306,27,199,66,893,228,419,16034,100,69,184,49,1708,636,4776,328,1075,786,135,197,538,444,233,336,253,160,5,26,618,32,97,14,47391.0
5/21/20,346,26,87,50,376,6514,41,410,115,351,1112,119,94,31,1355,734,172,2,249,8,19,1,156,54,240,108,110,1767,14,110,173,30,6,264,1585,320,27,199,67,933,233,472,16367,100,69,184,51,1726,640,4968,335,1109,822,136,198,550,445,235,349,254,161,8,28,630,32,97,19,48593.0
5/22/20,354,26,92,50,380,6580,52,412,118,354,1160,121,97,33,1376,740,173,2,252,10,19,1,159,60,250,110,111,1790,16,112,219,29,7,266,1666,329,27,204,66,946,233,476,16522,101,69,185,55,1744,644,5072,338,1116,840,138,202,565,449,236,363,252,164,10,28,640,32,100,24,49367.0
5/23/20,355,27,94,50,389,6649,52,417,119,354,1195,125,112,38,1406,749,173,2,255,10,20,1,161,63,249,109,112,1823,14,113,225,29,8,271,1677,330,27,204,67,958,233,483,16694,107,69,192,57,1768,648,5140,341,1153,853,139,207,576,454,238,386,253,164,11,29,655,32,103,26,50043.0
5/24/20,361,27,95,51,394,6697,52,423,119,357,1251,130,115,41,1439,756,177,2,255,11,20,1,194,77,281,109,113,1883,14,116,230,29,8,273,1699,332,27,206,68,975,237,494,16845,108,70,193,60,1808,658,5201,349,1173,869,140,207,586,459,239,391,253,165,12,30,663,32,106,26,50782.0
5/25/20,365,27,97,51,398,6760,52,427,119,362,1282,131,117,43,1467,768,177,2,264,12,20,1,206,85,321,112,114,1939,14,117,238,29,8,275,1736,372,29,209,69,988,237,510,17041,107,70,193,64,1831,658,5355,360,1187,878,143,208,590,461,240,404,253,166,14,30,673,32,108,45,51661.0
5/26/20,370,27,97,51,399,6799,52,430,119,365,1305,132,121,44,1484,769,177,2,266,12,24,1,206,87,337,112,114,1969,18,119,239,29,8,277,1759,375,30,209,69,990,240,535,17168,107,70,194,67,1849,662,5429,369,1196,891,144,209,594,465,241,413,254,165,14,31,680,32,108,50,52170.0
5/27/20,370,29,97,51,399,6825,52,433,119,366,1334,135,124,46,1507,776,178,2,268,12,24,1,208,88,339,113,114,1995,18,119,240,29,8,279,1767,377,30,209,69,996,240,550,17225,107,72,198,67,1877,673,5455,373,1205,907,144,237,598,471,245,420,253,166,14,31,683,32,109,51,52549.0
5/28/20,372,28,97,51,401,6870,52,438,119,369,1401,136,132,46,1523,784,179,2,268,12,24,1,209,88,354,113,119,2019,18,120,241,29,8,280,1802,379,30,209,69,1007,241,557,17396,107,74,199,68,1902,674,5541,375,1218,939,149,237,611,474,247,424,253,166,16,31,709,32,109,51,53199.0
5/29/20,378,28,98,51,409,6975,53,446,120,374,1454,140,171,49,1561,791,182,2,269,12,27,1,221,91,387,113,120,2069,19,122,248,29,8,291,1847,401,31,213,69,1022,243,601,17641,108,74,207,70,1945,688,5765,377,1238,977,149,240,622,481,252,449,253,166,19,31,725,33,114,54,54414.0
5/30/20,379,29,97,51,420,7067,56,450,121,380,1514,144,173,49,1608,810,185,2,269,13,29,1,230,93,405,113,127,2129,19,126,249,29,8,298,1894,406,31,213,69,1037,244,626,17826,108,75,212,76,1976,698,5898,381,1262,1005,150,242,629,484,256,463,253,167,20,31,730,34,114,57,55340.0
5/31/20,380,29,98,51,422,7123,63,458,121,382,1539,144,182,51,1644,815,189,2,273,12,30,1,233,99,415,115,129,2201,19,130,251,29,8,301,1908,404,32,213,69,1045,248,651,18000,108,76,223,83,2002,701,5996,386,1297,1027,152,245,635,490,260,471,253,167,22,32,736,34,117,57,56079.0
6/1/20,382,29,100,51,424,7196,61,461,122,383,1580,148,182,54,1654,828,189,2,276,15,32,1,239,101,431,115,130,2251,19,133,256,29,8,304,1943,405,34,213,69,1057,250,652,18139,109,76,232,84,2031,703,6135,388,1313,1038,153,247,639,491,260,473,253,168,22,32,741,35,117,58,56746.0
6/2/20,382,29,99,51,427,7248,62,463,122,387,1605,147,197,54,1660,844,190,2,278,15,61,2,239,105,446,118,132,2285,23,138,266,29,8,306,1967,411,35,213,69,1074,255,680,18224,109,80,235,85,2048,709,6219,394,1335,1053,154,248,647,493,262,492,255,168,22,33,752,35,118,66,57360.0
6/3/20,383,29,105,51,428,7339,62,470,122,390,1679,153,205,55,1669,853,191,2,285,15,64,2,250,111,476,120,134,2384,24,139,269,29,8,309,2087,428,35,218,69,1110,257,729,18456,109,81,236,97,2121,715,6477,398,1361,1074,154,250,649,505,269,508,258,170,24,33,771,35,118,68,58675.0
6/4/20,387,29,111,51,431,7462,62,476,122,394,1814,160,218,56,1702,866,193,2,288,17,70,3,255,118,501,122,138,2479,26,144,290,29,9,313,2147,432,38,218,69,1134,261,764,18779,110,82,241,104,2169,726,6688,405,1397,1100,165,255,652,512,267,535,260,172,26,34,784,35,120,74,60093.0
6/5/20,392,29,115,52,439,7572,64,481,125,393,1874,167,245,58,1736,871,195,2,289,19,81,3,261,131,521,122,141,2554,30,154,298,30,10,317,2200,434,55,218,72,1162,272,810,19056,110,82,250,122,2210,732,6859,416,1478,1127,172,256,658,515,270,561,261,174,27,34,791,35,124,79,61393.0
6/6/20,396,29,123,52,453,7690,64,488,125,396,1968,171,258,58,1764,879,195,2,293,19,83,3,261,140,552,122,143,2643,30,160,298,31,10,321,2253,438,58,218,71,1177,274,849,19299,110,82,253,125,2256,741,7074,419,1532,1145,173,257,669,521,272,607,261,174,45,36,804,35,130,83,62661.0
6/7/20,399,29,130,52,457,7804,66,493,128,400,2039,171,268,58,1792,888,195,2,294,20,84,6,263,145,558,125,146,2748,30,164,308,31,10,329,2289,442,60,218,71,1189,279,907,19547,111,82,262,138,2316,745,7230,424,1584,1178,173,258,680,532,279,627,261,175,46,38,819,35,130,84,63841.0
6/8/20,399,29,132,52,464,7924,66,500,128,405,2070,171,284,60,1806,891,195,2,294,19,85,7,262,151,565,126,150,2861,30,167,309,31,10,337,2315,443,73,218,71,1219,281,917,19756,114,82,271,138,2378,749,7329,434,1638,1206,174,258,686,542,282,654,261,175,48,38,829,35,131,84,64811.0
6/9/20,404,29,133,52,471,8035,64,501,128,411,2128,174,296,60,1824,907,195,2,296,19,86,7,263,153,572,127,150,2923,30,167,310,31,13,339,2388,448,90,218,71,1229,284,934,19980,114,83,274,143,2449,762,7518,442,1679,1243,175,261,694,556,287,669,264,176,48,38,837,35,133,85,65907.0
6/10/20,412,29,135,52,484,8193,64,505,130,420,2230,175,299,60,1848,915,200,2,298,19,104,8,267,160,580,129,153,3027,31,172,311,31,12,342,2422,451,90,218,71,1245,286,958,20277,116,84,287,149,2542,770,7678,457,1746,1287,176,262,705,585,288,696,265,178,47,38,849,35,135,85,67275.0
6/11/20,443,29,135,52,506,8337,64,515,132,427,2291,177,304,60,1893,944,201,2,300,20,107,8,268,164,590,130,160,3174,31,177,315,31,12,355,2500,456,95,218,75,1253,292,1020,20548,120,86,294,154,2678,785,7887,473,1862,1325,181,273,716,621,287,760,265,182,51,38,860,35,142,87,68973.0
6/12/20,506,30,139,52,519,8589,65,522,135,429,2364,177,329,60,1923,956,202,2,302,22,109,8,268,177,597,132,169,3295,31,190,316,31,12,383,2563,464,98,218,75,1309,299,1056,20872,121,87,312,158,2773,796,8209,484,1941,1373,183,275,724,663,292,793,266,185,52,38,884,35,145,87,70871.0
6/13/20,531,30,141,52,541,8864,66,529,140,429,2435,177,348,60,1961,961,204,3,301,26,110,8,271,189,617,135,170,3504,31,197,318,32,12,452,2634,464,100,218,76,1353,310,1134,21633,128,90,315,166,2937,810,8442,500,2103,1414,185,285,741,709,298,830,266,186,53,39,914,35,146,91,73450.0
6/14/20,541,30,145,52,545,8928,66,532,143,435,2526,182,361,60,1990,985,207,2,304,26,114,8,271,196,638,140,171,3613,31,205,319,32,13,464,2836,469,100,219,79,1377,311,1170,21917,129,92,332,183,3130,838,8833,521,2235,1466,190,291,767,759,307,883,266,196,54,38,928,35,148,92,75466.0
6/15/20,551,30,153,52,565,9086,66,537,150,440,2592,183,387,60,2032,999,207,2,305,26,116,9,272,205,650,141,172,3826,31,216,320,32,13,482,2877,474,101,220,82,1421,315,1218,22197,130,93,337,189,3282,848,9015,543,2389,1509,191,293,780,790,315,926,267,200,59,38,946,35,150,91,77229.0
6/16/20,564,34,157,53,608,9498,66,543,152,443,2729,187,402,60,2112,1020,208,2,309,73,118,11,277,213,659,146,192,4029,31,234,326,33,15,498,3015,483,127,220,84,1483,325,1296,22741,131,94,344,195,3437,866,9262,560,2523,1566,198,297,789,836,333,981,268,208,60,38,969,35,152,94,80012.0
6/17/20,580,35,161,56,650,9812,66,551,157,450,2817,202,406,60,2194,1052,214,2,312,73,119,11,279,221,675,147,197,4273,32,256,329,36,15,552,3187,485,131,220,86,1523,331,1311,23273,137,96,351,200,3584,892,9472,583,2684,1634,205,305,803,876,347,1037,269,217,62,38,995,36,157,95,82614.0
6/18/20,600,35,167,56,688,10111,65,553,162,456,2883,205,412,60,2309,1089,216,2,316,74,121,11,281,228,700,151,200,4610,33,284,327,36,16,583,3354,495,132,220,93,1548,345,1324,23854,146,97,366,207,3900,926,9854,627,2887,1702,209,319,833,976,365,1057,270,224,62,38,1057,37,157,95,85816.0
6/19/20,633,39,175,58,748,10448,65,570,168,468,2992,205,431,61,2484,1127,216,2,319,75,121,11,285,244,724,158,206,4982,45,317,329,36,18,646,3475,508,137,220,98,1649,365,1421,24376,150,101,391,230,4274,960,10116,686,3153,1856,213,330,868,1101,398,1131,277,229,62,39,1117,37,165,96,89635.0
6/20/20,673,39,188,61,817,10837,68,581,183,481,3097,219,439,61,2695,1170,224,2,322,75,121,11,287,272,747,171,215,5319,47,369,330,36,18,671,3556,557,137,220,109,1786,389,1460,25080,158,111,398,240,4569,1007,10506,750,3438,1970,221,342,926,1189,433,1169,282,252,63,40,1168,38,174,96,93680.0
6/21/20,716,41,190,61,850,11155,69,587,189,494,3159,227,450,61,2902,1198,226,2,322,75,142,11,289,289,759,185,226,5580,47,389,333,36,19,733,3627,573,139,221,123,1890,395,1525,25790,162,115,400,245,4914,1052,10754,809,3667,2042,237,344,962,1265,461,1214,284,310,65,41,1218,40,181,96,97173.0
6/22/20,738,44,205,63,878,11327,69,597,199,519,3206,232,468,61,3085,1202,237,4,326,86,142,11,302,305,763,200,238,5973,58,409,338,36,20,763,3666,587,147,221,142,1977,412,1582,26239,165,120,421,250,5157,1080,10943,872,3854,2225,238,350,992,1361,496,1226,286,290,68,42,1263,40,186,96,100098.0
6/23/20,760,42,230,64,918,11744,88,605,204,511,3375,233,487,62,3202,1244,244,4,329,86,142,13,304,318,780,206,258,6176,121,422,341,38,20,795,3745,596,151,220,143,2013,424,1611,26822,166,126,436,256,5502,1147,11180,954,4033,2279,242,355,1031,1451,510,1249,290,339,69,43,1301,41,188,98,103377.0
6/24/20,807,42,240,69,1022,12217,70,617,219,523,3456,243,513,62,3419,1312,250,4,332,88,143,14,315,334,796,218,270,6892,137,457,342,38,20,838,3944,614,154,220,143,2132,467,1639,27779,174,128,457,276,6056,1222,11536,1084,4387,2454,261,371,1091,1624,548,1333,299,349,70,44,1369,41,198,101,108884.0
6/25/20,863,44,248,73,1149,12584,70,626,226,542,3521,246,521,63,3724,1404,261,4,337,88,151,16,317,340,810,227,279,7329,147,479,347,41,22,881,4062,642,157,220,156,2202,493,1673,28664,188,136,500,289,6786,1321,11840,1170,4669,2571,271,411,1139,1768,599,1384,308,360,70,46,1464,42,205,102,113888.0
6/26/20,945,47,287,76,1297,13320,79,657,240,580,3778,250,539,63,4171,1559,274,6,352,89,154,17,317,373,851,260,284,8018,150,541,350,41,27,975,4757,695,165,220,170,2368,524,1713,30196,202,146,541,307,7848,1485,12498,1326,5099,2780,285,437,1245,1966,682,1441,313,373,71,48,1605,46,206,101,122826.0
6/27/20,1033,51,305,80,1547,14046,72,687,264,616,3966,261,574,65,4848,1611,279,6,365,94,158,22,322,403,895,312,373,9130,161,620,353,45,31,1098,4956,775,168,221,179,2642,598,1850,31562,204,158,563,333,8837,1649,12928,1630,5713,3182,297,442,1341,2202,756,1576,319,393,73,58,1745,47,210,106,132406.0
6/28/20,1124,55,322,82,1631,14620,76,714,277,659,4087,269,585,65,5588,1660,293,6,373,97,161,22,325,411,923,346,324,9918,161,655,359,47,30,1192,5188,951,171,221,187,2737,631,1910,33714,219,169,601,343,9671,1833,13389,1780,6020,3495,318,468,1401,2366,837,1652,327,433,74,61,1933,54,211,110,140932.0
6/29/20,1159,57,347,83,1716,15045,75,749,284,682,4147,281,600,65,5839,1702,302,6,376,96,167,22,327,426,938,361,345,10323,161,686,359,46,31,1252,5363,998,173,222,191,2810,655,1979,35222,236,175,636,360,10014,1919,13711,1909,6260,3682,327,482,1447,2477,895,1691,334,439,76,61,2024,55,213,112,146203.0
6/30/20,1197,63,384,83,1793,15624,76,775,291,713,4225,287,604,68,6207,1952,310,6,379,97,175,23,334,430,953,373,350,10752,177,697,363,49,32,1302,5588,1114,174,222,195,2856,672,2055,36820,259,182,666,377,10314,2026,14150,1992,6487,3836,339,593,1482,2566,948,1724,345,499,79,62,2105,60,245,113,152289.0
7/1/20,1245,72,408,84,1962,16155,77,793,323,729,4376,296,634,69,6480,2046,323,6,389,102,164,23,345,440,980,408,365,11465,181,739,365,51,32,1410,5869,1149,181,222,200,3015,727,2112,37961,270,196,704,383,10874,2164,14447,2133,6861,4048,381,617,1601,2682,989,1812,368,532,80,62,2219,65,257,112,158830.0
7/2/20,1332,80,581,89,2180,17116,85,836,345,801,4539,316,661,69,7247,2240,340,9,406,106,167,32,376,468,993,451,372,12376,191,772,381,57,33,1508,6223,1377,182,230,218,3175,789,2151,40265,296,225,770,390,11458,2349,14859,2274,7249,4327,433,676,1707,2837,1088,1876,387,561,85,71,2372,71,291,117,168934.0
7/3/20,1423,84,625,92,2366,18229,97,860,364,871,4701,331,676,72,7961,2397,359,11,428,109,172,34,380,496,1021,472,390,13044,196,820,394,57,34,1603,6668,1466,192,238,220,3261,817,2208,42311,322,253,820,402,12078,2526,15324,2443,7697,4660,489,743,1814,2987,1188,1983,401,581,91,74,2496,72,295,118,178407.0
7/4/20,1506,98,684,94,2453,19575,93,887,372,936,4880,348,733,75,8614,2597,369,11,446,112,174,34,382,504,1052,521,397,13700,195,897,401,58,36,1694,7215,1638,202,238,239,3554,868,2251,44729,337,277,880,413,13262,2781,16149,2608,8116,4906,516,815,2059,3205,1259,2109,408,597,97,82,2604,84,305,120,189851.0
7/5/20,1578,102,713,95,2521,21239,97,922,378,991,5019,361,748,78,9146,2809,383,15,468,114,179,54,384,506,1085,541,405,14336,199,932,406,58,36,1845,7498,1798,210,244,247,3716,927,2320,47011,367,313,906,423,14032,2966,16836,2757,8533,5196,540,867,2160,3339,1325,2182,420,614,99,85,2685,87,318,121,199885.0
7/6/20,1636,106,744,95,2591,21856,97,935,399,1017,5076,364,752,80,9487,2942,392,15,468,116,188,54,389,509,1101,557,416,14677,199,953,411,65,40,1890,7661,1870,211,244,255,3785,986,2422,48992,380,325,917,439,14407,3068,17242,2850,8759,5472,550,902,2191,3430,1383,2264,436,630,101,89,2804,90,324,121,206217.0
7/7/20,1701,110,818,102,2705,22595,101,944,419,1074,5201,377,760,84,9835,3059,410,15,474,122,188,57,392,517,1111,592,435,15362,201,969,415,67,42,1998,7859,1911,218,245,265,3890,1043,2461,51058,398,346,938,451,14768,3190,17638,3004,9032,5665,566,941,2249,3522,1433,2355,478,646,102,92,2951,93,372,131,213563.0
7/8/20,1792,120,880,105,2812,23781,106,974,457,1158,5433,392,775,90,10439,3188,424,19,481,124,189,59,405,536,1129,659,457,16099,207,992,504,69,48,2087,8125,1955,225,249,273,4080,1111,2503,53974,427,375,969,452,15194,3302,18231,3193,9395,5895,593,993,2334,3652,1517,2433,516,673,109,99,3070,94,395,136,223532.0
7/9/20,1871,127,940,113,2985,25102,122,1004,469,1254,5577,421,799,95,11028,3332,434,24,495,129,189,66,409,548,1135,708,473,16666,212,1045,517,72,49,2181,8340,2047,235,257,283,4266,1162,2545,55961,445,405,1015,459,15595,3466,18656,3330,9826,6206,619,1033,2431,3806,1632,2483,549,686,116,101,3234,102,434,140,232456.0
7/10/20,1978,135,1027,119,3104,26705,133,1048,500,1328,5777,433,809,103,11772,3485,456,25,528,133,196,79,412,595,1146,766,488,17662,223,1112,556,77,52,2298,8574,2161,241,262,302,4432,1307,2634,58341,470,438,1083,501,16148,3658,19233,3559,10293,6611,653,1085,2548,3967,1730,2661,589,710,123,105,3454,116,484,147,243880.0
7/11/20,2043,151,1107,130,3237,28253,152,1074,523,1403,5968,462,830,106,12287,3662,473,31,574,134,200,88,417,596,1163,818,517,18360,225,1158,581,80,53,2394,8848,2246,255,273,320,4632,1403,2680,60868,544,482,1130,518,16630,3861,19847,3748,10596,6983,695,1142,2641,4083,1788,2739,622,724,130,109,3634,122,538,151,254232.0
7/12/20,2098,162,1193,133,3369,30025,174,1117,546,1508,6220,475,831,108,12864,4146,493,33,588,135,203,90,425,602,1196,861,532,19150,227,1185,587,81,53,2517,10123,2348,263,274,335,5112,1489,2734,64444,572,524,1285,527,18001,4167,21018,3875,10844,7246,738,1331,3106,4229,1843,2862,655,735,136,114,3805,128,561,163,269514.0
7/13/20,2173,175,1322,144,3510,31484,162,1158,577,1557,6465,589,886,117,13370,4335,509,44,615,143,209,98,434,607,1241,909,557,19828,229,1259,632,87,56,2645,10344,2448,273,276,367,5266,1642,2864,67713,611,546,1385,566,18937,4442,21806,4060,11442,7630,775,1379,3219,4466,1905,3061,679,750,143,114,3972,137,582,191,282117.0
7/14/20,2258,180,1430,145,3632,32814,172,1212,618,1602,6731,624,951,125,13724,4483,529,45,624,156,209,101,439,613,1267,946,590,20508,234,1337,652,93,61,2783,10631,2520,282,276,382,5419,1774,2900,69803,641,570,1445,581,19377,4575,22279,4189,11754,7881,835,1412,3334,4536,2019,3134,681,761,149,120,4163,164,622,204,291301.0
7/15/20,2322,187,1523,161,3722,34153,184,1281,665,1641,6872,929,997,135,14152,4745,557,47,687,169,213,109,444,633,1288,987,627,21018,258,1386,675,100,64,2882,10849,2606,296,281,402,5564,1938,2935,72317,670,600,1532,586,19909,4751,22788,4363,12080,8206,855,1523,3447,4665,2079,3209,721,788,158,123,4355,206,649,214,301478.0
7/16/20,2397,202,1602,173,3804,35566,198,1313,702,1791,7076,1087,1015,146,14992,5054,575,48,721,176,215,118,469,649,1310,1016,656,21557,265,1431,682,102,67,3009,11721,2709,311,284,415,5914,2057,2985,75425,715,626,1623,597,21299,5270,23711,4489,12368,8498,871,1663,3724,4842,2178,3301,757,835,185,133,4572,223,693,225,315403.0
7/17/20,2465,215,1737,180,3945,36913,201,1342,737,1900,7314,1150,1045,155,15641,5346,600,50,736,191,223,124,498,677,1325,1077,687,22502,275,1463,756,109,67,3139,12043,2817,325,289,423,6133,2156,3023,77867,768,660,1698,610,22049,5556,24361,4654,12714,8772,897,1740,3880,5030,2270,3411,770,863,192,139,4768,235,727,233,326858.0
7/18/20,2531,220,1852,185,4060,38131,199,1382,766,1980,7577,1181,1055,160,15903,5557,612,52,779,201,264,135,505,694,1347,1110,708,23103,286,1504,769,110,71,3206,12397,2884,332,293,431,6280,2259,3058,81026,810,682,1753,633,22518,5725,25045,4769,13019,9030,926,1822,4065,5150,2326,3500,787,878,200,141,4959,258,766,251,337168.0
7/19/20,2619,232,2000,190,4222,39281,222,1431,796,2083,7815,1245,1067,179,16546,5765,650,56,808,217,281,141,509,706,1355,1179,765,23706,303,1585,831,113,73,3343,12711,3005,358,303,444,6569,2423,3108,84238,859,745,1813,651,23259,6010,25785,4943,13482,9524,962,1909,4245,5329,2431,3627,827,882,206,142,5188,279,791,297,349659.0
7/20/20,2683,238,2105,195,4303,40976,229,1470,855,2137,7934,1372,1086,190,17245,5900,659,77,854,230,286,178,516,710,1389,1207,778,24135,313,1649,857,113,73,3391,12906,3140,375,311,451,6738,2550,3152,87035,894,784,1973,662,23584,6268,26426,5050,13705,9877,984,1976,4338,5411,2541,3706,843,895,214,142,5297,297,822,310,359990.0
7/21/20,2737,245,2195,198,4413,42577,229,1500,874,2197,8076,1456,1099,199,17544,6074,683,80,912,266,287,192,519,717,1409,1229,809,24550,323,1685,887,118,74,3473,13125,3265,398,316,477,6871,2721,3193,89557,935,811,2062,684,24011,6479,26951,5161,13925,10072,1006,2018,4432,5519,2612,3807,859,926,221,145,5530,309,866,333,369423.0
7/22/20,2809,250,2269,205,4561,43747,230,1536,911,2249,8249,1523,1112,203,17979,6302,696,81,957,277,289,205,523,726,1427,1273,876,24891,331,1729,916,122,74,3594,13395,3319,414,320,492,7078,2826,3250,92345,978,838,2104,694,24700,6687,27506,5260,14191,10309,1050,2090,4567,5633,2670,3896,881,934,226,161,5657,341,898,367,379199.0
7/23/20,2890,254,2356,212,4658,45010,232,1560,954,2330,8401,1792,1123,208,18357,6461,724,82,1040,283,292,212,527,733,1451,1296,912,25432,348,1767,963,156,75,3757,13768,3480,424,320,504,7252,2927,3314,95068,998,865,2134,770,25254,6844,28267,5363,14371,10545,1083,2147,4644,5736,2708,4004,902,940,244,169,5803,419,931,389,389435.0
7/24/20,2984,265,2477,221,4756,46576,242,1606,1009,2389,8601,2009,1144,213,18781,6684,756,83,1090,290,293,236,537,759,1480,1348,968,26037,364,1837,979,160,79,3890,14046,3568,441,327,514,7520,3105,3357,98430,1082,895,2202,797,25952,7150,29004,5526,14726,10909,1108,2288,4837,5852,2796,4153,941,979,249,178,5969,455,964,402,401865.0
7/25/20,3050,285,2862,228,4898,48187,247,1660,1056,2473,8725,2074,1164,225,19288,6854,779,85,1142,303,384,242,553,776,1495,1418,1018,26626,371,1941,1220,169,82,3988,14292,3656,449,332,519,7709,3224,3388,101854,1114,919,2275,802,26559,7407,29707,5674,14985,11197,1150,2365,5006,5969,2871,4316,968,993,257,183,6133,477,1016,415,414049.0
7/26/20,3144,300,2972,233,4966,49350,254,1683,1083,2538,8795,2122,1172,230,19753,7018,801,88,1188,308,385,241,557,781,1512,1454,1039,27077,375,1974,1266,174,83,4090,14415,3760,462,335,526,7859,3426,3420,104755,1126,941,2368,812,26980,7614,30325,5803,15147,11423,1169,2507,5103,6034,2929,4401,992,1013,266,212,6240,507,1057,433,423366.0
7/27/20,3186,310,3026,236,5069,50784,261,1717,1102,2577,8870,2203,1205,231,20001,7158,813,87,1197,315,383,249,560,789,1573,1490,1068,27483,384,2031,1270,177,83,4169,14540,3868,474,339,553,7982,3581,3451,107315,1145,967,2411,837,27393,7728,30958,5911,15339,11717,1176,2789,5168,6116,2993,4546,1003,1024,272,234,6341,515,1066,437,432246.0
7/28/20,3297,322,3146,240,5155,51657,265,1784,1123,2615,9069,2285,1227,238,20138,7250,838,95,1224,324,389,265,565,805,1589,1521,1103,27823,399,2073,1297,184,92,4259,14716,3949,493,340,560,8090,3928,3485,110352,1175,986,2482,853,27820,7973,31598,5992,15541,11893,1191,2945,5274,6231,3057,4714,1028,1038,291,247,6473,535,1094,460,441460.0
7/29/20,3353,329,3257,307,5254,52970,271,1807,1160,2697,9178,2323,1240,241,20398,7429,850,103,1267,334,390,286,564,812,1606,1579,1115,28268,402,2118,1544,188,95,4326,14877,4004,509,348,564,8187,4314,3527,113143,1198,1009,2577,858,28191,8130,32171,6101,15800,12059,1223,3125,5349,6333,3136,4805,1045,1060,288,200,6572,543,1119,469,450895.0
7/30/20,3448,343,3357,316,5333,54312,278,1889,1192,2758,9355,2437,1251,247,20816,7598,867,105,1315,305,389,301,567,819,1618,1617,1132,28742,413,2167,1553,192,100,4408,15137,4102,546,356,583,8337,4682,3561,115916,1230,1037,2704,878,28591,8281,32696,6201,16114,12281,1261,3279,5443,6419,3168,4903,1058,1082,319,206,6707,565,1149,488,460820.0
7/31/20,3526,356,3475,325,5420,55411,281,1946,1205,2808,9581,2476,1264,252,21038,7738,901,108,1347,309,389,336,570,833,1632,1674,1163,29116,422,2204,1566,229,102,4516,15416,4171,575,370,604,8517,4892,3591,118462,1300,1054,2765,893,29011,8470,33274,6299,16356,12488,1301,3336,5588,6487,3216,5002,1077,1131,330,215,6834,572,1205,495,469816.0
8/1/20,3590,371,3620,332,5521,56797,287,1984,1228,2853,9662,2550,1285,264,21322,7908,919,116,1437,329,391,373,574,841,1649,1707,1197,29589,433,2270,1588,337,111,4612,15551,4294,583,399,618,8655,5069,3626,121207,1325,1079,2850,920,29466,8649,33854,6394,16604,12735,1317,3399,5672,6566,3264,5106,1091,1155,360,218,6959,598,1239,558,479427.0
8/2/20,3662,386,3673,337,5587,57975,319,2024,1291,2908,9734,2572,1292,272,21665,8007,930,130,1552,334,391,379,587,857,1652,1749,1252,30118,445,2302,1613,344,110,4661,15674,4387,595,409,643,8733,5173,3637,122690,1357,1104,2931,945,29699,8782,34226,6479,16774,12991,1368,3454,5724,6639,3323,5210,1131,1171,372,225,7097,611,1245,590,486499.0
8/3/20,3749,403,3701,340,5619,58531,328,2062,1299,2935,9811,2598,1297,277,21830,8125,945,158,1576,331,392,390,586,857,1667,1766,1277,30450,455,2340,1618,363,113,4708,15799,4448,618,412,655,8825,5286,3644,123644,1379,1121,3031,958,29927,8894,34550,6548,16886,13137,1379,3484,5814,6687,3362,5256,1142,1190,396,225,7194,612,1256,597,491253.0
8/4/20,3808,423,3921,341,5671,58953,333,2076,1322,2984,9897,2637,1308,284,22034,8262,961,189,1600,334,392,415,592,857,1691,1802,1296,30798,457,2369,1643,417,113,4769,15874,4489,627,418,661,8887,5434,3658,124759,1389,1138,3106,967,30140,9018,34929,6636,17047,13231,1397,3552,5854,6760,3422,5329,1163,1203,551,227,7288,627,1286,676,496692.0
8/5/20,3862,429,3988,343,5712,59354,334,2104,1373,3021,10050,2672,1313,289,22215,8367,975,197,1614,330,396,436,595,866,1694,1842,1311,31197,460,2385,1745,433,113,4794,15961,4537,632,393,663,8938,5543,3689,125949,1404,1155,3160,975,30425,9156,35283,6708,17202,13419,1422,3610,5940,6826,3450,5396,1180,1224,768,259,7372,635,1301,716,502100.0
8/6/20,3952,528,4077,378,5794,60058,356,2144,1429,3110,10118,2731,1321,375,22568,8515,989,276,1663,339,398,490,598,890,1709,1906,1328,31563,476,2424,1797,438,117,4840,16090,4643,645,384,675,9050,5707,3712,127677,1438,1184,3292,989,30776,9286,35737,6802,17358,13654,1446,3700,6025,6932,3512,5514,1208,1302,857,244,7488,651,1323,747,509743.0
8/7/20,4006,630,4194,434,5851,60746,417,2174,1473,3186,10202,2784,1327,424,22889,8757,1008,377,1781,345,398,569,612,908,1725,1929,1355,31865,486,2450,1832,447,129,4958,16248,4814,652,395,686,9124,5984,3767,129409,1456,1202,3391,1013,31026,9401,36114,6893,17541,13839,1465,3791,6095,6976,3552,5625,1237,1356,936,291,7654,662,1345,807,517415.0
8/8/20,4088,827,4388,469,5963,61614,462,2214,1514,3245,10265,2835,1339,475,23166,9297,1052,398,1866,355,401,599,617,950,1750,1975,1396,32268,494,2488,1817,448,134,5073,16431,4922,673,400,700,9199,6260,3802,131217,1514,1219,3448,1027,31395,9568,36600,6982,17725,14124,1481,3857,6164,7048,3593,5695,1284,1404,947,297,7779,680,1383,839,525899.0
8/9/20,4142,907,4440,494,6064,62268,475,2238,1539,3282,10334,2873,1351,547,23437,9508,1070,418,1884,363,401,648,618,963,1762,2022,1435,32587,505,2523,1821,453,146,5161,16529,4965,684,400,700,9288,6511,3825,132461,1526,1233,3502,1039,31719,9696,37020,7080,17879,14301,1508,3939,6231,7118,3635,5772,1303,1454,961,310,7876,692,1408,867,532111.0
8/10/20,4171,932,4447,508,6099,62898,475,2257,1548,3298,10448,2893,1358,553,23530,9632,1078,430,1903,366,405,659,618,976,1783,2028,1449,32731,507,2543,1897,455,148,5177,16632,5006,687,400,708,9340,6573,3838,133623,1531,1239,3541,1055,31851,9769,37297,7114,17941,14475,1519,3963,6256,7152,3660,5824,1307,1471,965,374,7960,707,1414,872,536264.0
8/11/20,4246,964,4523,519,6190,63605,481,2281,1594,3327,10487,2917,1377,562,23741,9807,1095,433,1928,369,406,685,623,986,1805,2069,1474,32996,509,2555,1936,462,189,5229,16718,5116,698,407,710,9395,6668,3852,135130,1548,1253,3587,1077,32042,9858,37641,7172,18103,14645,1539,4013,6314,7219,3738,5920,1344,1507,981,435,8040,726,1428,877,542071.0
8/12/20,4309,1044,4551,535,6248,64080,482,2297,1614,3335,10530,2941,1382,566,23972,9929,1101,433,1964,380,408,695,625,992,1814,2106,1501,33198,513,2574,1953,462,193,5291,16872,5150,709,407,732,9468,6798,3863,139271,1556,1270,3608,1081,32341,9936,37934,7213,18217,14812,1550,4053,6394,7264,3774,5968,1383,1919,1000,448,8129,730,1443,887,550198.0
8/13/20,4391,1052,4644,545,6313,64741,484,2321,1663,3369,10640,2958,1393,570,24162,10035,1107,448,1984,387,410,712,625,998,1839,2124,1523,33428,518,2584,1996,462,469,5391,17039,5235,720,407,738,9554,6921,3883,140984,1577,1280,3632,1087,32575,10037,38208,7283,18329,14992,1559,4088,6479,7323,3817,6040,1410,2152,1027,456,8206,747,1450,896,556417.0
8/14/20,4483,1059,4720,554,6392,65369,488,2340,1708,3389,10734,2985,1398,572,24300,10122,1127,449,1999,398,419,720,629,1006,1852,2160,1548,33694,524,2618,2007,462,777,5489,17178,5290,736,410,748,9662,7030,3907,142662,1603,1296,3653,1093,32861,10146,38575,7348,18466,15108,1576,4125,6604,7370,3883,6125,1436,2203,1069,459,8308,753,1466,910,562550.0
8/15/20,4544,1070,4787,563,6478,66011,497,2369,1750,3440,10840,3027,1413,584,24509,10205,1154,464,2023,399,419,726,634,1009,1878,2200,1581,34040,528,2640,2018,467,936,5587,17305,5363,754,411,754,9735,7161,3913,144407,1622,1316,3696,1125,33180,10228,38902,7406,18660,15312,1602,4173,6652,7424,3948,6192,1475,2236,1092,481,8402,764,1476,922,568879.0
8/16/20,4629,1077,4821,569,6511,66447,503,2378,1778,3461,10891,3038,1420,591,24629,10265,1160,473,2037,402,421,743,635,1011,1879,2225,1608,34238,533,2652,2030,467,989,5619,17401,5402,767,411,763,9781,7247,3923,145307,1633,1334,3728,1142,33382,10314,39129,7453,18730,15429,1611,4223,6689,7471,3971,6254,1540,2253,1100,488,8452,773,1486,929,572646.0
8/17/20,4670,1078,4836,573,6538,66826,503,2388,1799,3484,10918,3045,1422,595,24731,10317,1163,472,2046,405,422,756,635,1012,1884,2255,1632,34368,534,2661,2036,469,1009,5650,17451,5443,785,411,766,9843,7319,3937,146026,1643,1345,3742,1148,33486,10373,39274,7490,18774,15506,1611,4237,6728,7492,3978,6283,1558,2259,1102,489,8482,781,1491,933,575318.0
8/18/20,4713,1086,4886,581,6614,67193,506,2394,1823,3512,10977,3071,1424,609,24836,10405,1170,479,2060,416,423,760,640,1019,1886,2284,1639,34605,556,2668,2111,474,1030,5698,17495,5516,794,412,772,9891,7448,3967,146990,1650,1354,3773,1155,33709,10424,39460,7527,18876,15607,1624,4264,6764,7530,4021,6326,1586,2292,1110,493,8543,791,1506,934,579152.0
8/19/20,4759,1088,4938,589,6667,67534,511,2415,1834,3538,11016,3095,1426,621,24966,10499,1181,480,2068,420,425,765,642,1023,1891,2317,1660,34851,557,2679,2159,473,1122,5756,17596,5561,803,410,778,9924,7614,3997,148093,1666,1372,3803,1169,33946,10480,39662,7560,18994,15723,1640,4303,6814,7568,4033,6380,1611,2294,1114,501,8608,796,1526,957,583261.0
8/20/20,4813,1098,5003,613,6753,68068,517,2435,1882,3580,11095,3125,1438,625,25117,10595,1194,485,2085,420,432,770,645,1045,1900,2364,1679,35061,562,2693,2180,477,1129,5852,17730,5643,821,412,782,9997,7691,4015,149162,1675,1396,3847,1177,34135,10551,39886,7608,19087,15887,1669,4341,6850,7641,4075,6458,1628,2299,1125,505,8666,815,1535,965,587804.0
8/21/20,4865,1108,5058,618,6797,68542,531,2462,1908,3609,11144,3158,1443,643,25316,10684,1214,498,2111,428,440,782,653,1049,1917,2396,1697,35293,572,2721,2198,481,1143,5947,17816,5705,835,413,807,10059,7807,4046,150305,1687,1435,3878,1183,34321,10619,40157,7651,19247,16015,1689,4385,6905,7673,4106,6545,1680,2317,1142,514,8761,827,1548,970,592474.0
8/22/20,4919,1111,5120,640,6889,68891,534,2493,1949,3650,11201,3178,1449,657,25454,10752,1238,509,2156,434,444,787,666,1050,1923,2423,1715,35574,581,2736,2220,488,1159,6004,17956,5808,847,416,822,10123,7926,4067,151214,1694,1456,3921,1195,34538,10681,40387,7693,19352,16158,1709,4418,6980,7735,4137,6585,1704,2323,1146,526,8867,848,1562,974,596762.0
8/23/20,4950,1117,5144,649,6912,69136,537,2519,1969,3672,11245,3214,1451,659,25558,10790,1248,511,2182,439,444,796,672,1059,1934,2441,1735,35721,587,2747,2229,491,1164,6046,18009,5851,855,420,830,10170,8007,4083,151986,1693,1498,3955,1202,34662,10732,40570,7758,19431,16251,1723,4443,7021,7756,4153,6628,1717,2356,1154,530,8914,854,1578,975,599733.0
8/24/20,4981,1118,5181,660,6946,69383,538,2538,1970,3690,11268,3226,1450,660,25658,10832,1257,519,2194,441,444,800,673,1064,1938,2449,1740,35814,589,2756,2236,491,1165,6089,18064,5908,858,424,832,10209,8046,4091,152612,1694,1512,3965,1202,34781,10772,40746,7777,19478,16322,1725,4462,7016,7778,4160,6651,1718,2357,1158,533,8952,859,1580,978,601978.0
8/25/20,5023,1118,5195,663,6972,69584,546,2569,1980,3734,11351,3249,1454,677,25732,10871,1266,520,2211,442,448,801,677,1066,1945,2476,1747,35953,600,2766,2282,492,1164,6122,18140,5933,868,426,834,10241,8092,4112,153385,1695,1522,3998,1208,34910,10804,40853,7807,19522,16388,1730,4483,7042,7811,4197,6720,1724,2363,1164,535,8997,863,1588,989,604640.0
8/26/20,5053,1132,5237,673,7040,69883,546,2582,1996,3759,11376,3269,1457,681,25879,10944,1275,522,2240,443,451,801,681,1073,1948,2493,1756,36157,600,2780,2292,493,1169,6163,18217,5975,874,427,841,10278,8172,4173,154135,1700,1533,4020,1210,35083,10844,41013,7868,19605,16498,1740,4523,7066,7839,4219,6773,1742,2377,1171,547,9069,869,1601,990,607836.0
8/27/20,5082,1136,5289,692,7092,70147,547,2602,2031,3809,11471,3295,1460,685,26017,10999,1279,527,2254,447,452,806,686,1083,1955,2506,1781,36354,609,2801,2301,493,1177,6213,18332,6067,886,426,844,10310,8261,4222,154757,1704,1574,4055,1211,35245,10892,41195,7915,19681,16569,1750,4566,7091,7896,4239,6822,1754,2388,1183,561,9126,873,1612,995,611080.0
8/28/20,5117,1143,5315,705,7132,70513,554,2622,2054,3864,11517,3316,1468,697,26169,11066,1288,529,2268,451,453,818,692,1083,1957,2516,1795,36574,616,2811,2314,496,1184,6275,18461,6145,891,431,852,10340,8321,4362,155418,1714,1620,4094,1219,35449,10988,41558,7949,19740,16692,1757,4592,7136,7934,4263,6896,1819,2406,1185,569,9174,880,1622,998,614847.0
8/29/20,5165,1148,5341,717,7182,70764,559,2635,2069,3910,11570,3331,1472,702,26284,11121,1302,537,2290,457,453,819,695,1091,1960,2560,1811,36784,619,2827,2327,495,1189,6345,18584,6194,899,432,860,10391,8424,4420,156038,1719,1643,4124,1234,35613,11055,41730,7989,19813,16803,1763,4634,7162,7979,4286,6939,1832,2424,1195,572,9223,884,1628,1002,618019.0
8/30/20,5193,1151,5355,729,7201,70950,568,2656,2082,3960,11604,3335,1478,712,26391,11151,1310,542,2317,460,454,824,697,1092,1969,2601,1821,37013,622,2834,2335,498,1202,6385,18634,6294,907,433,867,10418,8469,4450,156559,1727,1659,4134,1239,35770,11091,41865,8028,19888,16894,1774,4659,7193,8006,4321,6975,1848,2431,1199,592,9244,886,1636,1006,620588.0
8/31/20,5196,1153,5363,738,7234,71121,570,2677,2095,4092,11609,3340,1489,719,26460,11183,1312,544,2324,464,456,824,699,1097,1975,2615,1823,37136,622,2835,2336,500,1204,6396,18673,6321,911,433,868,10426,8496,4497,156910,1734,1704,4154,1243,35902,11134,41965,8048,19929,17011,1780,4671,7207,8029,4332,6992,1852,2439,1200,594,9283,888,1638,1006,622471.0
9/1/20,5251,1164,5399,753,7378,72245,571,2713,2124,4155,11796,3379,1493,735,26683,11256,1323,549,2361,468,458,827,703,1104,1979,2685,1838,37458,640,2858,2385,502,1204,6538,18824,6475,921,436,877,10490,8582,4533,159059,1743,1728,4199,1248,36400,11260,42387,8135,20026,17159,1790,4714,7239,8173,4389,7120,1881,2455,1208,603,9417,896,1662,1009,630013.0
9/2/20,5303,1212,5417,764,7423,72371,573,2729,2145,4127,11819,3381,1501,738,26807,11312,1329,551,2367,468,459,829,703,1108,1981,2710,1846,37668,654,2863,2414,504,1205,6581,18878,6597,923,436,877,10532,8633,4509,159400,1747,1729,4245,1250,36488,11298,42518,8165,20080,17292,1805,4763,7281,8198,4413,7156,1914,2464,1207,619,9483,928,1678,1017,632385.0
9/3/20,5345,1231,5455,797,7464,72634,575,2744,2166,4179,11853,3387,1503,749,27241,11360,1340,560,2387,472,458,834,707,1121,1983,2721,1854,37821,662,2871,2428,506,1207,6622,18960,6875,927,436,887,10557,8675,4514,159978,1753,1765,4278,1267,36668,11342,42643,8198,20177,17418,1818,4812,7305,8240,4485,7193,1957,2471,1215,636,9589,937,1694,1023,635930.0
9/4/20,5409,1238,5473,818,7532,72880,583,2762,2211,4214,11893,3402,1503,757,27405,11418,1367,562,2414,474,460,836,709,1125,1987,2742,1873,37981,676,2884,2445,510,1210,6683,19018,7149,930,440,898,10601,8738,4530,160469,1754,1777,4328,1271,36827,11406,42762,8230,20259,17566,1829,4845,7338,8299,4535,7234,1985,2490,1217,644,9648,942,1703,1024,639122.0
9/5/20,5498,1248,5491,835,7598,73112,587,2778,2297,4251,11951,3429,1522,769,27544,11482,1393,565,2522,479,460,842,711,1150,1994,2764,1888,38262,677,2894,2478,513,1211,6754,19099,7476,935,444,907,10633,8794,4545,161018,1758,1794,4361,1279,36966,11472,42905,8267,20355,17693,1842,4891,7378,8325,4587,7272,2021,2495,1223,654,9735,947,1723,1029,642772.0
9/6/20,5582,1259,5510,850,7633,73293,587,2793,2314,4287,11994,3438,1523,768,27635,11521,1412,568,2532,480,460,843,723,1166,1994,2788,1909,38426,686,2902,2482,518,1212,6787,19134,7705,941,446,922,10656,8859,4548,161363,1764,1816,4382,1283,37074,11517,43067,8316,20425,17799,1856,4936,7410,8361,4634,7308,2042,2501,1226,664,9772,954,1741,1031,645328.0
9/7/20,5633,1271,5522,854,7656,73426,587,2811,2334,4306,12024,3439,1524,770,27734,11544,1454,569,2537,480,463,846,727,1175,2000,2781,1921,38545,689,2911,2489,517,1213,6824,19176,7825,945,449,926,10673,8880,4551,161637,1761,1839,4410,1284,37152,11542,43187,8338,20474,17863,1864,4950,7434,8382,4675,7341,2048,2506,1230,690,9816,961,1748,1031,647164.0
9/8/20,5722,1273,5534,861,7689,73556,587,2822,2339,4317,12049,3455,1526,773,27802,11575,1464,569,2540,481,464,846,728,1177,2003,2785,1935,38652,690,2921,2506,517,1213,6841,19210,7943,948,449,926,10699,8881,4560,162026,1762,1850,4428,1288,37247,11560,43309,8357,20526,17932,1867,4958,7457,8412,4699,7366,2049,2511,1231,706,9862,971,1747,1031,648980.0
9/9/20,5812,1281,5557,871,7742,73696,586,2821,2355,4317,12071,3458,1526,777,27886,11634,1475,569,2549,483,466,849,733,1185,2004,2787,1945,38790,691,2930,2528,522,1215,6871,19241,8111,949,449,935,10729,8925,4560,162433,1763,1869,4461,1289,37366,11594,43422,8381,20588,18025,1874,4990,7486,8437,4729,7378,2060,2517,1233,715,9878,974,1762,1031,651136.0
9/10/20,5898,1286,5583,881,7787,73869,588,2827,2386,4308,12096,3467,1526,781,28051,11702,1484,572,2555,485,468,851,733,1190,2005,2821,1947,38917,692,2942,2547,525,1215,6921,19309,8273,956,468,956,10772,8967,4526,162894,1767,1880,4502,1295,37473,11634,43532,8411,20655,18121,1889,5026,7500,8459,4759,7404,2069,2519,1233,731,9931,977,1774,1039,653607.0
9/11/20,6029,1301,5622,903,7861,74084,593,2849,2411,4411,12132,3485,1530,788,28230,11766,1504,574,2575,486,470,855,747,1202,2008,2843,1974,39138,696,2962,2565,529,1219,6972,19370,8589,959,472,974,10803,9043,4527,163375,1778,1891,4551,1313,37701,11684,43724,8464,20795,18228,1920,5087,7533,8492,4813,7469,2086,2529,1239,779,10027,994,1790,1041,657354.0
9/12/20,6241,1307,5659,911,7926,74273,596,2858,2443,4534,12169,3503,1533,788,28370,11818,1533,578,2583,485,474,858,749,1211,2014,2856,1986,39298,699,2971,2593,530,1219,7021,19451,8837,962,475,981,10868,9108,4549,163790,1780,1914,4579,1325,37846,11740,43873,8507,20872,18337,1935,5103,7585,8532,4858,7521,2101,2534,1243,790,10103,1001,1803,1048,660538.0
9/13/20,6401,1319,5682,929,7960,74434,598,2871,2469,4578,12209,3535,1534,790,28458,11867,1560,578,2597,485,475,860,762,1224,2018,2884,1996,39450,702,2983,2617,532,1219,7046,19488,9025,963,478,988,10886,9146,4558,164086,1779,1929,4620,1333,37939,11772,44025,8527,20922,18473,1958,5126,7619,8552,4887,7544,2103,2545,1245,798,10160,1004,1812,1047,662959.0
9/14/20,6555,1330,5693,937,7995,74525,599,2877,2477,4593,12234,3540,1536,792,28525,11891,1571,581,2605,486,475,861,763,1235,2023,2894,2005,39600,707,2990,2618,534,1220,7063,19525,9133,964,479,989,10932,9165,4567,164299,1787,1948,4637,1335,38013,11807,44139,8551,20988,18523,1964,5139,7644,8568,4902,7572,2107,2546,1247,795,10197,1023,1830,1047,664692.0
9/15/20,6657,1341,5719,945,8050,74689,602,2881,2493,4607,12254,3559,1539,799,28632,11944,1589,582,2626,490,476,862,785,1242,2026,2901,2018,39751,711,3000,2632,534,1222,7092,19566,9271,971,481,989,10972,9217,4607,164688,1787,1960,4676,1341,38147,11846,44305,8600,21081,18612,1980,5157,7671,8613,4928,7633,2121,2552,1261,820,10262,1037,1840,1048,667290.0
9/16/20,6814,1353,5732,963,8097,74832,602,2895,2508,4629,12272,3577,1540,804,28756,11973,1597,584,2632,491,482,863,794,1252,2028,2925,2024,39888,711,3011,2644,536,1227,7137,19617,9395,972,483,993,10985,9235,4613,165147,1791,1978,4695,1357,38242,11883,44459,8640,21152,18674,1990,5176,7709,8635,4952,7661,2129,2553,1266,824,10307,1045,1853,1051,669635.0
