Date,Adams,Alexander,Bond,Boone,Brown,Bureau,Calhoun,Carroll,Cass,Champaign,Christian,Clark,Clay,Clinton,Coles,Cook,Crawford,Cumberland,De Witt,DeKalb,Douglas,DuPage,Edgar,Edwards,Effingham,Fayette,Ford,Franklin,Fulton,Gallatin,Greene,Grundy,Hamilton,Hancock,Hardin,Henderson,Henry,Iroquois,Jackson,Jasper,Jefferson,Jersey,Jo Daviess,Johnson,Kane,Kankakee,Kendall,Knox,LaSalle,Lake,Lawrence,Lee,Livingston,Logan,Macon,Macoupin,Madison,Marion,Marshall,Mason,Massac,McDonough,McHenry,McLean,Menard,Mercer,Monroe,Montgomery,Morgan,Moultrie,Ogle,Peoria,Perry,Piatt,Pike,Pope,Pulaski,Putnam,Randolph,Richland,Rock Island,Saline,Sangamon,Schuyler,Scott,Shelby,St. Clair,Stark,Stephenson,Tazewell,Union,Vermilion,Wabash,Warren,Washington,Wayne,White,Whiteside,Will,Williamson,Winnebago,Woodford,Total
1/22/20,0,0,0,0,0,0,0,0,0,0,0,0,0,0,0,0,0,0,0,0,0,0,0,0,0,0,0,0,0,0,0,0,0,0,0,0,0,0,0,0,0,0,0,0,0,0,0,0,0,0,0,0,0,0,0,0,0,0,0,0,0,0,0,0,0,0,0,0,0,0,0,0,0,0,0,0,0,0,0,0,0,0,0,0,0,0,0,0,0,0,0,0,0,0,0,0,0,0,0,0,0,0,0.0
1/23/20,0,0,0,0,0,0,0,0,0,0,0,0,0,0,0,0,0,0,0,0,0,0,0,0,0,0,0,0,0,0,0,0,0,0,0,0,0,0,0,0,0,0,0,0,0,0,0,0,0,0,0,0,0,0,0,0,0,0,0,0,0,0,0,0,0,0,0,0,0,0,0,0,0,0,0,0,0,0,0,0,0,0,0,0,0,0,0,0,0,0,0,0,0,0,0,0,0,0,0,0,0,0,0.0
1/24/20,0,0,0,0,0,0,0,0,0,0,0,0,0,0,0,1,0,0,0,0,0,0,0,0,0,0,0,0,0,0,0,0,0,0,0,0,0,0,0,0,0,0,0,0,0,0,0,0,0,0,0,0,0,0,0,0,0,0,0,0,0,0,0,0,0,0,0,0,0,0,0,0,0,0,0,0,0,0,0,0,0,0,0,0,0,0,0,0,0,0,0,0,0,0,0,0,0,0,0,0,0,0,1.0
1/25/20,0,0,0,0,0,0,0,0,0,0,0,0,0,0,0,1,0,0,0,0,0,0,0,0,0,0,0,0,0,0,0,0,0,0,0,0,0,0,0,0,0,0,0,0,0,0,0,0,0,0,0,0,0,0,0,0,0,0,0,0,0,0,0,0,0,0,0,0,0,0,0,0,0,0,0,0,0,0,0,0,0,0,0,0,0,0,0,0,0,0,0,0,0,0,0,0,0,0,0,0,0,0,1.0
1/26/20,0,0,0,0,0,0,0,0,0,0,0,0,0,0,0,1,0,0,0,0,0,0,0,0,0,0,0,0,0,0,0,0,0,0,0,0,0,0,0,0,0,0,0,0,0,0,0,0,0,0,0,0,0,0,0,0,0,0,0,0,0,0,0,0,0,0,0,0,0,0,0,0,0,0,0,0,0,0,0,0,0,0,0,0,0,0,0,0,0,0,0,0,0,0,0,0,0,0,0,0,0,0,1.0
1/27/20,0,0,0,0,0,0,0,0,0,0,0,0,0,0,0,1,0,0,0,0,0,0,0,0,0,0,0,0,0,0,0,0,0,0,0,0,0,0,0,0,0,0,0,0,0,0,0,0,0,0,0,0,0,0,0,0,0,0,0,0,0,0,0,0,0,0,0,0,0,0,0,0,0,0,0,0,0,0,0,0,0,0,0,0,0,0,0,0,0,0,0,0,0,0,0,0,0,0,0,0,0,0,1.0
1/28/20,0,0,0,0,0,0,0,0,0,0,0,0,0,0,0,1,0,0,0,0,0,0,0,0,0,0,0,0,0,0,0,0,0,0,0,0,0,0,0,0,0,0,0,0,0,0,0,0,0,0,0,0,0,0,0,0,0,0,0,0,0,0,0,0,0,0,0,0,0,0,0,0,0,0,0,0,0,0,0,0,0,0,0,0,0,0,0,0,0,0,0,0,0,0,0,0,0,0,0,0,0,0,1.0
1/29/20,0,0,0,0,0,0,0,0,0,0,0,0,0,0,0,1,0,0,0,0,0,0,0,0,0,0,0,0,0,0,0,0,0,0,0,0,0,0,0,0,0,0,0,0,0,0,0,0,0,0,0,0,0,0,0,0,0,0,0,0,0,0,0,0,0,0,0,0,0,0,0,0,0,0,0,0,0,0,0,0,0,0,0,0,0,0,0,0,0,0,0,0,0,0,0,0,0,0,0,0,0,0,1.0
1/30/20,0,0,0,0,0,0,0,0,0,0,0,0,0,0,0,1,0,0,0,0,0,0,0,0,0,0,0,0,0,0,0,0,0,0,0,0,0,0,0,0,0,0,0,0,0,0,0,0,0,0,0,0,0,0,0,0,0,0,0,0,0,0,0,0,0,0,0,0,0,0,0,0,0,0,0,0,0,0,0,0,0,0,0,0,0,0,0,0,0,0,0,0,0,0,0,0,0,0,0,0,0,0,1.0
1/31/20,0,0,0,0,0,0,0,0,0,0,0,0,0,0,0,2,0,0,0,0,0,0,0,0,0,0,0,0,0,0,0,0,0,0,0,0,0,0,0,0,0,0,0,0,0,0,0,0,0,0,0,0,0,0,0,0,0,0,0,0,0,0,0,0,0,0,0,0,0,0,0,0,0,0,0,0,0,0,0,0,0,0,0,0,0,0,0,0,0,0,0,0,0,0,0,0,0,0,0,0,0,0,2.0
2/1/20,0,0,0,0,0,0,0,0,0,0,0,0,0,0,0,2,0,0,0,0,0,0,0,0,0,0,0,0,0,0,0,0,0,0,0,0,0,0,0,0,0,0,0,0,0,0,0,0,0,0,0,0,0,0,0,0,0,0,0,0,0,0,0,0,0,0,0,0,0,0,0,0,0,0,0,0,0,0,0,0,0,0,0,0,0,0,0,0,0,0,0,0,0,0,0,0,0,0,0,0,0,0,2.0
2/2/20,0,0,0,0,0,0,0,0,0,0,0,0,0,0,0,2,0,0,0,0,0,0,0,0,0,0,0,0,0,0,0,0,0,0,0,0,0,0,0,0,0,0,0,0,0,0,0,0,0,0,0,0,0,0,0,0,0,0,0,0,0,0,0,0,0,0,0,0,0,0,0,0,0,0,0,0,0,0,0,0,0,0,0,0,0,0,0,0,0,0,0,0,0,0,0,0,0,0,0,0,0,0,2.0
2/3/20,0,0,0,0,0,0,0,0,0,0,0,0,0,0,0,2,0,0,0,0,0,0,0,0,0,0,0,0,0,0,0,0,0,0,0,0,0,0,0,0,0,0,0,0,0,0,0,0,0,0,0,0,0,0,0,0,0,0,0,0,0,0,0,0,0,0,0,0,0,0,0,0,0,0,0,0,0,0,0,0,0,0,0,0,0,0,0,0,0,0,0,0,0,0,0,0,0,0,0,0,0,0,2.0
2/4/20,0,0,0,0,0,0,0,0,0,0,0,0,0,0,0,2,0,0,0,0,0,0,0,0,0,0,0,0,0,0,0,0,0,0,0,0,0,0,0,0,0,0,0,0,0,0,0,0,0,0,0,0,0,0,0,0,0,0,0,0,0,0,0,0,0,0,0,0,0,0,0,0,0,0,0,0,0,0,0,0,0,0,0,0,0,0,0,0,0,0,0,0,0,0,0,0,0,0,0,0,0,0,2.0
2/5/20,0,0,0,0,0,0,0,0,0,0,0,0,0,0,0,2,0,0,0,0,0,0,0,0,0,0,0,0,0,0,0,0,0,0,0,0,0,0,0,0,0,0,0,0,0,0,0,0,0,0,0,0,0,0,0,0,0,0,0,0,0,0,0,0,0,0,0,0,0,0,0,0,0,0,0,0,0,0,0,0,0,0,0,0,0,0,0,0,0,0,0,0,0,0,0,0,0,0,0,0,0,0,2.0
2/6/20,0,0,0,0,0,0,0,0,0,0,0,0,0,0,0,2,0,0,0,0,0,0,0,0,0,0,0,0,0,0,0,0,0,0,0,0,0,0,0,0,0,0,0,0,0,0,0,0,0,0,0,0,0,0,0,0,0,0,0,0,0,0,0,0,0,0,0,0,0,0,0,0,0,0,0,0,0,0,0,0,0,0,0,0,0,0,0,0,0,0,0,0,0,0,0,0,0,0,0,0,0,0,2.0
2/7/20,0,0,0,0,0,0,0,0,0,0,0,0,0,0,0,2,0,0,0,0,0,0,0,0,0,0,0,0,0,0,0,0,0,0,0,0,0,0,0,0,0,0,0,0,0,0,0,0,0,0,0,0,0,0,0,0,0,0,0,0,0,0,0,0,0,0,0,0,0,0,0,0,0,0,0,0,0,0,0,0,0,0,0,0,0,0,0,0,0,0,0,0,0,0,0,0,0,0,0,0,0,0,2.0
2/8/20,0,0,0,0,0,0,0,0,0,0,0,0,0,0,0,2,0,0,0,0,0,0,0,0,0,0,0,0,0,0,0,0,0,0,0,0,0,0,0,0,0,0,0,0,0,0,0,0,0,0,0,0,0,0,0,0,0,0,0,0,0,0,0,0,0,0,0,0,0,0,0,0,0,0,0,0,0,0,0,0,0,0,0,0,0,0,0,0,0,0,0,0,0,0,0,0,0,0,0,0,0,0,2.0
2/9/20,0,0,0,0,0,0,0,0,0,0,0,0,0,0,0,2,0,0,0,0,0,0,0,0,0,0,0,0,0,0,0,0,0,0,0,0,0,0,0,0,0,0,0,0,0,0,0,0,0,0,0,0,0,0,0,0,0,0,0,0,0,0,0,0,0,0,0,0,0,0,0,0,0,0,0,0,0,0,0,0,0,0,0,0,0,0,0,0,0,0,0,0,0,0,0,0,0,0,0,0,0,0,2.0
2/10/20,0,0,0,0,0,0,0,0,0,0,0,0,0,0,0,2,0,0,0,0,0,0,0,0,0,0,0,0,0,0,0,0,0,0,0,0,0,0,0,0,0,0,0,0,0,0,0,0,0,0,0,0,0,0,0,0,0,0,0,0,0,0,0,0,0,0,0,0,0,0,0,0,0,0,0,0,0,0,0,0,0,0,0,0,0,0,0,0,0,0,0,0,0,0,0,0,0,0,0,0,0,0,2.0
2/11/20,0,0,0,0,0,0,0,0,0,0,0,0,0,0,0,2,0,0,0,0,0,0,0,0,0,0,0,0,0,0,0,0,0,0,0,0,0,0,0,0,0,0,0,0,0,0,0,0,0,0,0,0,0,0,0,0,0,0,0,0,0,0,0,0,0,0,0,0,0,0,0,0,0,0,0,0,0,0,0,0,0,0,0,0,0,0,0,0,0,0,0,0,0,0,0,0,0,0,0,0,0,0,2.0
2/12/20,0,0,0,0,0,0,0,0,0,0,0,0,0,0,0,2,0,0,0,0,0,0,0,0,0,0,0,0,0,0,0,0,0,0,0,0,0,0,0,0,0,0,0,0,0,0,0,0,0,0,0,0,0,0,0,0,0,0,0,0,0,0,0,0,0,0,0,0,0,0,0,0,0,0,0,0,0,0,0,0,0,0,0,0,0,0,0,0,0,0,0,0,0,0,0,0,0,0,0,0,0,0,2.0
2/13/20,0,0,0,0,0,0,0,0,0,0,0,0,0,0,0,2,0,0,0,0,0,0,0,0,0,0,0,0,0,0,0,0,0,0,0,0,0,0,0,0,0,0,0,0,0,0,0,0,0,0,0,0,0,0,0,0,0,0,0,0,0,0,0,0,0,0,0,0,0,0,0,0,0,0,0,0,0,0,0,0,0,0,0,0,0,0,0,0,0,0,0,0,0,0,0,0,0,0,0,0,0,0,2.0
2/14/20,0,0,0,0,0,0,0,0,0,0,0,0,0,0,0,2,0,0,0,0,0,0,0,0,0,0,0,0,0,0,0,0,0,0,0,0,0,0,0,0,0,0,0,0,0,0,0,0,0,0,0,0,0,0,0,0,0,0,0,0,0,0,0,0,0,0,0,0,0,0,0,0,0,0,0,0,0,0,0,0,0,0,0,0,0,0,0,0,0,0,0,0,0,0,0,0,0,0,0,0,0,0,2.0
2/15/20,0,0,0,0,0,0,0,0,0,0,0,0,0,0,0,2,0,0,0,0,0,0,0,0,0,0,0,0,0,0,0,0,0,0,0,0,0,0,0,0,0,0,0,0,0,0,0,0,0,0,0,0,0,0,0,0,0,0,0,0,0,0,0,0,0,0,0,0,0,0,0,0,0,0,0,0,0,0,0,0,0,0,0,0,0,0,0,0,0,0,0,0,0,0,0,0,0,0,0,0,0,0,2.0
2/16/20,0,0,0,0,0,0,0,0,0,0,0,0,0,0,0,2,0,0,0,0,0,0,0,0,0,0,0,0,0,0,0,0,0,0,0,0,0,0,0,0,0,0,0,0,0,0,0,0,0,0,0,0,0,0,0,0,0,0,0,0,0,0,0,0,0,0,0,0,0,0,0,0,0,0,0,0,0,0,0,0,0,0,0,0,0,0,0,0,0,0,0,0,0,0,0,0,0,0,0,0,0,0,2.0
2/17/20,0,0,0,0,0,0,0,0,0,0,0,0,0,0,0,2,0,0,0,0,0,0,0,0,0,0,0,0,0,0,0,0,0,0,0,0,0,0,0,0,0,0,0,0,0,0,0,0,0,0,0,0,0,0,0,0,0,0,0,0,0,0,0,0,0,0,0,0,0,0,0,0,0,0,0,0,0,0,0,0,0,0,0,0,0,0,0,0,0,0,0,0,0,0,0,0,0,0,0,0,0,0,2.0
2/18/20,0,0,0,0,0,0,0,0,0,0,0,0,0,0,0,2,0,0,0,0,0,0,0,0,0,0,0,0,0,0,0,0,0,0,0,0,0,0,0,0,0,0,0,0,0,0,0,0,0,0,0,0,0,0,0,0,0,0,0,0,0,0,0,0,0,0,0,0,0,0,0,0,0,0,0,0,0,0,0,0,0,0,0,0,0,0,0,0,0,0,0,0,0,0,0,0,0,0,0,0,0,0,2.0
2/19/20,0,0,0,0,0,0,0,0,0,0,0,0,0,0,0,2,0,0,0,0,0,0,0,0,0,0,0,0,0,0,0,0,0,0,0,0,0,0,0,0,0,0,0,0,0,0,0,0,0,0,0,0,0,0,0,0,0,0,0,0,0,0,0,0,0,0,0,0,0,0,0,0,0,0,0,0,0,0,0,0,0,0,0,0,0,0,0,0,0,0,0,0,0,0,0,0,0,0,0,0,0,0,2.0
2/20/20,0,0,0,0,0,0,0,0,0,0,0,0,0,0,0,2,0,0,0,0,0,0,0,0,0,0,0,0,0,0,0,0,0,0,0,0,0,0,0,0,0,0,0,0,0,0,0,0,0,0,0,0,0,0,0,0,0,0,0,0,0,0,0,0,0,0,0,0,0,0,0,0,0,0,0,0,0,0,0,0,0,0,0,0,0,0,0,0,0,0,0,0,0,0,0,0,0,0,0,0,0,0,2.0
2/21/20,0,0,0,0,0,0,0,0,0,0,0,0,0,0,0,2,0,0,0,0,0,0,0,0,0,0,0,0,0,0,0,0,0,0,0,0,0,0,0,0,0,0,0,0,0,0,0,0,0,0,0,0,0,0,0,0,0,0,0,0,0,0,0,0,0,0,0,0,0,0,0,0,0,0,0,0,0,0,0,0,0,0,0,0,0,0,0,0,0,0,0,0,0,0,0,0,0,0,0,0,0,0,2.0
2/22/20,0,0,0,0,0,0,0,0,0,0,0,0,0,0,0,2,0,0,0,0,0,0,0,0,0,0,0,0,0,0,0,0,0,0,0,0,0,0,0,0,0,0,0,0,0,0,0,0,0,0,0,0,0,0,0,0,0,0,0,0,0,0,0,0,0,0,0,0,0,0,0,0,0,0,0,0,0,0,0,0,0,0,0,0,0,0,0,0,0,0,0,0,0,0,0,0,0,0,0,0,0,0,2.0
2/23/20,0,0,0,0,0,0,0,0,0,0,0,0,0,0,0,2,0,0,0,0,0,0,0,0,0,0,0,0,0,0,0,0,0,0,0,0,0,0,0,0,0,0,0,0,0,0,0,0,0,0,0,0,0,0,0,0,0,0,0,0,0,0,0,0,0,0,0,0,0,0,0,0,0,0,0,0,0,0,0,0,0,0,0,0,0,0,0,0,0,0,0,0,0,0,0,0,0,0,0,0,0,0,2.0
2/24/20,0,0,0,0,0,0,0,0,0,0,0,0,0,0,0,2,0,0,0,0,0,0,0,0,0,0,0,0,0,0,0,0,0,0,0,0,0,0,0,0,0,0,0,0,0,0,0,0,0,0,0,0,0,0,0,0,0,0,0,0,0,0,0,0,0,0,0,0,0,0,0,0,0,0,0,0,0,0,0,0,0,0,0,0,0,0,0,0,0,0,0,0,0,0,0,0,0,0,0,0,0,0,2.0
2/25/20,0,0,0,0,0,0,0,0,0,0,0,0,0,0,0,2,0,0,0,0,0,0,0,0,0,0,0,0,0,0,0,0,0,0,0,0,0,0,0,0,0,0,0,0,0,0,0,0,0,0,0,0,0,0,0,0,0,0,0,0,0,0,0,0,0,0,0,0,0,0,0,0,0,0,0,0,0,0,0,0,0,0,0,0,0,0,0,0,0,0,0,0,0,0,0,0,0,0,0,0,0,0,2.0
2/26/20,0,0,0,0,0,0,0,0,0,0,0,0,0,0,0,2,0,0,0,0,0,0,0,0,0,0,0,0,0,0,0,0,0,0,0,0,0,0,0,0,0,0,0,0,0,0,0,0,0,0,0,0,0,0,0,0,0,0,0,0,0,0,0,0,0,0,0,0,0,0,0,0,0,0,0,0,0,0,0,0,0,0,0,0,0,0,0,0,0,0,0,0,0,0,0,0,0,0,0,0,0,0,2.0
2/27/20,0,0,0,0,0,0,0,0,0,0,0,0,0,0,0,2,0,0,0,0,0,0,0,0,0,0,0,0,0,0,0,0,0,0,0,0,0,0,0,0,0,0,0,0,0,0,0,0,0,0,0,0,0,0,0,0,0,0,0,0,0,0,0,0,0,0,0,0,0,0,0,0,0,0,0,0,0,0,0,0,0,0,0,0,0,0,0,0,0,0,0,0,0,0,0,0,0,0,0,0,0,0,2.0
2/28/20,0,0,0,0,0,0,0,0,0,0,0,0,0,0,0,2,0,0,0,0,0,0,0,0,0,0,0,0,0,0,0,0,0,0,0,0,0,0,0,0,0,0,0,0,0,0,0,0,0,0,0,0,0,0,0,0,0,0,0,0,0,0,0,0,0,0,0,0,0,0,0,0,0,0,0,0,0,0,0,0,0,0,0,0,0,0,0,0,0,0,0,0,0,0,0,0,0,0,0,0,0,0,2.0
2/29/20,0,0,0,0,0,0,0,0,0,0,0,0,0,0,0,2,0,0,0,0,0,0,0,0,0,0,0,0,0,0,0,0,0,0,0,0,0,0,0,0,0,0,0,0,0,0,0,0,0,0,0,0,0,0,0,0,0,0,0,0,0,0,0,0,0,0,0,0,0,0,0,0,0,0,0,0,0,0,0,0,0,0,0,0,0,0,0,0,0,0,0,0,0,0,0,0,0,0,0,0,0,0,2.0
3/1/20,0,0,0,0,0,0,0,0,0,0,0,0,0,0,0,3,0,0,0,0,0,0,0,0,0,0,0,0,0,0,0,0,0,0,0,0,0,0,0,0,0,0,0,0,0,0,0,0,0,0,0,0,0,0,0,0,0,0,0,0,0,0,0,0,0,0,0,0,0,0,0,0,0,0,0,0,0,0,0,0,0,0,0,0,0,0,0,0,0,0,0,0,0,0,0,0,0,0,0,0,0,0,3.0
3/2/20,0,0,0,0,0,0,0,0,0,0,0,0,0,0,0,4,0,0,0,0,0,0,0,0,0,0,0,0,0,0,0,0,0,0,0,0,0,0,0,0,0,0,0,0,0,0,0,0,0,0,0,0,0,0,0,0,0,0,0,0,0,0,0,0,0,0,0,0,0,0,0,0,0,0,0,0,0,0,0,0,0,0,0,0,0,0,0,0,0,0,0,0,0,0,0,0,0,0,0,0,0,0,4.0
3/3/20,0,0,0,0,0,0,0,0,0,0,0,0,0,0,0,4,0,0,0,0,0,0,0,0,0,0,0,0,0,0,0,0,0,0,0,0,0,0,0,0,0,0,0,0,0,0,0,0,0,0,0,0,0,0,0,0,0,0,0,0,0,0,0,0,0,0,0,0,0,0,0,0,0,0,0,0,0,0,0,0,0,0,0,0,0,0,0,0,0,0,0,0,0,0,0,0,0,0,0,0,0,0,4.0
3/4/20,0,0,0,0,0,0,0,0,0,0,0,0,0,0,0,4,0,0,0,0,0,0,0,0,0,0,0,0,0,0,0,0,0,0,0,0,0,0,0,0,0,0,0,0,0,0,0,0,0,0,0,0,0,0,0,0,0,0,0,0,0,0,0,0,0,0,0,0,0,0,0,0,0,0,0,0,0,0,0,0,0,0,0,0,0,0,0,0,0,0,0,0,0,0,0,0,0,0,0,0,0,0,4.0
3/5/20,0,0,0,0,0,0,0,0,0,0,0,0,0,0,0,5,0,0,0,0,0,0,0,0,0,0,0,0,0,0,0,0,0,0,0,0,0,0,0,0,0,0,0,0,0,0,0,0,0,0,0,0,0,0,0,0,0,0,0,0,0,0,0,0,0,0,0,0,0,0,0,0,0,0,0,0,0,0,0,0,0,0,0,0,0,0,0,0,0,0,0,0,0,0,0,0,0,0,0,0,0,0,5.0
3/6/20,0,0,0,0,0,0,0,0,0,0,0,0,0,0,0,5,0,0,0,0,0,0,0,0,0,0,0,0,0,0,0,0,0,0,0,0,0,0,0,0,0,0,0,0,0,0,0,0,0,0,0,0,0,0,0,0,0,0,0,0,0,0,0,0,0,0,0,0,0,0,0,0,0,0,0,0,0,0,0,0,0,0,0,0,0,0,0,0,0,0,0,0,0,0,0,0,0,0,0,0,0,0,5.0
3/7/20,0,0,0,0,0,0,0,0,0,0,0,0,0,0,0,6,0,0,0,0,0,0,0,0,0,0,0,0,0,0,0,0,0,0,0,0,0,0,0,0,0,0,0,0,0,0,0,0,0,0,0,0,0,0,0,0,0,0,0,0,0,0,0,0,0,0,0,0,0,0,0,0,0,0,0,0,0,0,0,0,0,0,0,0,0,0,0,0,0,0,0,0,0,0,0,0,0,0,0,0,0,0,6.0
3/8/20,0,0,0,0,0,0,0,0,0,0,0,0,0,0,0,7,0,0,0,0,0,0,0,0,0,0,0,0,0,0,0,0,0,0,0,0,0,0,0,0,0,0,0,0,0,0,0,0,0,0,0,0,0,0,0,0,0,0,0,0,0,0,0,0,0,0,0,0,0,0,0,0,0,0,0,0,0,0,0,0,0,0,0,0,0,0,0,0,0,0,0,0,0,0,0,0,0,0,0,0,0,0,7.0
3/9/20,0,0,0,0,0,0,0,0,0,0,0,0,0,0,0,7,0,0,0,0,0,0,0,0,0,0,0,0,0,0,0,0,0,0,0,0,0,0,0,0,0,0,0,0,0,0,0,0,0,0,0,0,0,0,0,0,0,0,0,0,0,0,0,0,0,0,0,0,0,0,0,0,0,0,0,0,0,0,0,0,0,0,0,0,0,0,0,0,0,0,0,0,0,0,0,0,0,0,0,0,0,0,7.0
3/10/20,0,0,0,0,0,0,0,0,0,0,0,0,0,0,0,11,0,0,0,0,0,0,0,0,0,0,0,0,0,0,0,0,0,0,0,0,0,0,0,0,0,0,0,0,1,0,0,0,0,0,0,0,0,0,0,0,0,0,0,0,0,0,0,0,0,0,0,0,0,0,0,0,0,0,0,0,0,0,0,0,0,0,0,0,0,0,0,0,0,0,0,0,0,0,0,0,0,0,0,0,0,0,12.0
3/11/20,0,0,0,0,0,0,0,0,0,0,0,0,0,0,0,22,0,0,0,0,0,0,0,0,0,0,0,0,0,0,0,0,0,0,0,0,0,0,0,0,0,0,0,0,1,0,0,0,0,1,0,0,0,0,0,0,0,0,0,0,0,0,1,0,0,0,0,0,0,0,0,0,0,0,0,0,0,0,0,0,0,0,0,0,0,0,0,0,0,0,0,0,0,0,0,0,0,0,0,0,0,0,25.0
3/12/20,0,0,0,0,0,0,0,0,0,0,0,0,0,0,0,27,0,0,0,0,0,0,0,0,0,0,0,0,0,0,0,0,0,0,0,0,0,0,0,0,0,0,0,0,2,0,0,0,0,1,0,0,0,0,0,0,0,0,0,0,0,0,2,0,0,0,0,0,0,0,0,0,0,0,0,0,0,0,0,0,0,0,0,0,0,0,0,0,0,0,0,0,0,0,0,0,0,0,0,0,0,0,32.0
3/13/20,0,0,0,0,0,0,0,0,0,0,0,0,0,0,0,40,0,0,0,0,0,0,0,0,0,0,0,0,0,0,0,0,0,0,0,0,0,0,0,0,0,0,0,0,2,0,0,0,0,2,0,0,0,0,0,0,0,0,0,0,0,0,2,0,0,0,0,0,0,0,0,0,0,0,0,0,0,0,0,0,0,0,0,0,0,0,0,0,0,0,0,0,0,0,0,0,0,0,0,0,0,0,46.0
3/14/20,0,0,0,0,0,0,0,0,0,0,0,0,0,0,1,50,0,1,0,0,0,1,0,0,0,0,0,0,0,0,0,0,0,0,0,0,0,0,0,0,0,0,0,0,3,0,0,0,0,3,0,0,0,0,0,0,0,0,0,0,0,0,2,0,0,0,0,0,0,0,0,0,0,0,0,0,0,0,0,0,0,0,0,0,0,0,2,0,0,0,0,0,0,0,0,0,0,0,0,0,0,1,64.0
3/15/20,0,0,0,0,0,0,0,0,0,0,0,0,0,0,1,50,0,1,0,0,0,1,0,0,0,0,0,0,0,0,0,0,0,0,0,0,0,0,0,0,0,0,0,0,3,0,0,0,0,3,0,0,0,0,0,0,0,0,0,0,0,0,2,0,0,0,0,0,0,0,0,0,0,0,0,0,0,0,0,0,0,0,2,0,0,0,2,0,0,0,0,0,0,0,0,0,0,0,0,0,0,1,66.0
3/16/20,0,0,0,0,0,0,0,0,0,1,0,0,0,0,0,62,0,1,0,0,0,1,0,0,0,0,0,0,0,0,0,0,0,0,0,0,0,0,0,0,0,0,0,0,4,0,0,0,0,4,0,0,0,0,0,0,0,0,0,0,0,0,2,0,0,0,0,0,0,0,0,0,0,0,0,0,0,0,0,0,0,0,2,0,0,0,4,0,0,0,0,0,0,0,0,0,0,0,1,0,0,1,83.0
3/17/20,0,0,0,0,0,0,0,0,0,1,0,0,0,2,0,107,0,1,0,0,0,26,0,0,0,0,0,0,0,0,0,0,0,0,0,0,0,0,0,0,0,0,0,0,3,0,0,0,0,7,0,0,0,0,0,0,0,0,0,0,0,0,2,0,0,0,0,0,0,0,0,1,0,0,0,0,0,0,0,0,0,0,4,0,0,0,2,0,0,0,0,0,0,0,0,0,0,1,2,0,1,1,161.0
3/18/20,0,0,0,0,0,0,0,0,0,1,0,0,0,3,0,178,0,1,0,0,0,45,0,0,0,0,0,0,0,0,0,0,0,0,0,0,0,0,0,0,0,0,0,0,4,0,2,0,0,18,0,0,0,0,0,0,1,0,0,0,0,0,4,0,0,0,0,0,0,0,0,3,0,0,0,0,0,0,0,0,0,0,3,0,0,0,3,0,0,0,0,0,0,0,0,0,0,1,3,0,1,1,272.0
3/19/20,0,0,0,0,0,0,0,0,0,1,0,0,0,3,0,278,0,1,0,0,0,54,0,0,0,0,0,0,0,0,0,0,0,0,0,0,0,0,1,0,0,0,0,0,6,1,1,0,1,37,0,0,0,0,0,0,1,0,0,0,0,0,6,0,0,0,0,0,0,0,0,3,0,0,0,0,0,0,0,0,0,0,4,0,0,0,3,0,0,0,0,0,0,0,1,0,0,1,9,1,1,2,416.0
3/20/20,1,0,0,0,0,0,0,0,0,1,0,0,0,3,0,278,0,1,0,0,0,54,0,0,0,0,0,0,0,0,0,0,0,0,0,0,0,0,1,0,0,0,0,0,6,1,1,0,1,37,0,0,0,0,0,0,1,0,0,0,0,0,6,1,0,0,0,0,0,0,0,3,0,0,0,0,0,0,0,0,0,0,4,0,0,0,3,0,0,0,0,0,0,0,1,0,0,1,9,1,1,2,418.0
3/21/20,1,0,0,0,0,0,0,0,0,3,1,0,0,3,0,548,0,1,0,1,0,65,0,0,0,0,0,0,0,0,0,0,0,0,0,0,0,0,1,0,0,0,0,0,8,2,2,0,1,63,0,0,0,0,0,0,2,0,0,0,0,0,11,6,0,0,0,0,0,0,0,3,0,0,0,0,0,0,0,0,0,0,4,0,0,0,3,0,0,0,0,0,0,0,1,0,0,1,12,1,4,2,750.0
3/22/20,1,0,0,0,0,0,0,0,0,2,1,0,0,3,0,805,0,1,0,1,0,79,0,0,0,0,0,0,0,0,0,0,0,0,0,0,0,0,1,0,0,0,1,0,13,2,4,0,1,69,0,0,1,0,0,0,2,0,0,0,0,0,12,6,0,0,0,0,0,0,0,3,0,0,0,0,0,0,0,0,1,0,4,0,0,0,3,0,1,0,0,0,0,0,1,0,0,1,21,1,4,2,1047.0
3/23/20,1,0,0,0,0,0,0,0,0,3,1,0,0,3,0,922,0,1,0,1,0,95,0,0,0,0,0,0,0,0,0,0,0,0,0,0,0,0,1,0,0,0,1,0,18,3,4,0,2,96,0,0,1,0,0,0,2,0,0,0,0,0,12,7,0,0,1,0,0,0,0,3,0,0,0,0,0,0,0,0,1,0,4,0,0,0,4,0,1,0,0,0,0,0,1,0,0,1,24,1,5,2,1222.0
3/24/20,1,0,0,0,0,0,0,0,0,4,1,0,0,3,0,1194,0,1,0,1,0,103,0,0,0,0,0,0,0,0,0,1,0,0,0,0,0,0,1,0,0,0,1,0,24,4,4,0,3,111,0,0,1,0,0,0,2,0,0,0,0,0,14,7,0,0,1,0,0,0,0,3,0,0,0,0,0,0,0,0,1,0,5,0,0,0,7,0,1,0,0,0,0,0,1,0,0,1,28,0,5,3,1537.0
3/25/20,1,0,0,0,0,0,0,0,0,4,1,0,0,4,0,1418,0,1,0,1,1,131,0,0,0,0,0,0,0,0,0,1,0,0,0,0,0,0,1,0,0,0,1,0,38,6,6,0,3,139,0,0,1,1,0,0,3,0,1,0,0,0,19,7,0,0,2,0,0,0,0,4,0,0,0,0,0,0,0,0,3,0,5,0,0,0,7,0,1,0,0,0,0,0,1,0,0,1,40,0,7,3,1863.0
3/26/20,1,0,0,0,0,0,0,0,0,10,1,0,0,4,0,1418,0,1,0,1,1,131,0,0,0,0,0,0,0,0,0,1,0,0,0,0,0,0,1,0,0,0,1,0,38,6,6,0,3,139,0,0,1,1,0,0,3,0,1,0,0,0,19,8,0,0,2,0,0,0,0,4,0,0,0,0,0,0,0,0,3,0,5,0,0,0,7,0,1,0,0,0,0,0,1,0,0,1,40,0,7,3,1870.0
3/27/20,1,0,0,0,0,1,0,0,0,10,1,0,0,5,0,2239,0,1,0,4,1,199,0,0,0,0,0,1,0,0,0,2,0,0,0,0,1,1,1,0,0,0,1,0,75,17,8,0,0,230,0,0,2,0,0,0,8,0,1,0,0,0,45,10,0,0,3,0,1,0,0,6,0,0,0,0,0,0,0,0,4,0,7,0,0,0,15,0,2,2,0,0,0,0,1,0,0,2,104,1,8,3,3024.0
3/28/20,1,0,0,0,0,1,0,1,0,11,1,0,0,5,0,2613,0,1,0,4,1,202,0,0,0,1,0,1,0,0,0,2,0,0,0,0,2,1,2,0,0,0,1,0,90,27,11,0,3,241,0,0,2,0,1,0,10,0,1,0,0,0,47,10,0,0,3,0,1,0,0,7,0,0,0,0,0,0,0,0,4,0,8,0,0,0,18,0,2,3,0,0,0,0,1,0,0,2,127,1,9,3,3483.0
3/29/20,2,0,1,0,0,1,0,1,0,21,6,0,0,6,0,3445,0,1,0,8,1,274,0,0,0,1,0,2,0,0,0,3,0,0,0,0,2,2,3,0,0,0,1,0,100,33,15,1,4,300,0,0,2,0,2,0,12,0,1,0,0,0,52,14,1,0,3,1,3,0,0,8,0,0,0,0,0,0,0,0,5,0,9,0,0,0,31,0,3,4,0,0,0,0,1,0,0,3,182,1,12,4,4588.0
3/30/20,2,0,1,0,0,1,0,1,0,23,12,1,0,6,0,3727,1,1,0,4,1,320,0,0,0,1,0,1,0,0,0,3,0,0,0,0,2,1,3,0,0,0,1,0,113,33,18,1,5,343,0,0,2,0,2,0,13,2,1,0,0,0,52,17,1,0,3,1,4,0,0,8,0,0,0,0,0,0,2,0,8,1,12,0,0,0,36,0,3,4,0,0,0,0,1,0,0,4,223,1,13,3,5043.0
3/31/20,2,0,2,0,0,1,0,2,0,26,13,1,0,7,0,4496,1,1,0,9,3,356,0,0,0,1,1,1,0,0,0,4,0,0,0,0,2,2,4,0,0,0,1,0,128,42,19,1,5,389,0,0,3,0,2,0,16,2,1,0,0,0,63,19,1,0,3,2,4,0,0,8,0,0,0,0,0,0,3,0,11,1,14,0,0,0,43,0,3,4,0,0,0,0,1,0,0,5,228,1,15,3,5976.0
4/1/20,2,0,2,0,0,2,0,3,0,33,14,1,0,8,0,5152,1,1,0,14,8,392,0,0,0,2,1,1,0,0,0,4,0,0,0,0,3,2,4,0,0,0,3,0,142,51,27,1,6,477,0,0,5,0,2,0,25,2,1,0,0,0,69,18,0,0,3,2,5,0,1,10,0,0,0,0,0,0,7,0,17,1,17,0,0,0,53,0,3,4,0,0,0,0,1,0,0,5,322,1,18,3,6952.0
4/2/20,2,0,3,0,0,2,0,4,0,43,15,2,0,8,0,5575,1,1,0,16,8,448,0,0,0,2,1,1,0,0,0,5,0,0,0,0,4,2,6,0,0,0,3,0,154,55,36,1,6,540,0,0,5,1,2,1,29,2,1,0,1,0,81,32,1,1,4,2,5,1,1,11,0,1,0,0,0,0,8,0,21,1,18,0,0,0,55,0,3,5,0,2,0,0,1,0,0,6,384,1,24,3,7658.0
4/3/20,2,0,3,0,0,2,0,4,0,51,17,2,0,8,0,6111,1,1,1,16,9,500,0,0,1,2,1,1,0,0,0,7,0,0,0,0,7,4,8,0,0,1,4,0,176,58,37,1,6,608,0,0,6,1,2,1,31,3,1,0,1,0,102,35,1,1,8,2,5,1,1,11,0,1,0,0,0,0,12,0,24,1,20,0,0,0,57,0,3,7,0,2,0,0,1,0,0,9,455,2,28,4,8489.0
4/4/20,3,0,3,0,0,3,0,4,0,55,17,2,0,10,0,7439,2,1,1,19,9,590,0,0,1,2,1,1,0,0,0,9,0,0,0,0,7,4,10,2,0,1,4,0,207,68,47,1,7,683,0,2,6,1,5,4,47,3,1,1,1,0,122,40,1,1,9,2,6,1,4,11,0,1,1,0,0,0,20,0,29,1,25,0,0,0,80,0,3,10,0,5,0,0,1,0,0,15,582,3,36,6,10299.0
4/5/20,3,0,3,3,0,3,1,4,0,55,20,2,0,10,0,8034,3,1,2,22,9,656,0,0,1,2,1,1,0,1,0,9,0,0,0,0,8,5,12,3,2,2,5,0,220,76,49,1,8,742,0,2,7,1,6,5,48,3,1,1,2,0,133,46,1,2,10,3,6,1,5,14,0,1,1,0,0,0,24,0,40,1,29,0,0,0,86,0,3,13,0,5,0,0,1,0,0,18,648,3,42,6,11197.0
4/6/20,8,0,3,4,0,3,1,4,0,62,22,2,0,11,0,8728,5,1,3,22,10,715,0,0,1,3,1,2,0,1,0,9,0,0,0,0,10,6,14,4,1,3,6,0,234,85,55,1,11,815,0,2,9,1,9,7,52,3,1,1,2,0,144,46,2,2,11,3,7,1,7,12,0,3,1,0,0,0,27,0,47,1,31,0,0,0,92,0,5,14,0,5,1,0,2,0,0,18,697,3,49,6,12190.0
4/7/20,9,0,3,6,0,4,1,5,0,65,23,4,0,11,1,9509,4,1,2,26,10,795,0,0,1,3,5,2,0,1,0,10,0,0,0,0,13,7,20,3,3,4,6,0,255,107,61,1,12,923,2,3,10,2,12,8,63,3,1,3,2,0,156,57,2,2,12,3,8,2,10,13,0,4,1,0,0,0,29,1,54,2,32,0,0,2,109,0,6,15,0,5,1,0,2,0,0,21,840,8,59,7,13488.0
4/8/20,1,0,3,7,0,4,1,5,0,69,23,3,0,13,2,10520,4,1,2,32,10,875,0,0,2,4,3,2,0,1,0,12,0,1,0,0,16,7,22,3,3,5,8,0,296,145,79,1,17,1041,2,6,10,3,13,10,82,4,1,3,2,0,180,65,2,2,20,4,8,2,12,16,0,4,1,0,0,0,31,1,67,2,33,0,0,3,127,1,6,17,0,5,1,0,2,0,0,21,914,9,63,7,15005.0
4/9/20,22,0,4,7,0,4,1,5,0,72,23,3,0,31,2,11415,4,2,1,32,11,943,0,0,3,7,3,2,0,1,0,13,0,1,0,0,18,7,26,3,2,5,9,0,318,156,86,1,17,1124,2,9,14,2,15,12,89,10,1,3,2,0,198,69,2,2,35,6,10,2,14,15,0,5,1,0,4,0,34,1,73,3,39,1,0,3,144,1,7,17,0,5,2,0,2,0,0,23,1010,10,66,7,16354.0
4/10/20,24,0,4,7,0,4,1,5,0,79,23,3,0,32,2,12472,4,2,1,32,11,1008,0,0,3,7,4,3,2,1,2,15,0,1,0,0,21,7,27,3,5,6,10,0,339,167,92,1,19,1230,2,12,14,2,14,14,101,12,1,3,2,0,206,75,2,2,42,8,10,2,16,20,0,6,1,0,4,0,35,1,80,3,42,1,0,3,159,1,8,17,0,7,2,0,2,0,0,24,1077,10,77,7,17806.0
4/11/20,25,0,4,7,0,5,1,5,0,85,24,3,0,37,5,13417,4,2,1,33,11,1048,0,0,3,9,4,3,1,1,1,17,0,1,0,0,22,8,30,3,6,6,10,0,376,185,103,2,18,1331,2,12,15,3,23,14,103,13,1,3,2,1,220,75,2,2,43,8,10,3,16,23,1,6,1,0,4,0,37,1,84,3,43,1,0,3,173,1,8,18,0,7,2,1,2,0,0,25,1126,10,80,7,19095.0
4/12/20,25,0,4,7,0,5,1,5,0,86,24,3,0,37,6,14585,4,2,1,34,11,1162,0,0,3,11,4,4,1,1,1,21,0,1,0,0,22,9,31,3,7,6,11,0,403,204,105,2,20,1445,2,13,16,3,35,16,110,13,1,3,2,1,235,77,2,2,46,8,10,2,18,27,1,6,1,0,5,0,40,1,91,3,43,1,0,4,189,1,8,19,0,8,2,2,2,0,0,26,1228,10,94,7,20751.0
4/13/20,26,0,4,13,0,6,1,5,0,87,24,4,0,39,6,15474,4,2,1,34,11,1223,0,0,3,11,4,4,1,1,1,21,0,1,0,0,23,9,36,3,8,6,11,1,421,210,114,2,21,1516,2,14,17,4,42,16,115,13,1,3,2,2,245,79,2,2,46,9,10,2,26,31,1,6,1,0,5,0,41,1,105,3,44,1,0,4,202,1,8,19,0,8,2,2,2,0,0,28,1283,10,99,9,21960.0
4/14/20,27,0,4,13,0,6,1,5,0,88,24,4,1,38,8,16323,4,2,1,35,11,1312,0,0,3,12,4,4,1,2,1,24,0,1,0,0,23,9,36,3,8,6,11,1,448,220,114,2,23,1621,2,13,17,4,45,16,128,14,2,3,3,2,257,81,2,3,47,9,11,2,26,31,1,6,1,0,5,0,41,1,113,3,50,1,0,4,220,1,9,21,0,8,2,2,2,0,0,30,1350,10,101,10,23194.0
4/15/20,27,0,4,16,0,7,1,5,0,90,24,4,1,39,9,17306,4,2,1,37,11,1386,0,0,3,12,4,4,1,2,1,24,0,3,0,0,25,11,39,3,9,8,11,2,463,226,116,2,24,1711,2,15,17,4,44,17,135,17,2,3,4,2,264,82,2,3,49,9,10,2,28,33,1,6,1,0,5,0,46,1,138,3,50,1,0,4,225,1,9,21,3,8,1,2,3,0,0,29,1433,12,112,11,24548.0
4/16/20,29,0,4,18,0,7,1,5,0,90,24,4,1,39,9,18087,4,2,1,39,12,1463,0,0,4,12,4,4,1,2,1,24,0,3,0,0,25,11,39,3,10,8,11,2,490,252,119,2,25,1767,2,15,17,5,47,18,151,17,2,4,4,3,279,82,2,4,50,9,11,2,29,34,1,7,1,0,6,0,46,1,154,3,54,1,0,4,239,1,9,21,3,8,1,2,4,0,0,30,1494,12,121,11,25679.0
4/17/20,30,1,4,21,0,7,1,5,0,92,24,4,1,42,9,19391,4,2,1,46,12,1560,0,0,4,12,4,5,1,2,1,24,0,3,0,1,28,12,40,4,11,8,11,2,538,260,123,3,27,1914,2,17,18,5,47,18,157,17,2,4,4,3,306,83,2,4,52,11,12,2,40,34,1,7,1,0,5,0,48,2,167,3,58,1,0,4,254,1,10,21,4,8,1,2,5,0,0,31,1566,13,145,11,27504.0
4/18/20,31,1,4,29,0,8,1,6,0,93,25,4,1,44,14,20395,5,2,1,54,12,1642,0,0,4,13,5,5,1,2,1,26,1,3,0,2,30,12,42,7,12,8,12,2,582,272,135,5,27,2073,2,17,17,4,55,21,169,19,3,4,3,3,340,83,3,5,52,13,12,2,48,37,1,7,1,0,9,0,54,2,187,3,61,1,0,4,265,1,12,41,5,9,1,4,6,1,0,36,1603,13,172,11,29076.0
4/19/20,34,2,4,30,0,8,1,6,0,95,25,4,1,45,16,21272,4,2,1,55,12,1695,0,0,4,15,5,5,1,2,1,26,1,3,0,2,30,13,42,20,31,8,12,2,605,275,135,9,28,2162,2,17,17,4,54,21,180,20,4,4,3,3,340,85,3,5,53,14,12,2,48,39,1,7,1,0,9,0,57,2,188,3,62,1,0,4,271,1,12,26,5,9,1,13,7,1,0,36,1643,14,178,11,30242.0
4/20/20,34,2,4,33,0,8,1,6,0,95,27,4,1,45,16,22101,4,2,1,55,12,1761,0,0,4,15,6,5,1,2,1,26,1,3,0,2,30,13,44,20,32,8,12,2,638,278,138,10,30,2216,2,17,17,4,55,21,184,20,4,5,3,3,351,86,3,5,54,16,13,2,58,43,1,7,1,0,9,0,58,2,211,3,64,1,0,4,276,1,12,26,5,9,1,15,7,1,0,41,1692,15,195,11,31383.0
4/21/20,29,2,4,35,0,8,1,7,6,97,26,4,1,46,17,23181,7,2,1,56,12,1864,0,0,5,15,6,6,1,2,1,26,2,4,0,2,31,14,48,36,34,10,12,2,684,278,146,11,33,2287,2,17,18,4,60,22,190,25,4,5,3,3,368,86,3,5,55,17,13,2,59,44,1,7,1,0,10,0,61,2,217,3,68,1,0,4,289,1,13,30,5,10,1,15,7,1,1,42,1736,16,207,11,32867.0
4/22/20,29,2,4,41,0,8,1,7,7,97,26,4,2,49,18,24546,8,2,1,56,12,1947,0,0,5,15,6,8,1,2,2,26,2,4,1,2,32,14,50,36,75,10,11,3,764,285,157,16,38,2379,2,18,18,4,93,24,226,24,4,6,3,4,399,86,4,5,58,21,14,2,71,46,2,7,1,0,12,0,63,2,242,3,69,1,0,4,316,1,13,25,5,10,1,19,7,1,1,45,1820,17,238,11,34879.0
4/23/20,29,2,4,54,0,8,1,7,8,99,26,4,2,51,18,25811,10,2,1,56,12,2047,0,0,5,15,8,8,1,2,2,26,2,4,1,3,33,14,53,40,77,11,11,3,863,289,171,21,39,2540,2,18,18,4,96,24,235,25,4,6,3,4,419,87,4,6,60,21,14,2,71,54,3,7,1,0,13,0,68,2,247,3,76,1,0,5,330,1,13,30,6,10,1,31,7,1,1,49,1885,19,252,11,36744.0
4/24/20,32,2,4,60,0,9,1,7,17,102,27,4,2,73,22,27616,10,2,1,68,12,2219,0,0,5,16,7,8,3,2,2,28,2,4,1,4,36,15,56,41,80,12,11,3,962,297,191,24,42,2717,2,18,18,4,99,25,268,26,4,6,3,5,459,87,4,7,62,23,15,4,75,56,3,7,1,0,15,0,79,3,270,3,81,1,0,10,350,1,13,34,7,11,1,37,7,2,1,53,2009,22,279,11,39440.0
4/25/20,32,2,5,71,0,9,1,9,21,102,28,4,2,82,22,29058,10,3,1,71,12,2311,0,0,5,16,8,8,2,2,2,28,2,4,1,4,36,16,56,42,80,12,11,3,1049,299,203,31,43,2879,3,19,20,4,100,28,280,26,4,6,3,5,502,88,4,7,63,23,15,4,85,60,7,7,1,0,15,0,79,3,293,3,95,1,0,9,363,1,16,36,7,11,1,44,7,2,1,59,2060,22,302,11,41503.0
4/26/20,32,3,5,76,0,10,1,9,27,105,28,4,2,84,22,30574,10,3,1,71,13,2443,0,0,5,16,8,8,3,2,2,30,2,4,1,4,36,18,67,42,83,12,11,4,1109,304,208,36,44,2990,3,19,20,4,102,28,305,26,4,6,4,6,513,88,4,7,64,23,16,4,87,65,8,7,1,0,15,0,104,3,304,3,104,1,0,10,391,1,16,36,8,11,1,49,8,2,1,62,2126,25,318,11,43596.0
4/27/20,33,3,5,79,0,10,1,9,25,107,28,4,2,85,22,31953,10,3,1,76,14,2628,0,0,5,16,8,8,3,2,2,30,2,5,1,4,36,18,68,42,83,12,11,4,1185,309,218,36,46,3080,3,20,20,4,103,30,306,26,4,7,4,7,538,92,4,7,64,23,18,4,105,68,9,7,1,0,17,0,109,3,323,3,113,1,0,10,403,1,16,37,8,14,1,50,8,2,1,67,2173,25,343,11,45545.0
4/28/20,40,3,5,81,0,11,1,9,27,114,28,5,2,90,22,33449,10,3,2,82,14,2736,0,0,5,16,8,8,3,2,3,30,2,5,1,4,38,20,75,44,81,12,11,4,1308,313,235,36,49,3192,3,22,20,7,103,30,318,28,4,10,4,12,552,94,7,7,67,24,21,5,110,78,13,7,1,0,17,0,126,3,342,3,159,1,0,10,434,1,22,38,8,16,1,53,8,2,2,76,2254,28,365,12,47767.0
4/29/20,40,3,6,89,0,11,1,9,29,120,30,5,2,101,22,34880,10,3,3,90,14,2870,0,0,6,16,10,8,3,2,3,32,2,5,1,4,39,25,82,44,81,12,12,4,1412,326,255,41,49,3382,3,23,20,7,105,30,324,29,4,11,4,13,588,94,7,7,69,25,22,5,111,85,18,7,1,0,17,0,138,3,369,3,169,1,0,10,442,1,29,40,11,16,1,56,10,2,2,76,2369,29,392,12,50004.0
4/30/20,40,3,6,98,0,10,1,9,33,130,30,5,2,106,22,36513,10,3,3,95,14,3081,0,0,5,16,9,8,3,2,3,35,2,6,1,4,45,27,107,44,83,12,13,4,1526,338,266,46,53,3509,3,24,20,7,106,30,333,33,4,12,4,18,621,95,8,8,70,26,22,5,119,86,21,7,1,0,18,0,156,3,377,3,178,2,0,10,475,1,35,45,17,17,1,62,10,2,2,84,2492,31,442,13,52540.0
5/1/20,40,3,6,113,1,10,1,9,34,143,29,5,2,110,22,38668,10,3,3,105,16,3256,0,0,5,16,9,8,3,2,3,37,2,6,1,5,49,31,120,44,85,12,13,4,1677,350,281,47,54,3766,3,23,20,7,109,31,335,34,4,12,4,18,666,97,9,8,71,26,24,5,122,93,24,7,1,0,20,0,164,3,389,3,195,1,0,10,492,1,45,41,19,17,1,70,10,2,2,87,2617,32,485,14,55692.0
5/2/20,40,4,6,129,1,11,1,9,40,156,28,6,2,110,22,40227,10,3,3,114,19,3432,0,0,6,16,9,9,3,2,3,41,2,8,1,5,50,37,125,45,84,13,13,4,1803,358,291,51,65,3975,3,23,21,7,119,32,337,34,4,12,4,26,693,99,12,8,71,27,24,5,122,101,31,7,1,0,20,0,166,3,412,3,207,1,0,10,507,1,53,43,21,18,1,75,13,2,2,92,2796,32,521,13,58227.0
5/3/20,40,4,6,138,1,12,1,10,40,177,28,5,2,112,22,42324,10,3,3,125,20,3611,0,0,6,16,9,10,3,2,3,43,2,8,1,5,50,38,139,45,86,13,13,4,1935,358,305,51,67,4161,4,25,24,7,122,32,365,34,4,13,4,35,738,99,15,8,75,28,24,5,129,106,34,7,1,0,20,0,179,3,436,4,208,1,0,10,537,1,63,47,28,18,1,78,13,2,2,92,2868,34,579,13,61242.0
5/4/20,40,4,6,144,2,12,1,10,40,182,28,5,2,114,22,43715,8,4,3,130,20,3803,0,0,5,16,9,9,4,2,3,46,2,9,1,4,53,42,140,48,87,14,14,4,2115,383,326,56,70,4252,4,25,23,7,124,34,365,35,4,14,4,36,790,103,14,10,73,29,24,5,132,107,34,7,1,0,20,0,182,3,452,4,212,1,0,10,551,1,71,45,30,21,1,85,13,2,2,92,3066,35,638,13,63563.0
5/5/20,40,4,7,146,2,12,1,10,42,212,28,5,2,115,22,45223,8,4,3,132,20,3918,0,0,5,16,11,10,3,2,3,47,2,9,1,4,53,47,146,48,86,14,14,4,2206,393,334,56,69,4370,3,41,23,7,126,36,369,36,4,14,4,37,802,103,15,10,74,30,26,6,133,113,32,7,1,0,20,0,183,3,454,4,216,2,0,10,579,1,70,48,32,23,1,85,14,2,2,94,3150,37,649,13,65653.0
5/6/20,40,6,8,155,6,12,1,10,48,212,28,5,2,116,22,46689,10,4,3,141,20,4056,0,0,5,16,11,10,3,2,3,48,2,10,1,5,54,62,154,46,86,15,14,4,2331,416,346,61,84,4529,3,49,23,7,129,39,374,38,4,15,4,42,814,108,16,10,74,33,26,6,137,126,35,7,1,0,23,0,203,3,465,4,231,2,0,10,601,1,72,53,48,22,1,88,15,2,2,98,3332,40,696,15,68059.0
5/7/20,40,6,8,168,6,12,1,10,50,229,27,5,2,122,22,48341,10,4,3,149,20,4213,0,0,5,17,12,10,3,2,3,50,2,10,1,5,55,77,157,46,88,16,14,4,2498,428,363,63,91,4762,3,51,24,7,133,39,396,40,4,15,5,46,857,110,17,11,77,33,27,6,139,130,36,7,1,0,24,0,206,3,477,5,237,3,0,10,623,1,78,54,52,23,1,92,14,2,2,99,3434,42,759,15,70700.0
5/8/20,41,6,8,177,6,13,1,10,52,247,29,5,2,125,22,50236,10,4,3,160,20,4374,0,0,5,17,12,10,3,2,4,55,2,11,1,6,59,84,161,46,89,16,16,4,2668,458,373,69,93,4985,3,63,24,9,138,38,401,41,4,15,6,48,897,112,17,11,79,34,28,6,141,132,36,7,1,1,25,0,211,3,498,5,253,5,0,10,648,1,84,58,58,25,1,93,14,3,2,101,3561,44,830,15,73640.0
5/9/20,41,6,8,185,8,12,1,10,56,256,29,7,2,126,23,51674,10,4,3,170,20,4493,0,0,6,17,13,10,3,2,4,58,2,11,1,6,58,89,162,46,94,16,18,4,2818,479,388,71,102,5199,4,63,24,9,140,38,414,43,4,15,6,49,936,115,17,11,79,34,30,6,148,136,36,7,1,1,27,0,217,3,507,5,256,7,0,10,689,1,88,59,62,25,1,97,15,3,2,102,3636,44,877,15,75935.0
5/10/20,41,7,8,193,8,14,1,11,56,263,29,8,2,126,24,52655,10,4,3,177,20,4603,0,0,6,17,14,10,3,2,4,58,2,12,1,6,58,96,167,46,97,17,18,4,3003,540,421,73,105,5245,4,63,24,9,144,38,427,44,4,15,6,49,945,117,17,12,79,34,30,6,149,139,38,7,1,1,27,0,220,3,515,5,258,7,0,10,711,1,97,59,63,25,1,102,15,3,2,104,3684,44,917,15,77578.0
5/11/20,41,7,9,206,9,14,1,11,56,279,29,8,2,127,41,53381,10,4,3,183,20,4745,0,0,6,17,14,10,3,2,4,60,3,12,1,6,58,98,166,46,94,17,18,4,3126,557,431,75,105,5323,4,63,24,9,146,39,435,47,4,15,6,49,958,121,17,12,79,34,30,6,149,141,38,7,1,1,27,0,221,3,517,5,262,7,0,10,719,1,99,59,63,25,1,104,17,3,2,104,3740,44,932,15,78857.0
5/12/20,41,8,9,244,9,15,1,12,64,303,30,8,2,128,58,55470,11,6,3,203,20,5121,0,0,6,17,14,10,3,2,4,61,2,12,1,7,60,99,167,46,95,17,18,4,3592,583,477,77,106,5662,3,69,25,9,149,39,445,47,4,15,6,52,1026,126,17,12,81,34,32,6,160,143,38,8,1,1,27,0,222,3,530,5,276,7,0,10,727,1,110,58,63,26,1,106,17,3,2,110,3896,44,1159,15,82874.0
5/13/20,41,8,10,253,9,15,1,12,62,318,30,8,2,142,62,56406,11,7,3,211,22,5244,0,2,6,17,14,12,4,2,4,62,2,12,1,7,61,101,171,45,97,17,19,6,3744,607,496,79,111,5758,4,70,25,11,151,39,449,47,4,15,6,54,1049,127,17,12,81,34,33,6,160,148,38,8,1,1,31,0,227,3,538,5,279,7,0,10,737,1,118,59,105,29,1,105,17,10,2,110,3973,52,1208,15,84566.0
5/14/20,41,8,10,268,9,15,1,12,66,324,30,9,2,155,62,58457,11,8,4,217,22,5453,0,2,6,17,15,11,6,2,4,65,2,12,1,7,62,107,175,45,98,18,18,6,3995,623,518,79,113,5992,4,70,25,10,154,41,461,47,4,16,6,58,1083,130,17,13,82,36,34,6,163,151,38,8,1,1,33,0,233,3,543,6,289,7,0,11,759,1,119,58,113,29,1,105,17,11,2,111,4090,52,1337,14,87786.0
5/15/20,42,8,11,274,9,15,1,12,67,344,30,9,2,159,67,59905,11,8,4,229,22,5634,1,2,6,19,16,11,6,2,4,73,2,12,1,7,64,111,177,45,98,18,18,7,4159,647,531,84,117,6157,4,73,25,10,159,41,464,47,5,16,6,58,1123,132,17,14,83,36,35,7,165,156,38,8,1,1,40,0,234,3,563,6,299,7,0,12,765,1,135,62,117,29,1,105,17,8,2,113,4277,51,1390,14,90233.0
5/16/20,42,8,11,282,10,15,1,13,63,366,30,9,2,162,73,61212,11,8,4,239,23,5780,0,2,6,19,17,11,7,2,4,73,2,12,1,8,64,114,181,46,98,18,18,7,4263,657,543,86,121,6382,4,74,25,10,163,41,481,48,5,16,6,61,1156,158,18,15,86,37,35,8,169,155,38,8,1,1,40,2,236,3,570,6,304,7,0,13,783,1,136,62,122,29,1,106,17,8,2,118,4312,52,1436,14,92325.0
5/17/20,42,8,11,290,10,15,1,14,64,401,31,9,2,161,81,62218,11,8,4,251,23,5904,0,2,6,19,17,11,8,2,4,74,2,12,1,8,64,117,181,45,98,18,18,7,4396,669,563,87,120,6489,4,74,26,10,165,41,490,48,5,16,6,64,1179,170,17,14,87,38,36,9,170,159,39,9,1,1,40,2,236,3,577,6,307,7,0,13,805,1,150,63,122,30,1,108,17,9,2,122,4388,52,1490,14,94040.0
5/18/20,42,8,11,307,11,15,1,14,64,418,32,9,2,161,85,63690,11,9,4,262,26,6076,0,2,6,19,18,11,8,2,4,75,2,13,1,8,65,118,181,45,99,19,19,7,4584,673,579,89,121,6645,4,74,27,10,169,41,493,48,5,16,6,64,1209,186,17,14,89,39,36,8,172,160,39,9,1,1,40,1,237,3,590,6,309,7,0,13,815,2,156,63,122,31,1,109,17,9,2,123,4455,52,1537,16,96324.0
5/19/20,42,8,12,314,10,15,1,14,66,435,32,9,3,165,85,64691,11,9,4,268,26,6171,0,2,6,19,18,11,10,2,4,80,2,12,1,8,65,119,186,45,100,19,21,7,4682,693,592,89,121,6709,4,75,27,10,170,42,499,49,5,16,6,72,1224,189,17,14,90,39,35,8,173,162,40,9,1,1,40,1,238,3,594,6,311,7,0,15,832,2,160,64,122,30,1,110,18,9,2,125,4560,52,1564,16,97873.0
5/20/20,43,8,12,324,10,15,1,13,67,472,32,9,2,167,88,66213,11,10,4,276,26,6308,0,2,6,19,18,11,10,2,5,83,2,12,1,8,64,119,187,45,100,20,22,7,4813,703,610,90,130,6905,4,75,28,10,176,41,502,49,5,16,6,73,1255,191,17,13,90,39,34,8,174,167,40,8,1,1,40,1,246,3,600,6,319,8,0,15,858,2,161,65,124,31,1,110,18,9,2,128,4694,55,1615,17,100256.0
5/21/20,45,8,12,343,10,15,1,13,68,496,32,9,2,169,94,67551,11,10,4,287,26,6471,0,2,6,19,18,11,10,2,5,82,2,13,1,8,65,120,192,45,99,20,23,7,4981,709,627,90,129,7128,4,75,29,10,182,40,506,50,5,16,6,75,1282,195,17,14,90,38,34,8,178,168,40,9,1,1,40,1,246,3,604,6,324,8,0,15,888,2,167,65,124,35,1,110,18,9,2,130,4797,55,1681,17,102512.0
5/22/20,44,8,10,368,10,15,1,13,67,515,32,10,2,173,95,68949,11,10,4,299,27,6744,0,2,6,19,19,11,10,2,5,84,2,13,1,8,65,124,197,45,99,20,24,7,5327,753,673,93,130,7291,4,75,30,10,184,41,516,50,5,16,7,75,1323,195,17,14,91,38,34,8,185,176,40,9,1,1,40,1,251,3,617,6,325,9,0,15,907,3,173,66,136,39,1,112,18,9,2,131,4929,54,1780,17,105226.0
5/23/20,44,8,10,389,10,15,1,13,67,537,33,10,2,176,98,70417,11,10,4,309,27,6891,0,2,6,20,19,11,10,2,5,87,2,13,1,8,66,128,207,45,100,20,26,7,5484,783,689,94,134,7465,4,76,31,10,187,41,523,50,5,17,7,79,1360,202,17,14,91,38,34,9,185,176,40,10,1,1,40,1,256,3,627,6,328,10,0,16,939,3,176,67,138,39,1,114,18,9,2,133,5012,54,1838,17,107571.0
5/24/20,44,8,10,393,10,15,1,13,67,556,33,10,2,176,115,72010,11,10,4,319,28,7060,0,2,6,20,20,12,11,2,5,89,2,13,1,8,66,130,219,45,101,20,26,7,5645,791,709,94,139,7615,4,77,31,10,187,41,533,50,5,17,7,80,1399,204,17,14,91,39,34,9,190,177,41,11,1,1,40,1,258,3,631,6,329,10,0,16,966,3,187,67,139,39,1,114,18,9,2,134,5117,55,1925,17,110050.0
5/25/20,44,8,10,397,10,15,1,13,67,564,33,10,2,177,116,73097,11,10,4,325,27,7207,0,2,6,20,20,12,11,2,5,89,2,13,1,8,67,130,228,45,101,20,27,7,5761,799,714,94,140,7723,4,77,31,10,188,41,539,50,5,17,7,83,1427,211,17,15,92,39,34,10,192,179,41,11,1,1,40,1,259,3,636,7,331,10,0,16,991,3,190,67,141,39,2,114,18,9,2,134,5188,55,1953,17,111743.0
5/26/20,44,8,10,407,10,15,1,13,67,569,33,10,2,178,115,73819,11,10,4,331,28,7290,0,2,6,20,20,12,11,2,5,89,2,15,1,8,67,131,228,45,101,20,27,7,5866,802,727,95,140,7767,4,76,31,10,188,42,540,50,5,17,7,83,1452,212,17,15,92,39,34,10,192,185,41,12,1,1,40,1,259,3,639,7,332,10,0,16,1017,3,195,68,141,39,2,114,18,9,2,133,5238,54,1993,18,112898.0
5/27/20,44,8,10,410,10,15,1,14,68,580,33,10,2,178,119,74521,11,10,4,334,26,7350,0,2,6,20,20,12,11,2,5,88,2,15,1,8,67,131,242,45,101,20,31,7,5947,808,736,94,140,7845,4,76,31,10,189,43,544,50,5,17,7,83,1475,215,17,16,93,39,34,10,193,188,41,12,1,1,41,1,264,3,638,7,337,12,0,16,1035,3,194,69,143,37,2,113,18,9,2,134,5279,57,2001,18,113991.0
5/28/20,44,8,12,424,10,15,1,14,69,595,33,11,2,180,123,75306,11,10,4,370,26,7460,0,2,6,20,20,12,11,2,5,95,2,16,1,8,67,131,256,45,101,20,32,7,6083,836,751,96,141,7933,4,79,32,10,192,44,545,50,5,18,7,84,1488,216,19,16,93,39,34,10,200,191,41,12,1,1,41,1,267,3,639,7,343,12,0,16,1050,3,199,70,151,38,2,113,18,9,2,134,5356,60,2091,18,115501.0
5/29/20,44,8,12,428,10,15,1,14,71,617,33,11,2,181,125,76266,11,10,4,392,26,7543,1,2,7,20,20,12,11,2,5,95,2,16,1,8,68,131,268,45,101,20,32,7,6188,871,769,97,147,8063,4,79,32,10,195,45,565,50,5,18,7,87,1514,217,21,17,94,39,35,11,202,212,42,12,1,1,51,1,267,3,646,7,346,12,0,16,1091,3,199,71,151,39,2,113,18,9,2,135,5442,64,2156,19,117211.0
5/30/20,44,8,12,441,10,15,1,16,73,627,35,11,2,186,126,77119,11,10,4,399,27,7620,1,2,7,20,20,12,11,2,5,98,2,17,1,8,69,131,282,45,101,20,32,8,6259,900,778,98,150,8238,4,81,34,10,194,45,572,50,5,18,7,87,1539,218,20,17,95,39,36,11,203,221,42,11,1,1,56,1,269,3,651,7,348,13,0,16,1121,3,201,72,155,39,2,115,18,9,2,139,5510,66,2209,19,118719.0
5/31/20,44,8,12,452,10,15,1,15,73,640,35,11,2,186,127,77925,11,10,4,416,28,7707,1,2,7,21,20,12,11,2,5,98,2,17,1,8,69,132,286,45,101,24,32,8,6338,910,798,100,153,8331,4,81,34,10,193,45,580,50,5,18,7,88,1566,220,20,17,95,39,36,11,206,233,41,11,1,1,56,1,270,3,658,7,351,13,0,16,1137,3,206,73,154,40,2,117,18,9,2,140,5566,67,2251,19,120057.0
6/1/20,44,8,12,463,10,15,1,15,73,645,35,11,2,186,127,78495,11,10,4,418,28,7765,1,2,7,21,20,12,11,2,5,99,2,17,1,8,69,132,289,45,101,24,32,9,6404,915,804,101,153,8408,4,81,34,11,194,45,594,50,5,18,7,89,1585,220,20,17,96,39,36,11,211,238,41,11,1,1,56,1,269,3,661,7,350,13,0,16,1152,3,209,73,155,40,5,117,18,9,2,142,5613,67,2290,21,121023.0
6/2/20,44,8,12,476,10,15,1,15,74,652,35,11,2,188,127,79673,12,10,4,422,28,7818,1,2,7,21,20,12,12,2,5,101,2,17,1,8,69,132,289,46,101,24,32,9,6467,930,819,101,154,8450,4,82,34,11,194,46,595,50,5,18,7,91,1606,221,20,17,96,40,38,11,214,262,41,11,1,1,55,1,270,3,683,7,350,13,0,16,1172,3,211,74,157,40,5,117,18,9,2,142,5649,68,2313,21,122586.0
6/3/20,44,12,12,481,10,17,1,15,74,661,35,11,2,188,128,80204,12,10,4,435,28,7891,1,2,7,21,20,12,12,2,6,104,2,17,1,8,70,133,293,46,101,24,32,10,6518,959,825,101,157,8511,4,82,36,11,195,46,600,51,5,18,7,94,1628,224,20,17,97,40,39,12,214,273,42,11,1,1,56,1,271,3,691,7,353,13,0,16,1210,3,210,78,168,40,5,118,19,9,2,144,5704,71,2354,21,123605.0
6/4/20,44,12,12,488,10,17,1,15,74,671,35,11,2,189,129,80713,11,10,4,443,28,7939,1,2,7,21,20,12,12,2,6,107,2,17,1,8,70,133,296,46,101,24,32,11,6581,975,833,102,159,8584,4,82,36,11,199,46,612,51,5,18,7,93,1660,224,20,18,98,41,42,12,223,286,42,11,1,1,57,1,273,4,694,7,359,13,0,16,1227,3,209,78,171,41,6,120,19,9,2,147,5742,74,2397,21,124556.0
6/5/20,44,14,12,498,10,21,1,17,76,677,35,11,2,190,138,81344,11,10,4,450,28,7997,1,2,8,21,21,12,12,2,6,111,2,17,1,8,70,135,300,46,101,24,32,11,6672,989,839,102,160,8647,4,82,36,11,200,46,624,52,5,18,7,91,1677,226,22,18,100,41,42,12,225,301,42,11,1,1,58,1,273,4,703,7,360,13,0,16,1262,3,211,81,171,42,6,122,19,9,2,149,5799,75,2465,21,125709.0
6/6/20,46,15,12,500,10,21,1,17,73,679,35,11,2,193,138,81924,11,10,4,451,28,8046,1,2,8,21,21,12,12,2,6,113,2,17,1,8,70,135,300,46,101,24,33,12,6734,999,845,103,160,8690,4,88,36,10,202,46,634,55,5,18,7,92,1707,226,22,18,100,41,46,12,223,309,42,11,1,1,58,1,274,4,711,7,362,13,0,16,1296,3,214,81,170,42,12,125,20,9,2,155,5858,76,2507,21,126698.0
6/7/20,46,16,12,504,10,21,1,17,73,685,35,11,2,193,139,82427,11,10,4,457,28,8111,1,2,8,21,21,12,12,2,6,114,2,17,1,8,70,135,301,46,101,26,33,12,6787,1001,846,104,164,8768,4,89,36,10,202,46,639,55,5,18,7,92,1724,226,22,18,101,41,47,12,221,314,42,12,1,1,61,1,274,4,715,7,363,13,0,16,1314,3,216,81,170,42,12,126,20,9,2,157,5890,76,2545,21,127557.0
6/8/20,45,15,12,506,10,21,1,18,74,691,35,12,2,193,139,82819,11,10,4,456,29,8157,1,2,8,21,21,12,12,2,6,124,2,18,1,8,71,136,301,46,101,25,34,12,6850,1004,850,105,166,8808,4,89,36,10,203,46,642,55,5,18,7,92,1733,228,22,18,104,41,47,13,223,324,42,12,1,1,61,1,276,4,717,7,364,13,0,16,1319,3,219,81,170,42,12,127,20,9,2,156,5917,77,2576,22,128234.0
6/9/20,45,15,12,507,10,21,1,19,74,695,35,12,2,196,140,83271,11,10,4,457,29,8215,1,2,8,21,21,12,12,2,7,124,2,18,1,8,71,137,304,46,101,26,33,13,6897,1019,853,105,168,8861,4,89,36,10,203,46,647,55,5,18,7,92,1752,230,22,18,105,41,55,13,224,328,42,11,1,1,60,1,276,4,717,7,366,13,0,16,1340,3,220,82,170,43,12,127,19,9,2,156,5961,81,2602,22,129018.0
6/10/20,45,16,12,511,10,22,1,19,74,700,35,12,2,197,142,83585,11,10,4,460,30,8255,1,2,8,22,22,12,12,2,7,125,2,18,1,8,71,136,307,46,101,27,33,13,6948,1047,863,106,172,8886,4,89,36,10,204,46,660,55,5,18,7,93,1776,231,22,18,105,41,56,14,224,342,43,11,1,1,59,1,276,4,719,7,367,13,0,16,1354,3,222,82,172,44,12,127,19,9,2,157,6011,81,2627,22,129669.0
6/11/20,45,16,12,515,10,22,1,18,75,704,35,12,2,198,142,83978,11,10,4,466,30,8311,1,2,8,22,22,12,12,2,7,126,2,18,1,8,72,136,307,46,101,28,34,14,6992,1051,867,107,175,8934,4,88,36,10,206,46,681,55,5,18,7,97,1788,235,22,18,105,41,100,13,224,354,43,11,1,1,59,1,276,4,728,7,375,13,0,16,1368,3,223,82,172,44,12,127,19,9,2,158,6051,81,2652,22,130437.0
6/12/20,45,16,12,518,10,22,1,18,77,724,35,12,2,203,142,84249,13,10,4,471,33,8355,1,2,8,22,21,12,12,2,7,128,2,18,1,8,72,136,311,46,103,28,34,14,7030,1059,869,111,177,8980,4,88,36,10,206,46,683,55,5,18,7,102,1810,238,22,18,106,41,105,13,224,367,43,11,2,1,59,1,276,4,737,7,377,13,0,16,1392,3,226,85,172,44,12,127,19,9,2,161,6086,80,2667,22,131044.0
6/13/20,45,17,12,520,10,23,1,19,75,724,35,12,2,207,142,84581,17,10,4,472,35,8389,1,2,8,22,22,12,12,2,7,129,2,18,1,8,72,137,313,46,103,28,34,19,7055,1071,873,111,177,9033,4,88,37,10,207,46,707,55,5,18,7,104,1829,241,22,18,109,41,105,13,227,384,43,11,2,1,59,1,278,4,752,7,376,13,0,16,1422,3,228,89,172,44,12,127,19,9,3,162,6106,82,2696,23,131707.0
6/14/20,45,17,12,524,10,23,1,19,76,737,37,13,2,209,142,84906,17,10,4,484,38,8434,1,2,8,22,22,12,12,2,7,129,2,18,1,8,72,137,315,46,104,28,34,19,7096,1073,882,113,178,9076,4,89,39,11,209,45,720,55,5,18,7,104,1849,241,22,19,109,41,106,15,227,389,44,11,2,1,59,1,278,4,753,7,378,13,0,16,1446,3,231,91,174,44,12,127,19,9,3,163,6140,83,2736,24,132375.0
6/15/20,46,17,12,525,10,23,1,20,76,736,39,13,2,213,143,85184,17,10,4,490,38,8465,2,2,8,22,22,12,12,2,7,129,2,18,1,8,72,138,317,46,104,28,34,19,7128,1071,881,113,181,9109,4,89,37,11,209,45,733,55,5,18,7,103,1856,241,23,19,112,42,106,15,227,395,44,11,2,1,59,1,278,4,757,7,382,13,0,16,1465,3,231,92,174,44,13,127,19,9,3,163,6158,86,2744,27,132857.0
6/16/20,45,17,12,537,10,24,1,20,76,740,39,13,2,214,143,85538,17,10,4,490,38,8495,2,2,9,22,22,12,12,2,8,129,2,18,1,8,72,139,320,46,104,29,35,19,7167,1096,891,113,183,9133,4,89,35,11,212,45,740,55,5,18,7,103,1864,243,23,19,111,42,108,15,229,397,44,11,2,1,61,1,279,4,757,7,382,13,0,16,1492,3,231,95,174,46,14,127,19,9,3,163,6191,87,2763,28,133479.0
6/17/20,45,17,12,542,10,24,1,20,78,754,39,13,2,216,145,85858,17,10,4,499,39,8546,2,2,9,23,22,12,11,2,8,133,2,18,1,8,71,142,321,46,104,29,35,20,7202,1109,897,113,183,9154,4,90,35,11,213,45,750,55,5,18,7,100,1872,246,23,19,109,41,110,16,230,405,44,14,2,1,62,1,279,4,760,7,382,13,0,16,1520,3,233,97,174,47,14,127,19,9,3,163,6222,89,2776,28,134083.0
6/18/20,46,18,12,546,10,24,1,18,79,761,42,13,3,220,146,86179,17,10,4,505,40,8574,3,2,12,23,22,12,12,2,8,139,2,18,1,8,72,142,321,46,104,29,35,20,7233,1121,899,115,189,9207,5,90,35,11,214,46,771,55,5,18,7,100,1884,246,23,19,110,41,118,15,230,411,44,17,2,1,65,1,279,4,766,8,383,13,0,16,1538,3,236,103,174,47,14,127,19,10,3,163,6256,91,2796,30,134728.0
6/19/20,47,18,12,551,10,24,1,18,100,765,42,13,2,220,146,86551,17,10,4,513,42,8609,6,2,12,23,22,12,12,2,8,140,2,18,1,8,73,143,321,46,104,29,35,20,7274,1130,903,115,188,9242,5,94,36,12,216,47,785,57,6,19,7,101,1891,246,23,19,111,42,119,15,231,419,44,16,2,1,65,1,278,4,769,8,387,13,0,16,1561,3,242,108,183,47,15,127,19,11,3,171,6284,91,2810,31,135417.0
6/20/20,48,20,12,554,10,24,1,18,99,770,42,13,2,223,146,86885,17,10,4,517,42,8646,6,2,12,23,22,12,12,2,8,141,2,18,1,8,74,143,322,46,104,29,38,20,7331,1143,905,117,188,9279,5,94,37,13,218,47,800,57,6,19,7,101,1898,247,23,19,112,41,119,15,234,423,44,16,2,1,66,1,278,4,772,8,387,13,0,16,1584,3,249,110,182,49,19,128,19,11,3,171,6317,92,2826,32,136049.0
6/21/20,55,20,12,555,10,24,1,19,100,775,42,13,2,224,151,87177,18,10,4,523,42,8682,6,2,12,23,22,12,12,2,8,142,2,18,1,8,74,143,323,46,104,31,38,20,7399,1145,912,117,190,9326,5,96,37,13,218,47,813,60,6,19,7,101,1911,251,23,20,113,41,119,15,234,428,44,17,2,1,66,1,278,4,785,8,387,13,0,16,1604,3,249,111,182,49,22,129,19,11,3,172,6367,93,2861,32,136703.0
6/22/20,57,20,12,556,10,24,1,19,100,781,42,14,2,224,151,87424,18,10,4,524,42,8715,7,2,12,23,25,12,12,2,8,142,2,18,1,8,75,143,324,46,104,33,38,20,7430,1149,918,117,190,9356,5,96,37,13,219,47,815,60,6,19,7,101,1921,254,23,20,116,41,119,15,236,434,44,18,2,1,66,1,278,4,789,8,388,13,0,16,1610,3,248,112,182,50,22,129,19,11,3,173,6398,93,2883,32,137167.0
6/23/20,63,20,12,562,10,24,1,19,100,787,42,14,2,225,151,87784,18,10,4,525,42,8736,7,2,11,23,26,12,13,2,9,143,2,18,1,8,76,143,325,46,104,32,38,20,7457,1158,924,117,191,9404,5,96,38,13,220,47,826,62,6,19,7,101,1922,253,23,20,116,41,121,15,237,442,44,18,2,1,67,1,278,4,797,8,392,13,0,16,1624,3,255,113,182,50,22,129,19,11,3,176,6433,95,2893,32,137774.0
6/24/20,67,21,12,560,10,24,1,21,117,801,42,14,2,224,154,88138,18,10,4,527,43,8780,7,2,12,23,26,12,15,2,9,144,2,18,1,8,77,144,325,46,107,33,39,20,7496,1168,928,119,195,9447,6,96,40,13,223,48,841,63,6,21,8,101,1937,253,23,20,117,41,123,15,238,447,46,17,2,1,67,1,278,4,809,8,397,13,0,16,1671,3,257,113,182,50,22,130,19,11,3,178,6459,99,2911,32,138494.0
6/25/20,71,21,12,567,10,24,1,21,119,814,42,14,2,226,155,88650,18,10,4,534,45,8825,8,2,11,23,26,13,15,2,9,145,2,18,1,8,78,149,328,46,105,34,39,20,7529,1173,940,121,199,9514,6,96,40,13,226,50,872,65,7,21,8,101,1949,254,23,20,118,41,123,16,240,459,46,19,2,1,67,1,278,4,816,8,399,13,0,16,1694,3,261,114,181,52,22,131,19,12,4,178,6493,102,2935,33,139395.0
6/26/20,76,21,12,568,10,24,1,21,121,826,42,14,2,229,155,89068,18,10,4,535,45,8879,8,2,11,23,27,13,15,2,9,151,3,18,1,8,78,155,329,46,105,35,40,20,7582,1240,941,123,201,9553,6,96,42,13,227,49,883,65,7,22,9,100,1975,255,23,20,120,41,124,17,243,463,47,19,2,1,72,1,278,4,829,8,401,13,0,16,1722,3,265,115,183,54,22,133,19,12,4,180,6542,104,2959,33,140261.0
6/27/20,77,22,13,572,10,24,1,21,127,837,43,14,2,231,158,89407,18,11,4,537,47,8919,9,2,11,23,30,13,15,2,9,160,4,18,1,8,79,156,329,46,106,35,40,20,7604,1266,946,124,205,9608,7,97,42,13,227,51,903,65,8,22,10,100,1991,256,24,20,123,41,126,17,247,468,49,19,2,1,74,1,279,4,882,9,408,13,0,16,1759,3,268,117,183,58,22,133,19,12,4,183,6577,106,2992,33,141048.0
6/28/20,83,22,13,577,10,25,1,21,127,847,43,15,2,233,161,89755,18,11,4,541,48,8951,9,2,11,23,30,13,15,2,9,160,4,18,1,8,83,156,329,46,106,35,42,20,7626,1268,950,124,205,9644,7,97,43,13,227,51,917,65,8,22,11,100,1999,257,24,19,123,41,126,17,252,475,49,19,2,1,74,1,279,4,899,9,411,13,0,18,1801,3,268,120,184,65,22,135,19,12,4,183,6608,113,3004,33,141694.0
6/29/20,88,22,13,579,10,25,1,21,129,854,43,15,2,236,161,90122,18,11,4,542,50,8993,10,2,11,23,31,14,15,2,9,160,4,18,1,8,86,157,329,46,107,35,42,20,7674,1269,955,125,208,9695,7,97,43,13,228,51,931,65,8,22,11,100,2010,257,24,19,126,42,127,17,256,487,50,19,2,1,74,1,281,4,912,9,419,13,0,18,1863,3,268,122,184,66,22,135,19,13,4,183,6635,114,3014,33,142417.0
6/30/20,87,22,13,586,10,29,1,21,129,860,43,14,2,236,164,90536,18,11,6,550,52,9032,10,2,12,23,31,14,15,2,9,162,5,18,1,8,84,157,332,46,107,35,42,20,7703,1272,956,130,216,9719,7,97,43,14,232,51,932,65,8,22,11,100,2032,260,25,20,127,44,128,17,261,487,51,19,2,1,74,1,285,4,925,9,426,13,0,18,1874,3,270,127,188,65,22,136,19,14,4,186,6686,115,3030,33,143136.0
7/1/20,93,22,13,595,10,29,1,21,130,880,43,14,2,237,170,90911,18,12,6,558,52,9083,10,2,12,23,33,22,15,2,9,167,5,19,1,8,88,157,332,46,107,35,44,20,7733,1285,963,132,219,9752,7,97,45,15,231,52,947,66,8,22,13,101,2061,261,25,20,127,44,128,18,261,499,54,20,2,1,76,1,287,4,947,9,431,13,0,18,1906,3,274,137,191,66,22,138,20,14,5,191,6744,120,3046,33,143962.0
7/2/20,100,22,13,594,10,29,1,21,133,905,44,14,2,239,170,91381,18,12,6,563,53,9145,10,2,12,23,34,27,15,2,9,167,5,19,1,8,90,159,333,46,106,35,45,21,7764,1299,971,134,220,9811,7,98,47,15,232,53,966,66,9,22,14,101,2074,265,24,20,128,46,129,18,264,507,54,20,3,1,76,1,287,4,966,9,436,13,0,18,1927,3,275,141,193,69,22,139,20,14,5,190,6793,121,3054,34,144836.0
7/3/20,106,22,13,602,10,29,1,22,134,930,45,15,2,240,173,91774,18,12,9,567,54,9192,10,2,13,23,37,27,15,2,9,169,5,19,1,8,93,160,335,47,106,35,46,20,7796,1302,981,136,224,9864,7,98,50,16,232,54,991,68,9,22,15,102,2088,267,24,21,129,46,130,19,268,546,56,21,3,1,76,1,287,4,996,9,440,13,1,19,1965,4,275,146,193,77,22,143,21,14,6,192,6839,122,3067,34,145704.0
7/4/20,113,22,16,608,10,30,1,22,136,939,45,15,2,241,172,92240,18,16,11,572,54,9267,10,2,17,23,37,28,15,2,9,171,5,19,1,8,95,161,336,47,106,35,45,20,7819,1304,989,137,225,9919,7,101,52,17,234,55,1007,69,10,22,15,102,2103,273,24,23,129,48,130,19,269,551,56,20,3,1,76,1,288,4,1018,9,446,13,1,19,1988,4,276,149,194,77,22,143,21,14,6,193,6883,126,3084,35,146565.0
7/5/20,122,22,16,608,10,30,1,21,136,948,45,15,2,242,172,92532,18,16,12,578,54,9311,10,2,18,23,38,29,16,2,9,173,6,19,1,8,96,162,339,47,107,35,46,20,7856,1307,996,140,226,9954,7,101,52,18,235,58,1036,69,10,22,15,102,2115,277,24,23,130,48,130,19,271,556,57,20,3,1,79,1,288,4,1033,9,450,13,1,19,2017,4,276,150,195,78,23,143,21,14,8,195,6923,132,3091,35,147197.0
7/6/20,131,22,16,610,10,30,1,21,136,960,47,15,2,242,178,92781,18,17,12,582,54,9364,10,2,19,23,40,31,15,3,9,177,6,19,1,8,98,164,340,47,107,35,47,20,7877,1311,1000,147,228,10007,7,103,52,18,236,58,1042,70,11,23,15,102,2120,285,25,25,137,49,130,19,275,567,58,20,3,1,79,1,288,4,1061,9,455,13,1,19,2037,4,278,152,196,79,23,145,21,14,8,196,6957,133,3109,36,147809.0
7/7/20,134,22,17,617,10,31,1,21,136,973,47,15,2,243,179,93053,18,17,12,587,54,9392,11,2,19,23,40,34,15,4,8,176,6,19,1,8,98,167,340,47,107,36,47,20,7909,1312,1006,149,233,10039,8,104,53,18,238,60,1054,70,12,23,15,102,2141,289,26,25,137,56,132,19,278,574,58,20,4,1,80,1,288,7,1073,10,462,13,1,19,2054,6,280,154,195,79,23,147,24,15,8,200,6996,133,3118,37,148397.0
7/8/20,139,22,17,623,10,31,1,21,136,992,47,18,2,244,184,93496,18,24,16,595,54,9454,16,2,19,24,41,36,16,4,8,185,6,19,1,8,103,168,343,47,111,37,49,21,7949,1335,1011,149,237,10104,8,104,53,18,241,61,1077,73,12,23,15,104,2179,292,26,25,141,59,132,19,279,583,59,20,5,1,79,1,291,7,1094,10,473,13,1,19,2089,6,280,158,195,82,23,147,25,15,9,199,7061,134,3131,39,149383.0
7/9/20,142,22,19,629,10,31,1,21,136,1010,48,21,2,244,188,94005,18,24,16,602,55,9502,16,2,20,23,42,40,16,4,8,187,7,19,1,8,103,170,345,47,113,38,49,23,7971,1344,1024,152,239,10175,8,104,54,18,242,62,1095,77,12,23,15,103,2208,301,28,28,147,64,132,19,283,609,60,21,5,1,79,1,292,8,1107,11,493,13,1,20,2128,6,282,164,196,85,23,147,25,15,8,203,7120,139,3143,41,150401.0
7/10/20,151,22,19,630,10,35,1,21,137,1018,49,36,2,245,190,94605,19,30,16,619,55,9571,17,3,27,23,42,40,16,5,8,188,7,20,2,8,106,172,347,47,115,40,52,24,8028,1401,1032,157,246,10253,9,105,54,18,243,66,1133,77,12,24,15,104,2229,308,31,28,150,69,132,20,286,628,61,21,6,1,81,1,299,8,1142,16,509,13,1,20,2202,7,282,167,202,86,23,147,25,16,9,208,7171,145,3161,44,151722.0
7/11/20,167,24,20,635,10,37,1,20,138,1038,50,40,5,247,190,95138,20,29,18,637,61,9641,19,5,30,24,42,45,16,6,8,193,7,20,2,8,111,175,351,47,114,40,54,27,8078,1414,1048,168,254,10318,12,105,54,20,250,67,1167,77,12,24,16,106,2248,315,31,29,155,73,134,24,296,644,61,21,6,1,84,1,310,9,1169,16,519,13,1,20,2265,6,283,172,205,89,23,149,25,18,10,209,7223,155,3156,46,152914.0
7/12/20,169,25,22,637,10,37,1,21,140,1040,51,41,5,246,191,95557,20,29,18,642,61,9719,19,5,31,24,42,46,16,6,9,194,7,21,1,8,116,175,356,47,114,43,55,26,8107,1431,1063,170,259,10378,12,107,55,21,253,69,1198,77,12,24,16,108,2266,322,32,29,159,74,134,24,314,666,61,21,7,1,84,1,315,9,1194,17,531,13,1,20,2304,6,285,175,212,89,23,149,25,19,10,212,7278,161,3169,48,153863.0
7/13/20,189,25,22,639,10,38,2,21,140,1041,53,40,8,246,199,95884,20,30,18,650,61,9794,20,5,32,25,42,46,16,7,11,196,7,21,1,8,120,176,357,47,115,44,56,28,8137,1439,1071,171,270,10422,12,107,55,20,253,70,1258,79,12,25,16,107,2285,326,33,29,165,80,134,24,316,687,61,21,8,1,85,1,319,9,1217,17,547,13,1,21,2347,6,286,178,212,89,23,150,25,19,10,218,7340,162,3191,54,154744.0
7/14/20,204,25,22,640,10,43,2,21,140,1057,52,41,8,252,202,96186,20,30,18,657,61,9810,23,5,34,26,42,50,17,7,11,196,7,21,1,8,122,176,359,47,117,45,55,28,8151,1443,1068,175,280,10464,13,109,55,24,254,72,1285,79,13,28,16,108,2309,334,32,29,170,89,134,25,319,710,61,21,8,1,85,1,327,9,1232,17,553,14,1,21,2386,6,287,191,214,90,23,150,25,21,10,220,7382,164,3202,53,155461.0
7/15/20,208,26,21,641,10,44,2,21,140,1089,53,45,8,256,209,96662,20,31,18,665,62,9867,20,5,35,28,42,54,18,8,12,202,7,21,2,8,125,179,366,47,123,48,57,29,8218,1454,1086,176,286,10561,13,110,58,27,259,75,1310,81,13,29,17,110,2347,340,33,29,171,90,135,28,325,736,63,21,8,2,86,1,337,10,1252,20,587,14,1,23,2436,6,287,196,215,96,23,150,28,19,17,224,7436,173,3215,55,156652.0
7/16/20,223,27,23,645,10,47,2,21,141,1121,53,45,8,260,212,97214,21,31,18,684,66,9917,20,5,35,30,32,62,18,9,12,207,8,21,3,8,128,181,373,48,124,50,58,36,8262,1472,1095,179,298,10653,16,111,57,30,262,76,1368,81,13,31,20,111,2384,349,32,30,182,97,137,28,329,756,63,21,9,3,87,1,343,10,1269,28,603,14,1,24,2488,6,287,204,217,100,23,150,29,20,22,225,7476,181,3251,56,157927.0
7/17/20,232,29,24,646,10,48,2,22,145,1165,54,48,8,264,222,97790,21,31,19,690,71,10013,21,5,38,32,32,67,18,9,13,207,8,22,5,8,133,180,381,48,125,51,58,37,8291,1495,1104,181,306,10707,18,112,58,33,265,83,1413,87,14,32,20,112,2410,368,34,30,186,103,138,28,334,794,63,24,9,2,88,1,344,10,1299,33,622,14,1,27,2564,6,287,212,222,104,23,150,29,20,24,226,7542,186,3303,59,159302.0
7/18/20,244,30,24,647,10,50,2,24,146,1203,55,49,8,267,231,98292,23,36,20,691,74,10107,21,5,40,34,32,68,18,12,13,210,8,22,5,8,140,180,389,48,127,51,63,36,8345,1499,1116,187,313,10767,21,113,58,41,270,86,1457,88,15,34,20,112,2446,382,34,33,190,104,142,30,336,813,67,25,9,2,88,2,359,10,1321,40,642,14,1,27,2650,7,288,216,229,116,23,152,30,22,24,228,7592,196,3318,63,160576.0
7/19/20,252,32,26,649,11,53,2,23,152,1209,55,49,8,268,235,98670,24,36,20,699,76,10196,21,5,42,35,32,71,18,15,13,214,9,22,5,8,143,181,400,49,130,52,64,38,8361,1504,1125,190,328,10818,23,117,60,43,275,86,1478,89,15,36,19,115,2463,386,34,34,192,106,145,29,338,824,67,26,9,2,87,2,363,10,1344,45,656,14,1,29,2722,7,289,221,231,121,23,152,31,25,28,233,7652,201,3342,64,161542.0
7/20/20,285,32,25,656,11,53,2,23,156,1249,55,50,8,271,249,99052,26,36,21,710,80,10317,23,5,42,38,33,78,20,21,13,213,11,22,6,8,146,181,420,49,136,54,66,42,8406,1516,1126,193,343,10896,27,117,60,51,282,89,1534,93,15,36,22,118,2480,404,35,34,198,106,145,30,339,838,68,30,9,2,88,2,370,10,1344,56,671,14,1,29,2767,6,289,226,237,130,23,153,35,27,31,234,7687,213,3362,65,162706.0
7/21/20,289,32,28,659,11,57,4,24,157,1263,56,50,9,273,255,99464,26,37,24,717,84,10414,18,6,46,39,33,79,21,21,13,215,11,22,7,8,146,181,420,49,137,54,70,42,8433,1517,1132,196,350,10963,28,119,61,55,282,95,1540,96,15,36,22,118,2510,408,35,38,199,107,145,33,344,852,70,31,9,2,88,3,369,9,1355,59,692,14,2,29,2794,6,290,235,241,137,24,154,35,27,32,241,7762,211,3365,64,163650.0
7/22/20,286,32,29,663,11,62,3,24,160,1293,60,50,9,278,261,100124,26,36,24,728,89,10531,18,6,48,39,33,79,20,23,13,226,11,22,9,8,146,201,434,49,138,56,80,42,8481,1534,1151,199,362,11079,30,120,63,57,288,100,1604,97,15,36,24,119,2559,418,36,39,205,112,146,33,345,878,73,30,9,2,88,3,374,9,1375,60,717,14,4,31,2883,7,292,243,255,141,25,158,35,27,33,246,7845,218,3386,66,165259.0
7/23/20,302,33,30,669,12,65,4,27,161,1318,65,51,9,288,273,100795,28,37,24,749,92,10627,20,6,51,40,35,84,20,26,14,231,11,22,9,8,153,202,450,49,142,57,84,47,8544,1563,1160,199,379,11159,32,120,65,59,297,101,1651,107,15,36,26,119,2593,432,37,42,210,115,148,37,346,915,80,30,9,3,88,4,384,9,1401,64,747,14,6,32,2951,6,296,251,256,146,25,160,40,27,34,264,7925,222,3418,66,166885.0
7/24/20,316,34,33,677,12,69,5,29,163,1350,75,52,9,292,286,101411,28,40,24,756,92,10701,24,6,59,41,36,90,21,31,14,233,11,25,9,8,155,205,463,49,151,58,88,48,8613,1567,1176,211,388,11260,32,121,66,64,311,101,1694,110,16,36,26,119,2621,442,37,42,213,118,151,43,351,947,83,31,9,3,88,6,392,10,1431,73,757,14,5,34,3031,6,299,260,262,164,25,162,41,27,38,266,7977,240,3457,66,168412.0
7/25/20,324,35,36,684,12,71,5,29,167,1366,76,53,9,294,290,101955,29,39,24,771,92,10771,24,6,59,41,36,91,23,32,14,240,11,26,9,9,160,205,487,48,153,59,92,49,8665,1579,1191,216,409,11366,34,125,69,65,325,106,1762,113,16,37,28,121,2669,456,39,46,220,125,153,44,352,984,87,31,10,6,89,7,399,11,1437,77,775,14,6,36,3106,6,304,271,266,170,25,164,43,28,41,272,8024,248,3486,69,169829.0
7/26/20,336,35,38,696,12,78,6,33,170,1388,78,57,9,298,297,102583,30,39,25,779,94,10875,24,6,59,43,37,101,24,36,16,244,13,27,14,9,162,210,530,48,155,59,96,50,8714,1598,1209,219,414,11448,35,126,71,65,354,109,1840,114,17,40,30,121,2694,461,40,46,224,126,156,46,355,1018,92,31,11,6,89,7,403,12,1445,81,793,14,6,38,3152,6,306,274,269,174,25,170,43,29,48,278,8101,265,3516,71,171364.0
7/27/20,352,35,40,695,12,80,6,35,173,1419,80,59,10,306,315,103008,30,39,25,784,96,10953,24,6,68,43,37,106,24,37,17,249,13,27,16,9,173,219,544,49,162,59,99,50,8782,1606,1219,223,419,11523,37,129,74,65,377,112,1915,116,17,40,31,121,2705,471,40,48,227,128,160,47,357,1036,92,35,11,7,89,8,409,12,1454,83,823,14,6,40,3202,6,307,280,273,180,25,170,50,32,48,284,8148,270,3539,73,172578.0
7/28/20,355,35,41,708,12,84,6,36,174,1425,80,63,10,311,327,103441,30,39,26,788,101,11005,25,7,67,44,38,105,24,39,17,254,13,27,16,9,178,235,556,50,163,59,103,49,8820,1624,1225,223,428,11608,38,129,76,67,386,117,1942,116,17,40,31,121,2743,487,40,49,230,128,161,50,361,1066,92,34,11,7,90,7,411,11,1467,83,850,14,6,41,3264,6,311,290,273,181,26,172,50,32,49,289,8191,270,3570,75,173671.0
7/29/20,351,35,42,710,13,91,6,39,183,1442,89,63,10,319,361,104001,30,39,26,794,103,11084,26,10,73,51,38,107,24,41,17,259,14,27,16,9,179,240,572,50,169,59,106,51,8884,1634,1232,227,442,11649,39,131,79,70,406,122,1975,122,17,41,32,121,2783,504,40,52,239,132,167,51,363,1106,94,34,11,7,90,7,415,12,1478,86,875,15,6,46,3340,7,311,304,275,188,26,175,52,34,50,297,8260,280,3582,78,175064.0
7/30/20,363,35,45,712,13,108,6,43,189,1453,97,65,12,321,366,104687,29,43,26,801,103,11177,25,12,81,52,38,110,25,42,17,260,17,28,16,9,186,240,591,50,171,61,108,51,8964,1643,1247,235,463,11752,41,136,83,74,424,123,2047,125,18,42,33,123,2824,520,43,54,248,133,176,52,365,1189,99,34,12,7,90,7,416,12,1524,94,906,15,7,52,3419,8,312,321,276,188,26,175,53,35,55,302,8352,289,3610,84,176841.0
7/31/20,393,35,48,722,13,123,6,43,192,1486,101,66,12,330,367,105493,29,46,27,808,103,11267,25,12,83,53,38,116,24,42,17,269,19,28,16,9,194,240,616,50,176,62,110,53,9069,1659,1262,241,480,11855,40,136,85,79,434,127,2099,130,18,42,33,123,2866,536,44,65,261,138,184,52,368,1252,101,37,13,7,90,7,417,12,1549,102,953,15,9,53,3507,7,313,335,276,189,29,179,56,40,56,304,8443,301,3641,87,178768.0
8/1/20,410,36,49,727,13,132,7,44,198,1513,111,66,13,333,385,106131,29,46,27,827,102,11380,25,13,95,54,39,118,25,43,19,274,20,30,16,9,195,245,631,51,184,65,112,55,9138,1672,1277,251,497,11952,40,146,92,85,450,131,2137,132,21,42,34,125,2909,552,45,68,270,141,189,52,371,1280,101,40,13,7,90,7,422,12,1564,105,986,15,10,56,3569,7,313,361,296,200,30,180,56,43,57,307,8502,315,3663,91,180414.0
8/2/20,424,36,54,728,13,141,7,45,202,1544,113,66,14,338,399,106713,29,46,29,846,102,11470,26,13,113,55,41,129,26,45,19,281,22,32,17,9,205,255,644,54,187,69,112,57,9200,1684,1284,259,515,11982,42,146,92,85,473,135,2186,136,21,42,34,128,2941,562,46,70,278,143,196,53,371,1302,126,44,13,8,91,7,432,12,1583,111,1013,16,10,60,3610,7,317,369,303,212,32,180,57,44,57,308,8592,329,3673,95,181887.0
8/3/20,445,36,57,735,13,144,7,46,202,1547,115,68,14,349,401,107247,29,47,30,850,102,11558,26,13,116,58,41,132,26,45,20,282,23,34,17,9,207,249,650,53,192,70,113,57,9239,1686,1291,262,560,12089,42,148,92,86,489,137,2222,138,21,42,34,128,2961,572,48,70,278,147,203,55,377,1341,126,48,13,8,91,8,435,13,1605,113,1037,17,11,60,3655,7,318,388,303,215,32,183,58,50,58,313,8650,341,3688,98,183175.0
8/4/20,454,36,57,739,13,154,8,46,203,1576,117,70,15,353,411,107744,29,47,31,871,103,11689,26,14,119,58,42,134,28,45,21,287,23,35,17,9,208,250,658,55,191,73,116,59,9336,1698,1295,265,577,12223,43,148,96,87,502,142,2266,140,22,43,34,133,2991,584,49,73,284,147,205,62,383,1399,126,51,13,8,91,9,435,14,1615,115,1057,17,11,63,3696,7,321,406,305,218,33,184,59,50,60,320,8729,344,3704,106,184628.0
8/5/20,461,36,59,749,13,161,8,46,214,1593,126,73,17,366,422,108425,29,47,32,884,104,11804,27,16,118,58,45,141,32,45,28,296,25,39,17,10,216,250,676,55,213,74,119,62,9417,1708,1310,279,590,12315,44,149,99,90,517,142,2320,143,21,44,35,134,3020,595,50,73,292,153,213,66,392,1445,136,52,17,8,91,9,440,14,1649,117,1096,17,12,67,3753,7,324,438,306,218,33,185,60,54,61,329,8821,349,3730,121,186401.0
8/6/20,486,36,59,754,13,170,9,48,219,1615,128,76,18,378,433,109150,29,51,32,898,106,11926,28,17,129,60,51,147,32,48,33,299,26,46,18,10,224,252,685,55,218,85,121,66,9509,1713,1319,285,666,12376,44,162,103,90,550,154,2410,153,22,45,36,137,3060,611,53,73,299,161,222,69,400,1488,142,54,18,8,91,11,441,15,1656,126,1151,17,13,68,3845,7,325,448,309,222,34,187,60,55,64,335,8932,364,3746,125,188363.0
8/7/20,506,36,59,758,13,179,9,50,223,1625,134,79,20,387,448,110002,29,53,33,917,108,12021,28,17,139,60,49,156,33,49,38,307,28,47,18,10,232,257,695,59,247,98,124,66,9629,1725,1343,291,684,12491,45,165,105,106,578,156,2470,152,24,45,37,139,3123,624,53,73,305,161,229,72,403,1525,149,56,20,8,92,11,452,18,1679,130,1194,17,16,75,3897,7,325,486,318,229,34,189,64,59,64,339,9053,374,3755,134,190443.0
8/8/20,517,37,60,761,13,190,9,54,230,1663,137,81,23,396,474,110865,29,54,32,927,115,12155,29,17,150,65,49,168,33,51,39,316,29,53,18,12,234,261,708,58,282,104,124,66,9710,1768,1364,297,739,12617,48,170,110,111,611,170,2530,156,26,47,39,141,3163,638,54,74,312,165,242,73,409,1574,156,61,21,9,93,11,457,19,1731,131,1229,18,19,79,3953,7,327,497,321,234,34,190,66,61,67,351,9151,388,3772,146,192645.0
8/9/20,519,37,60,765,14,205,9,56,231,1669,142,82,23,407,472,111447,29,55,33,936,116,12233,28,18,155,66,49,178,33,51,43,323,29,53,18,12,234,263,717,59,286,105,125,67,9759,1782,1377,299,766,12670,47,171,115,112,624,179,2591,156,26,47,39,143,3189,651,56,75,318,170,249,73,410,1607,184,61,21,9,93,13,464,19,1745,132,1247,18,21,79,4006,7,327,518,321,234,35,190,66,61,68,355,9236,399,3779,151,194012.0
8/10/20,542,37,62,766,14,215,10,59,231,1686,143,83,23,411,487,111948,29,57,33,938,122,12312,29,18,162,67,49,191,34,51,58,326,29,62,18,13,248,265,722,59,290,115,127,69,9803,1787,1379,303,783,12741,50,173,116,122,641,181,2634,161,27,53,40,146,3218,655,56,76,318,169,268,74,411,1630,184,63,23,9,94,13,470,20,1756,132,1274,18,21,80,4028,7,330,591,324,236,35,191,67,62,69,359,9315,409,3784,152,195341.0
8/11/20,557,37,62,769,15,231,9,61,233,1693,143,87,26,415,492,112484,30,57,34,947,122,12427,29,20,163,69,50,194,35,51,59,334,29,63,18,13,253,267,731,60,292,117,130,71,9878,1802,1398,313,801,12852,51,178,122,157,650,182,2702,165,28,56,41,145,3250,670,57,76,323,171,269,75,416,1667,184,63,24,11,94,14,474,20,1764,134,1297,18,21,86,4107,7,334,610,327,234,40,191,67,66,71,366,9413,434,3797,158,196900.0
8/12/20,580,37,64,770,15,241,11,64,238,1709,144,87,27,419,520,113044,29,57,34,956,129,12511,29,24,183,71,50,198,37,51,66,343,30,68,18,14,262,269,740,59,304,122,133,70,9948,1807,1412,324,825,12939,51,186,130,166,678,200,2777,169,28,57,42,147,3279,686,58,77,332,174,286,93,420,1717,185,64,26,11,97,14,486,22,1784,134,1323,19,27,90,4155,7,335,581,330,249,42,194,67,66,72,367,9486,454,3806,170,198498.0
8/13/20,581,37,68,770,15,247,12,68,245,1729,144,88,31,433,546,113788,31,60,34,960,133,12592,30,24,192,73,52,205,37,51,66,353,31,72,18,15,266,274,743,61,317,141,136,71,10027,1829,1431,331,878,13047,52,186,134,179,702,209,2855,168,33,58,43,147,3308,703,58,77,334,175,291,100,421,1758,193,65,30,11,101,13,495,24,1796,134,1345,19,28,92,4215,7,336,612,337,257,44,196,69,67,75,368,9576,477,3814,172,200342.0
8/14/20,607,37,69,768,15,262,12,72,252,1737,146,91,32,454,564,114724,35,61,39,970,135,12693,34,24,208,73,57,222,42,51,69,368,33,76,18,21,274,276,755,61,320,143,139,76,10100,1857,1443,344,910,13144,55,191,140,187,721,222,2969,172,35,60,43,149,3335,730,60,76,339,179,353,103,429,1807,193,66,32,11,101,13,497,24,1831,136,1391,18,32,94,4289,7,340,653,339,259,49,196,69,72,80,384,9692,499,3835,171,202641.0
8/15/20,620,39,77,764,15,269,13,79,251,1752,150,93,32,468,602,115344,35,62,37,977,140,12815,34,25,228,78,57,232,44,51,71,378,34,85,18,22,285,279,760,64,345,145,140,77,10157,1874,1458,351,932,13231,58,192,143,190,741,235,3051,179,35,62,43,155,3364,756,61,78,353,183,368,105,432,1866,198,67,33,11,101,13,505,31,1850,137,1422,18,35,101,4370,7,342,671,344,264,58,199,73,73,80,388,9804,512,3853,184,204483.0
8/16/20,643,40,80,769,15,277,14,84,257,1766,153,95,36,485,612,115960,35,66,36,985,146,12892,35,25,241,78,60,242,45,53,72,384,37,92,18,23,297,280,772,66,353,151,141,78,10184,1886,1461,361,953,13282,62,194,150,196,755,241,3111,182,35,61,43,158,3389,773,61,79,354,190,392,111,433,1890,210,69,34,11,101,13,523,41,1869,138,1447,19,35,108,4425,7,345,700,361,267,63,203,73,72,84,391,9874,534,3861,186,206040.0
8/17/20,665,40,82,771,16,276,14,89,258,1776,157,96,38,492,630,116620,37,69,38,993,151,13032,35,27,252,80,60,249,48,54,73,391,37,95,18,24,313,280,778,72,356,157,145,79,10314,1900,1479,370,960,13375,65,198,151,201,762,245,3152,188,35,63,45,157,3417,782,62,81,358,192,402,113,437,1917,213,70,35,11,101,13,539,42,1884,140,1462,19,35,109,4484,7,348,724,363,273,70,205,75,75,87,399,10013,552,3885,188,207805.0
8/18/20,672,40,88,778,15,282,15,92,259,1793,161,96,40,512,648,117171,38,75,38,1004,152,13151,46,28,266,81,61,258,48,56,78,392,38,102,18,24,318,280,796,73,357,173,148,81,10384,1909,1495,384,992,13485,67,199,151,204,772,252,3241,196,36,64,45,157,3446,834,62,82,369,193,405,115,439,1966,228,70,38,11,101,13,550,42,1897,145,1487,19,35,112,4551,7,351,765,368,273,70,209,76,77,95,406,10102,568,3901,200,209553.0
8/19/20,693,40,92,793,15,281,17,94,265,1827,166,98,47,524,676,118012,40,82,38,1013,161,13289,51,29,285,87,62,266,54,56,84,400,39,102,18,24,335,282,807,73,360,174,149,86,10466,1935,1518,395,1008,13591,68,203,152,208,778,260,3289,201,36,65,47,158,3471,876,61,83,367,196,415,123,449,2015,239,71,39,11,102,13,570,46,1933,147,1532,19,36,119,4626,7,353,806,375,274,80,210,78,80,98,416,10239,620,3966,205,211830.0
8/20/20,692,40,95,796,16,291,19,97,272,1835,167,104,51,548,697,118757,43,86,37,1017,167,13410,49,28,317,97,63,270,58,57,87,410,42,106,18,25,337,281,814,75,369,199,152,87,10516,1960,1535,395,1031,13668,74,205,157,211,785,274,3366,209,36,66,47,160,3496,896,61,83,373,199,422,124,450,2050,242,71,41,11,102,13,596,46,1944,149,1544,19,36,123,4664,9,355,852,382,276,80,213,80,82,101,418,10357,637,3981,214,213665.0
8/21/20,700,40,97,812,16,303,19,104,278,1881,171,105,52,553,733,119644,44,95,37,1030,178,13530,54,29,345,103,68,274,60,57,91,412,40,111,18,28,352,282,824,78,376,206,154,87,10620,1986,1556,406,1063,13741,75,208,157,222,800,281,3441,212,37,67,47,160,3526,936,61,86,383,204,430,128,451,2095,246,71,47,11,102,13,602,48,1957,149,1570,19,36,129,4723,9,361,875,387,282,86,219,82,84,102,429,10501,654,3998,225,215867.0
8/22/20,705,40,100,815,16,312,19,111,283,1929,182,112,57,574,759,120567,49,103,37,1038,185,13686,57,31,367,108,69,285,68,60,93,425,40,113,18,28,367,283,828,87,384,213,159,88,10702,2017,1568,415,1085,13808,80,211,165,223,832,290,3503,221,39,67,51,160,3561,1004,62,90,391,214,441,131,452,2142,256,71,48,11,104,13,622,53,1986,153,1593,19,36,146,4814,9,360,913,391,285,93,226,87,85,108,440,10614,673,4018,235,218237.0
8/23/20,713,40,104,823,16,317,21,114,287,2027,184,112,59,582,785,121308,52,107,37,1044,189,13778,57,31,391,115,70,287,71,60,95,432,41,113,18,35,378,283,835,89,392,223,165,92,10759,2033,1579,422,1093,13857,81,215,166,228,835,296,3562,231,39,72,52,161,3589,1082,63,90,398,218,447,133,453,2165,266,71,52,11,105,13,642,53,2000,155,1612,19,40,150,4882,9,364,929,393,293,89,228,88,86,112,440,10760,695,4048,237,220133.0
8/24/20,727,40,107,827,16,322,22,115,287,2078,185,112,60,606,786,121877,57,109,38,1048,189,13909,61,31,398,120,70,293,73,60,98,436,42,116,18,36,396,284,851,89,402,229,166,95,10796,2050,1588,425,1115,13937,87,218,170,228,852,301,3606,234,39,72,56,161,3620,1138,63,90,402,223,448,133,459,2190,271,70,57,11,106,13,647,54,2026,155,1637,19,41,153,4958,10,368,951,400,298,93,230,92,86,113,444,10830,716,4069,242,221742.0
8/25/20,730,41,117,835,16,330,24,113,290,2100,191,112,61,632,798,122423,61,114,39,1064,195,14001,60,31,412,127,68,298,72,60,97,441,42,118,18,37,406,284,862,91,411,239,168,96,10857,2064,1601,429,1128,14027,89,218,173,237,866,302,3666,245,40,73,60,165,3667,1188,67,91,413,230,459,136,459,2220,272,70,63,11,107,13,667,58,2054,155,1656,19,41,158,5010,10,369,971,402,302,94,231,98,88,113,456,10927,747,4087,245,223389.0
8/26/20,731,42,119,843,16,335,25,115,296,2187,192,113,62,647,827,123172,72,123,38,1078,198,14103,75,33,424,140,69,305,72,62,97,452,44,120,18,37,412,284,877,100,416,246,171,105,10956,2089,1609,436,1148,14172,89,222,172,245,875,324,3752,249,42,73,61,164,3698,1250,68,95,429,234,466,140,467,2255,278,71,64,14,114,14,682,58,2071,158,1680,19,43,171,5058,13,371,993,409,306,95,238,101,90,113,471,11063,784,4116,249,225580.0
8/27/20,734,44,123,846,18,348,26,125,297,2210,195,112,65,667,860,123691,72,127,39,1082,202,14200,77,34,464,144,69,315,75,62,97,461,44,123,18,40,424,287,892,104,434,264,171,107,11002,2107,1623,440,1180,14223,93,226,179,247,894,333,3818,259,44,76,63,176,3743,1323,68,94,442,243,475,144,468,2271,283,72,66,14,117,15,697,58,2094,161,1701,19,44,176,5107,15,373,1019,414,312,95,241,106,90,114,478,11136,806,4153,255,227274.0
8/28/20,749,44,125,849,20,353,26,131,296,2310,216,115,72,670,884,124573,72,128,40,1089,207,14299,79,36,478,153,70,327,77,62,99,468,44,126,18,41,438,291,895,111,442,271,173,110,11052,2149,1633,441,1203,14379,96,231,180,249,907,340,3868,262,44,77,64,185,3774,1379,68,97,440,246,480,151,468,2301,286,76,68,14,117,16,702,60,2112,161,1724,19,45,185,5158,17,376,1040,414,320,101,247,109,92,114,490,11278,812,4175,263,229432.0
8/29/20,762,44,131,856,21,357,26,132,298,2368,230,116,74,691,937,125124,77,133,41,1092,211,14398,81,38,506,163,71,335,80,62,103,471,45,132,18,44,454,294,909,124,447,275,173,113,11099,2168,1638,441,1219,14455,111,238,181,259,925,345,3956,263,46,81,65,194,3793,1474,68,98,444,246,481,155,471,2325,288,78,68,18,121,17,725,62,2164,163,1744,19,45,192,5227,21,376,1045,422,327,105,250,111,96,119,501,11371,860,4187,269,231287.0
8/30/20,769,44,143,860,20,360,26,133,297,2423,231,116,78,692,952,126003,77,137,42,1103,217,14493,83,39,523,165,70,337,84,62,105,474,45,136,18,44,460,296,915,124,455,275,173,115,11155,2216,1644,449,1237,14522,135,241,189,260,936,345,3982,266,46,84,65,196,3834,1674,68,99,448,248,481,156,473,2382,287,78,71,19,121,19,730,62,2189,162,1751,21,45,194,5244,22,378,1068,424,329,106,255,111,101,121,503,11447,879,4218,273,233273.0
8/31/20,771,44,144,865,20,370,26,134,299,2462,232,116,80,715,974,126577,78,140,43,1110,222,14615,83,39,535,169,70,343,86,63,115,481,45,138,18,45,465,298,929,129,457,276,176,116,11204,2237,1653,458,1256,14594,137,244,193,263,942,349,4040,272,51,86,65,203,3855,1788,70,100,454,252,481,161,476,2406,291,79,72,19,121,20,739,63,2212,164,1784,21,46,201,5264,24,380,1089,426,341,108,258,114,111,123,507,11546,908,4248,278,234960.0
9/1/20,786,44,154,873,20,378,26,135,299,2498,244,116,84,740,986,126992,80,140,44,1127,223,14679,84,42,549,172,71,345,89,63,115,483,45,140,19,45,468,306,951,132,462,278,177,117,11285,2256,1660,459,1273,14639,136,243,199,265,988,352,4102,278,53,87,65,215,3881,1869,70,103,461,251,495,162,483,2414,294,80,73,19,125,20,748,65,2228,164,1804,23,46,210,5347,24,381,1109,432,344,108,258,115,112,125,511,11619,927,4278,281,236435.0
9/2/20,786,45,161,884,23,393,27,138,309,2557,249,119,91,765,1027,127616,81,146,48,1149,231,14770,92,42,574,176,72,349,94,64,129,501,45,146,20,45,472,310,973,139,463,285,177,119,11354,2274,1670,460,1291,14697,142,244,207,276,1007,362,4182,286,53,88,65,231,3907,2063,72,103,472,254,538,169,489,2441,298,82,75,19,132,20,750,66,2269,168,1837,24,46,221,5413,28,387,1139,435,353,108,264,116,117,128,524,11676,960,4326,288,238568.0
9/3/20,795,45,162,886,23,407,27,138,313,2657,250,119,92,771,1060,128012,84,148,47,1156,232,14840,92,43,586,183,74,358,97,64,130,516,45,150,20,45,477,313,984,141,470,285,183,119,11395,2290,1679,468,1302,14767,142,246,210,287,1010,364,4219,293,53,88,67,251,3925,2162,72,106,477,258,544,174,492,2466,300,84,75,20,133,20,751,66,2274,168,1844,29,46,226,5450,28,388,1158,438,368,110,265,119,118,129,525,11737,965,4342,293,239915.0
9/4/20,805,47,191,898,24,429,32,146,332,3225,264,120,108,809,1094,129545,111,154,52,1190,235,15109,93,45,616,196,77,377,99,65,152,526,47,155,20,51,514,316,1021,155,479,315,190,122,11552,2354,1705,483,1357,15006,175,268,224,306,1072,388,4380,311,53,95,70,278,4013,2454,77,114,499,263,575,178,514,2544,306,92,78,22,136,21,783,76,2331,176,1917,30,49,242,5580,37,395,1209,442,385,120,270,126,125,139,575,12047,1017,4422,302,245309.0
9/5/20,812,50,202,907,24,435,33,148,332,3371,267,121,112,832,1114,130616,149,159,56,1215,237,15247,94,45,642,202,80,377,102,67,157,543,47,158,21,52,527,318,1043,156,486,317,195,124,11660,2371,1722,484,1376,15151,193,274,229,310,1094,391,4448,332,54,96,73,312,4060,2550,79,114,509,266,575,180,517,2581,308,99,79,23,136,21,794,78,2362,182,1970,30,51,248,5647,37,398,1247,446,395,122,270,128,131,141,577,12189,1024,4469,316,248111.0
9/6/20,817,50,206,911,24,447,33,148,337,3428,267,121,113,842,1123,131078,164,164,58,1230,242,15322,94,45,651,212,79,378,103,67,158,547,47,158,21,56,531,317,1061,159,487,320,196,124,11689,2394,1732,497,1399,15192,196,277,235,318,1109,394,4498,338,54,97,74,325,4085,2607,79,112,524,266,575,180,520,2624,308,100,80,23,140,22,795,83,2419,183,1983,31,51,253,5674,38,399,1268,446,403,122,273,133,136,144,581,12260,1036,4507,327,249544.0
9/7/20,819,50,209,915,24,453,33,149,337,3468,267,122,113,857,1125,131622,167,165,58,1249,241,15385,95,47,656,214,79,382,103,67,158,548,47,159,22,56,533,319,1067,162,498,321,198,125,11735,2415,1739,497,1406,15250,199,283,243,321,1114,396,4536,365,57,97,74,335,4109,2640,79,113,529,268,576,180,523,2647,308,98,80,23,140,22,801,84,2479,184,1993,31,52,259,5710,42,401,1279,451,403,122,276,138,142,145,589,12337,1058,4539,328,250924.0
9/8/20,820,51,209,924,25,453,33,150,337,3628,267,121,114,869,1146,132072,177,170,60,1259,240,15499,96,48,664,217,79,387,104,67,160,550,47,159,22,57,541,319,1072,166,499,324,199,126,11761,2426,1746,498,1413,15349,205,283,245,323,1129,402,4585,368,59,97,74,336,4139,2662,81,113,533,270,577,181,526,2659,309,98,82,23,140,22,801,91,2507,186,2004,31,52,264,5751,41,402,1284,451,407,123,276,138,145,144,590,12415,1065,4572,329,252310.0
9/9/20,829,51,212,932,25,463,33,151,337,3728,269,122,114,884,1151,132401,181,172,61,1273,242,15592,96,48,680,217,79,389,108,67,161,553,49,164,23,57,544,321,1086,167,499,326,200,126,11826,2435,1761,505,1419,15379,206,287,245,346,1139,410,4631,375,60,100,74,352,4161,2697,85,113,551,274,579,181,531,2712,309,99,85,23,140,26,802,96,2510,191,2030,31,53,275,5779,41,403,1301,451,409,123,277,142,152,144,599,12505,1068,4609,332,253622.0
9/10/20,849,52,216,947,25,469,33,156,341,3811,284,123,116,902,1180,132963,204,176,62,1289,247,15704,98,50,703,227,82,398,107,67,172,555,49,167,24,57,556,326,1103,168,502,333,200,126,11888,2467,1772,506,1429,15472,207,290,253,353,1162,418,4693,387,63,102,76,371,4176,2783,91,113,558,273,580,183,550,2755,311,102,93,23,144,27,809,99,2532,194,2049,32,53,286,5852,40,409,1323,455,425,125,279,145,164,145,609,12591,1098,4661,332,255597.0
9/11/20,857,56,223,953,26,482,33,157,345,3876,291,125,120,922,1204,133686,216,176,64,1298,249,15826,99,52,726,243,82,407,111,67,182,562,50,170,24,59,568,327,1120,175,504,349,204,128,11965,2475,1786,511,1457,15583,210,294,258,378,1182,423,4780,403,63,103,78,378,4203,2827,92,114,564,279,584,187,554,2776,314,102,95,23,145,28,833,99,2558,200,2078,31,58,289,5924,41,417,1336,460,434,130,279,148,171,144,624,12681,1126,4731,338,257738.0
9/12/20,874,57,226,956,26,488,33,158,348,3992,297,133,127,936,1219,134352,239,179,72,1309,254,15938,101,53,737,246,84,415,117,68,182,567,52,171,25,60,574,329,1135,180,509,353,210,130,12034,2511,1797,521,1475,15700,225,298,263,380,1209,432,4872,414,67,107,83,398,4235,2881,93,116,574,288,590,189,557,2845,318,108,99,23,146,31,841,109,2582,203,2098,33,59,294,5966,43,421,1367,464,450,133,282,152,177,147,629,12770,1141,4757,348,259856.0
9/13/20,876,60,231,955,26,489,34,159,351,4035,305,137,129,950,1237,134801,255,182,75,1317,260,16022,104,55,744,255,86,427,119,68,183,579,52,170,26,60,576,335,1144,180,513,356,212,130,12081,2528,1806,525,1496,15776,233,299,266,386,1224,432,4908,427,71,109,83,404,4258,2909,95,118,581,287,591,196,561,2898,320,119,99,23,148,31,854,116,2610,211,2113,34,62,304,5983,45,424,1381,471,470,133,282,158,218,149,634,12820,1160,4790,351,261321.0
9/14/20,888,61,241,969,29,497,34,194,350,4059,306,140,132,961,1248,135274,261,182,83,1323,262,16123,104,55,751,260,90,432,125,68,183,586,53,170,26,60,580,336,1159,180,519,360,215,130,12135,2540,1818,527,1508,15818,235,303,270,390,1229,435,4946,436,74,109,85,404,4275,2931,98,118,581,288,592,196,574,2948,323,120,101,23,148,31,863,117,2632,213,2115,34,62,310,6008,46,431,1397,473,475,133,282,158,219,149,638,12888,1183,4843,355,262692.0
9/15/20,902,61,245,974,31,511,34,195,353,4133,320,141,134,971,1268,135690,272,183,86,1342,267,16209,105,55,754,266,86,440,126,68,187,595,53,175,27,60,583,338,1169,184,521,361,217,130,12194,2546,1823,538,1518,15888,235,306,272,400,1247,440,5020,441,76,111,86,417,4271,2980,103,118,585,287,596,200,572,2972,323,123,101,24,149,33,880,120,2637,217,2122,36,62,319,6043,46,434,1441,476,498,134,288,160,224,150,644,12955,1204,4883,362,264152.0
9/16/20,914,62,262,984,30,527,34,198,363,4164,329,141,135,987,1293,136246,282,185,87,1367,268,16304,105,57,776,285,86,446,130,68,196,607,57,180,29,61,590,341,1174,184,535,361,221,133,12280,2574,1834,548,1530,15999,237,310,276,408,1278,450,5088,455,80,115,87,427,4294,3004,107,119,593,290,601,201,585,3039,326,124,103,24,152,33,887,125,2667,220,2148,38,62,332,6099,46,439,1471,476,503,135,288,167,225,150,652,13044,1227,4967,370,266093.0
