Date,Adair,Adams,Allamakee,Appanoose,Audubon,Benton,Black Hawk,Boone,Bremer,Buchanan,Buena Vista,Butler,Calhoun,Carroll,Cass,Cedar,Cerro Gordo,Cherokee,Chickasaw,Clarke,Clay,Clayton,Clinton,Crawford,Dallas,Davis,Decatur,Delaware,Des Moines,Dickinson,Dubuque,Emmet,Fayette,Floyd,Franklin,Fremont,Greene,Grundy,Guthrie,Hamilton,Hancock,Hardin,Harrison,Henry,Howard,Humboldt,Ida,Iowa,Jackson,Jasper,Jefferson,Johnson,Jones,Keokuk,Kossuth,Lee,Linn,Louisa,Lucas,Lyon,Madison,Mahaska,Marion,Marshall,Mills,Mitchell,Monona,Monroe,Montgomery,Muscatine,O'Brien,Osceola,Page,Palo Alto,Plymouth,Pocahontas,Polk,Pottawattamie,Poweshiek,Ringgold,Sac,Scott,Shelby,Sioux,Story,Tama,Taylor,Union,Van Buren,Wapello,Warren,Washington,Wayne,Webster,Winnebago,Winneshiek,Woodbury,Worth,Wright,Total
1/22/20,0,0,0,0,0,0,0,0,0,0,0,0,0,0,0,0,0,0,0,0,0,0,0,0,0,0,0,0,0,0,0,0,0,0,0,0,0,0,0,0,0,0,0,0,0,0,0,0,0,0,0,0,0,0,0,0,0,0,0,0,0,0,0,0,0,0,0,0,0,0,0,0,0,0,0,0,0,0,0,0,0,0,0,0,0,0,0,0,0,0,0,0,0,0,0,0,0,0,0,0.0
1/23/20,0,0,0,0,0,0,0,0,0,0,0,0,0,0,0,0,0,0,0,0,0,0,0,0,0,0,0,0,0,0,0,0,0,0,0,0,0,0,0,0,0,0,0,0,0,0,0,0,0,0,0,0,0,0,0,0,0,0,0,0,0,0,0,0,0,0,0,0,0,0,0,0,0,0,0,0,0,0,0,0,0,0,0,0,0,0,0,0,0,0,0,0,0,0,0,0,0,0,0,0.0
1/24/20,0,0,0,0,0,0,0,0,0,0,0,0,0,0,0,0,0,0,0,0,0,0,0,0,0,0,0,0,0,0,0,0,0,0,0,0,0,0,0,0,0,0,0,0,0,0,0,0,0,0,0,0,0,0,0,0,0,0,0,0,0,0,0,0,0,0,0,0,0,0,0,0,0,0,0,0,0,0,0,0,0,0,0,0,0,0,0,0,0,0,0,0,0,0,0,0,0,0,0,0.0
1/25/20,0,0,0,0,0,0,0,0,0,0,0,0,0,0,0,0,0,0,0,0,0,0,0,0,0,0,0,0,0,0,0,0,0,0,0,0,0,0,0,0,0,0,0,0,0,0,0,0,0,0,0,0,0,0,0,0,0,0,0,0,0,0,0,0,0,0,0,0,0,0,0,0,0,0,0,0,0,0,0,0,0,0,0,0,0,0,0,0,0,0,0,0,0,0,0,0,0,0,0,0.0
1/26/20,0,0,0,0,0,0,0,0,0,0,0,0,0,0,0,0,0,0,0,0,0,0,0,0,0,0,0,0,0,0,0,0,0,0,0,0,0,0,0,0,0,0,0,0,0,0,0,0,0,0,0,0,0,0,0,0,0,0,0,0,0,0,0,0,0,0,0,0,0,0,0,0,0,0,0,0,0,0,0,0,0,0,0,0,0,0,0,0,0,0,0,0,0,0,0,0,0,0,0,0.0
1/27/20,0,0,0,0,0,0,0,0,0,0,0,0,0,0,0,0,0,0,0,0,0,0,0,0,0,0,0,0,0,0,0,0,0,0,0,0,0,0,0,0,0,0,0,0,0,0,0,0,0,0,0,0,0,0,0,0,0,0,0,0,0,0,0,0,0,0,0,0,0,0,0,0,0,0,0,0,0,0,0,0,0,0,0,0,0,0,0,0,0,0,0,0,0,0,0,0,0,0,0,0.0
1/28/20,0,0,0,0,0,0,0,0,0,0,0,0,0,0,0,0,0,0,0,0,0,0,0,0,0,0,0,0,0,0,0,0,0,0,0,0,0,0,0,0,0,0,0,0,0,0,0,0,0,0,0,0,0,0,0,0,0,0,0,0,0,0,0,0,0,0,0,0,0,0,0,0,0,0,0,0,0,0,0,0,0,0,0,0,0,0,0,0,0,0,0,0,0,0,0,0,0,0,0,0.0
1/29/20,0,0,0,0,0,0,0,0,0,0,0,0,0,0,0,0,0,0,0,0,0,0,0,0,0,0,0,0,0,0,0,0,0,0,0,0,0,0,0,0,0,0,0,0,0,0,0,0,0,0,0,0,0,0,0,0,0,0,0,0,0,0,0,0,0,0,0,0,0,0,0,0,0,0,0,0,0,0,0,0,0,0,0,0,0,0,0,0,0,0,0,0,0,0,0,0,0,0,0,0.0
1/30/20,0,0,0,0,0,0,0,0,0,0,0,0,0,0,0,0,0,0,0,0,0,0,0,0,0,0,0,0,0,0,0,0,0,0,0,0,0,0,0,0,0,0,0,0,0,0,0,0,0,0,0,0,0,0,0,0,0,0,0,0,0,0,0,0,0,0,0,0,0,0,0,0,0,0,0,0,0,0,0,0,0,0,0,0,0,0,0,0,0,0,0,0,0,0,0,0,0,0,0,0.0
1/31/20,0,0,0,0,0,0,0,0,0,0,0,0,0,0,0,0,0,0,0,0,0,0,0,0,0,0,0,0,0,0,0,0,0,0,0,0,0,0,0,0,0,0,0,0,0,0,0,0,0,0,0,0,0,0,0,0,0,0,0,0,0,0,0,0,0,0,0,0,0,0,0,0,0,0,0,0,0,0,0,0,0,0,0,0,0,0,0,0,0,0,0,0,0,0,0,0,0,0,0,0.0
2/1/20,0,0,0,0,0,0,0,0,0,0,0,0,0,0,0,0,0,0,0,0,0,0,0,0,0,0,0,0,0,0,0,0,0,0,0,0,0,0,0,0,0,0,0,0,0,0,0,0,0,0,0,0,0,0,0,0,0,0,0,0,0,0,0,0,0,0,0,0,0,0,0,0,0,0,0,0,0,0,0,0,0,0,0,0,0,0,0,0,0,0,0,0,0,0,0,0,0,0,0,0.0
2/2/20,0,0,0,0,0,0,0,0,0,0,0,0,0,0,0,0,0,0,0,0,0,0,0,0,0,0,0,0,0,0,0,0,0,0,0,0,0,0,0,0,0,0,0,0,0,0,0,0,0,0,0,0,0,0,0,0,0,0,0,0,0,0,0,0,0,0,0,0,0,0,0,0,0,0,0,0,0,0,0,0,0,0,0,0,0,0,0,0,0,0,0,0,0,0,0,0,0,0,0,0.0
2/3/20,0,0,0,0,0,0,0,0,0,0,0,0,0,0,0,0,0,0,0,0,0,0,0,0,0,0,0,0,0,0,0,0,0,0,0,0,0,0,0,0,0,0,0,0,0,0,0,0,0,0,0,0,0,0,0,0,0,0,0,0,0,0,0,0,0,0,0,0,0,0,0,0,0,0,0,0,0,0,0,0,0,0,0,0,0,0,0,0,0,0,0,0,0,0,0,0,0,0,0,0.0
2/4/20,0,0,0,0,0,0,0,0,0,0,0,0,0,0,0,0,0,0,0,0,0,0,0,0,0,0,0,0,0,0,0,0,0,0,0,0,0,0,0,0,0,0,0,0,0,0,0,0,0,0,0,0,0,0,0,0,0,0,0,0,0,0,0,0,0,0,0,0,0,0,0,0,0,0,0,0,0,0,0,0,0,0,0,0,0,0,0,0,0,0,0,0,0,0,0,0,0,0,0,0.0
2/5/20,0,0,0,0,0,0,0,0,0,0,0,0,0,0,0,0,0,0,0,0,0,0,0,0,0,0,0,0,0,0,0,0,0,0,0,0,0,0,0,0,0,0,0,0,0,0,0,0,0,0,0,0,0,0,0,0,0,0,0,0,0,0,0,0,0,0,0,0,0,0,0,0,0,0,0,0,0,0,0,0,0,0,0,0,0,0,0,0,0,0,0,0,0,0,0,0,0,0,0,0.0
2/6/20,0,0,0,0,0,0,0,0,0,0,0,0,0,0,0,0,0,0,0,0,0,0,0,0,0,0,0,0,0,0,0,0,0,0,0,0,0,0,0,0,0,0,0,0,0,0,0,0,0,0,0,0,0,0,0,0,0,0,0,0,0,0,0,0,0,0,0,0,0,0,0,0,0,0,0,0,0,0,0,0,0,0,0,0,0,0,0,0,0,0,0,0,0,0,0,0,0,0,0,0.0
2/7/20,0,0,0,0,0,0,0,0,0,0,0,0,0,0,0,0,0,0,0,0,0,0,0,0,0,0,0,0,0,0,0,0,0,0,0,0,0,0,0,0,0,0,0,0,0,0,0,0,0,0,0,0,0,0,0,0,0,0,0,0,0,0,0,0,0,0,0,0,0,0,0,0,0,0,0,0,0,0,0,0,0,0,0,0,0,0,0,0,0,0,0,0,0,0,0,0,0,0,0,0.0
2/8/20,0,0,0,0,0,0,0,0,0,0,0,0,0,0,0,0,0,0,0,0,0,0,0,0,0,0,0,0,0,0,0,0,0,0,0,0,0,0,0,0,0,0,0,0,0,0,0,0,0,0,0,0,0,0,0,0,0,0,0,0,0,0,0,0,0,0,0,0,0,0,0,0,0,0,0,0,0,0,0,0,0,0,0,0,0,0,0,0,0,0,0,0,0,0,0,0,0,0,0,0.0
2/9/20,0,0,0,0,0,0,0,0,0,0,0,0,0,0,0,0,0,0,0,0,0,0,0,0,0,0,0,0,0,0,0,0,0,0,0,0,0,0,0,0,0,0,0,0,0,0,0,0,0,0,0,0,0,0,0,0,0,0,0,0,0,0,0,0,0,0,0,0,0,0,0,0,0,0,0,0,0,0,0,0,0,0,0,0,0,0,0,0,0,0,0,0,0,0,0,0,0,0,0,0.0
2/10/20,0,0,0,0,0,0,0,0,0,0,0,0,0,0,0,0,0,0,0,0,0,0,0,0,0,0,0,0,0,0,0,0,0,0,0,0,0,0,0,0,0,0,0,0,0,0,0,0,0,0,0,0,0,0,0,0,0,0,0,0,0,0,0,0,0,0,0,0,0,0,0,0,0,0,0,0,0,0,0,0,0,0,0,0,0,0,0,0,0,0,0,0,0,0,0,0,0,0,0,0.0
2/11/20,0,0,0,0,0,0,0,0,0,0,0,0,0,0,0,0,0,0,0,0,0,0,0,0,0,0,0,0,0,0,0,0,0,0,0,0,0,0,0,0,0,0,0,0,0,0,0,0,0,0,0,0,0,0,0,0,0,0,0,0,0,0,0,0,0,0,0,0,0,0,0,0,0,0,0,0,0,0,0,0,0,0,0,0,0,0,0,0,0,0,0,0,0,0,0,0,0,0,0,0.0
2/12/20,0,0,0,0,0,0,0,0,0,0,0,0,0,0,0,0,0,0,0,0,0,0,0,0,0,0,0,0,0,0,0,0,0,0,0,0,0,0,0,0,0,0,0,0,0,0,0,0,0,0,0,0,0,0,0,0,0,0,0,0,0,0,0,0,0,0,0,0,0,0,0,0,0,0,0,0,0,0,0,0,0,0,0,0,0,0,0,0,0,0,0,0,0,0,0,0,0,0,0,0.0
2/13/20,0,0,0,0,0,0,0,0,0,0,0,0,0,0,0,0,0,0,0,0,0,0,0,0,0,0,0,0,0,0,0,0,0,0,0,0,0,0,0,0,0,0,0,0,0,0,0,0,0,0,0,0,0,0,0,0,0,0,0,0,0,0,0,0,0,0,0,0,0,0,0,0,0,0,0,0,0,0,0,0,0,0,0,0,0,0,0,0,0,0,0,0,0,0,0,0,0,0,0,0.0
2/14/20,0,0,0,0,0,0,0,0,0,0,0,0,0,0,0,0,0,0,0,0,0,0,0,0,0,0,0,0,0,0,0,0,0,0,0,0,0,0,0,0,0,0,0,0,0,0,0,0,0,0,0,0,0,0,0,0,0,0,0,0,0,0,0,0,0,0,0,0,0,0,0,0,0,0,0,0,0,0,0,0,0,0,0,0,0,0,0,0,0,0,0,0,0,0,0,0,0,0,0,0.0
2/15/20,0,0,0,0,0,0,0,0,0,0,0,0,0,0,0,0,0,0,0,0,0,0,0,0,0,0,0,0,0,0,0,0,0,0,0,0,0,0,0,0,0,0,0,0,0,0,0,0,0,0,0,0,0,0,0,0,0,0,0,0,0,0,0,0,0,0,0,0,0,0,0,0,0,0,0,0,0,0,0,0,0,0,0,0,0,0,0,0,0,0,0,0,0,0,0,0,0,0,0,0.0
2/16/20,0,0,0,0,0,0,0,0,0,0,0,0,0,0,0,0,0,0,0,0,0,0,0,0,0,0,0,0,0,0,0,0,0,0,0,0,0,0,0,0,0,0,0,0,0,0,0,0,0,0,0,0,0,0,0,0,0,0,0,0,0,0,0,0,0,0,0,0,0,0,0,0,0,0,0,0,0,0,0,0,0,0,0,0,0,0,0,0,0,0,0,0,0,0,0,0,0,0,0,0.0
2/17/20,0,0,0,0,0,0,0,0,0,0,0,0,0,0,0,0,0,0,0,0,0,0,0,0,0,0,0,0,0,0,0,0,0,0,0,0,0,0,0,0,0,0,0,0,0,0,0,0,0,0,0,0,0,0,0,0,0,0,0,0,0,0,0,0,0,0,0,0,0,0,0,0,0,0,0,0,0,0,0,0,0,0,0,0,0,0,0,0,0,0,0,0,0,0,0,0,0,0,0,0.0
2/18/20,0,0,0,0,0,0,0,0,0,0,0,0,0,0,0,0,0,0,0,0,0,0,0,0,0,0,0,0,0,0,0,0,0,0,0,0,0,0,0,0,0,0,0,0,0,0,0,0,0,0,0,0,0,0,0,0,0,0,0,0,0,0,0,0,0,0,0,0,0,0,0,0,0,0,0,0,0,0,0,0,0,0,0,0,0,0,0,0,0,0,0,0,0,0,0,0,0,0,0,0.0
2/19/20,0,0,0,0,0,0,0,0,0,0,0,0,0,0,0,0,0,0,0,0,0,0,0,0,0,0,0,0,0,0,0,0,0,0,0,0,0,0,0,0,0,0,0,0,0,0,0,0,0,0,0,0,0,0,0,0,0,0,0,0,0,0,0,0,0,0,0,0,0,0,0,0,0,0,0,0,0,0,0,0,0,0,0,0,0,0,0,0,0,0,0,0,0,0,0,0,0,0,0,0.0
2/20/20,0,0,0,0,0,0,0,0,0,0,0,0,0,0,0,0,0,0,0,0,0,0,0,0,0,0,0,0,0,0,0,0,0,0,0,0,0,0,0,0,0,0,0,0,0,0,0,0,0,0,0,0,0,0,0,0,0,0,0,0,0,0,0,0,0,0,0,0,0,0,0,0,0,0,0,0,0,0,0,0,0,0,0,0,0,0,0,0,0,0,0,0,0,0,0,0,0,0,0,0.0
2/21/20,0,0,0,0,0,0,0,0,0,0,0,0,0,0,0,0,0,0,0,0,0,0,0,0,0,0,0,0,0,0,0,0,0,0,0,0,0,0,0,0,0,0,0,0,0,0,0,0,0,0,0,0,0,0,0,0,0,0,0,0,0,0,0,0,0,0,0,0,0,0,0,0,0,0,0,0,0,0,0,0,0,0,0,0,0,0,0,0,0,0,0,0,0,0,0,0,0,0,0,0.0
2/22/20,0,0,0,0,0,0,0,0,0,0,0,0,0,0,0,0,0,0,0,0,0,0,0,0,0,0,0,0,0,0,0,0,0,0,0,0,0,0,0,0,0,0,0,0,0,0,0,0,0,0,0,0,0,0,0,0,0,0,0,0,0,0,0,0,0,0,0,0,0,0,0,0,0,0,0,0,0,0,0,0,0,0,0,0,0,0,0,0,0,0,0,0,0,0,0,0,0,0,0,0.0
2/23/20,0,0,0,0,0,0,0,0,0,0,0,0,0,0,0,0,0,0,0,0,0,0,0,0,0,0,0,0,0,0,0,0,0,0,0,0,0,0,0,0,0,0,0,0,0,0,0,0,0,0,0,0,0,0,0,0,0,0,0,0,0,0,0,0,0,0,0,0,0,0,0,0,0,0,0,0,0,0,0,0,0,0,0,0,0,0,0,0,0,0,0,0,0,0,0,0,0,0,0,0.0
2/24/20,0,0,0,0,0,0,0,0,0,0,0,0,0,0,0,0,0,0,0,0,0,0,0,0,0,0,0,0,0,0,0,0,0,0,0,0,0,0,0,0,0,0,0,0,0,0,0,0,0,0,0,0,0,0,0,0,0,0,0,0,0,0,0,0,0,0,0,0,0,0,0,0,0,0,0,0,0,0,0,0,0,0,0,0,0,0,0,0,0,0,0,0,0,0,0,0,0,0,0,0.0
2/25/20,0,0,0,0,0,0,0,0,0,0,0,0,0,0,0,0,0,0,0,0,0,0,0,0,0,0,0,0,0,0,0,0,0,0,0,0,0,0,0,0,0,0,0,0,0,0,0,0,0,0,0,0,0,0,0,0,0,0,0,0,0,0,0,0,0,0,0,0,0,0,0,0,0,0,0,0,0,0,0,0,0,0,0,0,0,0,0,0,0,0,0,0,0,0,0,0,0,0,0,0.0
2/26/20,0,0,0,0,0,0,0,0,0,0,0,0,0,0,0,0,0,0,0,0,0,0,0,0,0,0,0,0,0,0,0,0,0,0,0,0,0,0,0,0,0,0,0,0,0,0,0,0,0,0,0,0,0,0,0,0,0,0,0,0,0,0,0,0,0,0,0,0,0,0,0,0,0,0,0,0,0,0,0,0,0,0,0,0,0,0,0,0,0,0,0,0,0,0,0,0,0,0,0,0.0
2/27/20,0,0,0,0,0,0,0,0,0,0,0,0,0,0,0,0,0,0,0,0,0,0,0,0,0,0,0,0,0,0,0,0,0,0,0,0,0,0,0,0,0,0,0,0,0,0,0,0,0,0,0,0,0,0,0,0,0,0,0,0,0,0,0,0,0,0,0,0,0,0,0,0,0,0,0,0,0,0,0,0,0,0,0,0,0,0,0,0,0,0,0,0,0,0,0,0,0,0,0,0.0
2/28/20,0,0,0,0,0,0,0,0,0,0,0,0,0,0,0,0,0,0,0,0,0,0,0,0,0,0,0,0,0,0,0,0,0,0,0,0,0,0,0,0,0,0,0,0,0,0,0,0,0,0,0,0,0,0,0,0,0,0,0,0,0,0,0,0,0,0,0,0,0,0,0,0,0,0,0,0,0,0,0,0,0,0,0,0,0,0,0,0,0,0,0,0,0,0,0,0,0,0,0,0.0
2/29/20,0,0,0,0,0,0,0,0,0,0,0,0,0,0,0,0,0,0,0,0,0,0,0,0,0,0,0,0,0,0,0,0,0,0,0,0,0,0,0,0,0,0,0,0,0,0,0,0,0,0,0,0,0,0,0,0,0,0,0,0,0,0,0,0,0,0,0,0,0,0,0,0,0,0,0,0,0,0,0,0,0,0,0,0,0,0,0,0,0,0,0,0,0,0,0,0,0,0,0,0.0
3/1/20,0,0,0,0,0,0,0,0,0,0,0,0,0,0,0,0,0,0,0,0,0,0,0,0,0,0,0,0,0,0,0,0,0,0,0,0,0,0,0,0,0,0,0,0,0,0,0,0,0,0,0,0,0,0,0,0,0,0,0,0,0,0,0,0,0,0,0,0,0,0,0,0,0,0,0,0,0,0,0,0,0,0,0,0,0,0,0,0,0,0,0,0,0,0,0,0,0,0,0,0.0
3/2/20,0,0,0,0,0,0,0,0,0,0,0,0,0,0,0,0,0,0,0,0,0,0,0,0,0,0,0,0,0,0,0,0,0,0,0,0,0,0,0,0,0,0,0,0,0,0,0,0,0,0,0,0,0,0,0,0,0,0,0,0,0,0,0,0,0,0,0,0,0,0,0,0,0,0,0,0,0,0,0,0,0,0,0,0,0,0,0,0,0,0,0,0,0,0,0,0,0,0,0,0.0
3/3/20,0,0,0,0,0,0,0,0,0,0,0,0,0,0,0,0,0,0,0,0,0,0,0,0,0,0,0,0,0,0,0,0,0,0,0,0,0,0,0,0,0,0,0,0,0,0,0,0,0,0,0,0,0,0,0,0,0,0,0,0,0,0,0,0,0,0,0,0,0,0,0,0,0,0,0,0,0,0,0,0,0,0,0,0,0,0,0,0,0,0,0,0,0,0,0,0,0,0,0,0.0
3/4/20,0,0,0,0,0,0,0,0,0,0,0,0,0,0,0,0,0,0,0,0,0,0,0,0,0,0,0,0,0,0,0,0,0,0,0,0,0,0,0,0,0,0,0,0,0,0,0,0,0,0,0,0,0,0,0,0,0,0,0,0,0,0,0,0,0,0,0,0,0,0,0,0,0,0,0,0,0,0,0,0,0,0,0,0,0,0,0,0,0,0,0,0,0,0,0,0,0,0,0,0.0
3/5/20,0,0,0,0,0,0,0,0,0,0,0,0,0,0,0,0,0,0,0,0,0,0,0,0,0,0,0,0,0,0,0,0,0,0,0,0,0,0,0,0,0,0,0,0,0,0,0,0,0,0,0,0,0,0,0,0,0,0,0,0,0,0,0,0,0,0,0,0,0,0,0,0,0,0,0,0,0,0,0,0,0,0,0,0,0,0,0,0,0,0,0,0,0,0,0,0,0,0,0,0.0
3/6/20,0,0,0,0,0,0,0,0,0,0,0,0,0,0,0,0,0,0,0,0,0,0,0,0,0,0,0,0,0,0,0,0,0,0,0,0,0,0,0,0,0,0,0,0,0,0,0,0,0,0,0,0,0,0,0,0,0,0,0,0,0,0,0,0,0,0,0,0,0,0,0,0,0,0,0,0,0,0,0,0,0,0,0,0,0,0,0,0,0,0,0,0,0,0,0,0,0,0,0,0.0
3/7/20,0,0,0,0,0,0,0,0,0,0,0,0,0,0,0,0,0,0,0,0,0,0,0,0,0,0,0,0,0,0,0,0,0,0,0,0,0,0,0,0,0,0,0,0,0,0,0,0,0,0,0,0,0,0,0,0,0,0,0,0,0,0,0,0,0,0,0,0,0,0,0,0,0,0,0,0,0,0,0,0,0,0,0,0,0,0,0,0,0,0,0,0,0,0,0,0,0,0,0,0.0
3/8/20,0,0,0,0,0,0,0,0,0,0,0,0,0,0,0,0,0,0,0,0,0,0,0,0,0,0,0,0,0,0,0,0,0,0,0,0,0,0,0,0,0,0,0,0,0,0,0,0,0,0,0,0,0,0,0,0,0,0,0,0,0,0,0,0,0,0,0,0,0,0,0,0,0,0,0,0,0,0,0,0,0,0,0,0,0,0,0,0,0,0,0,0,0,0,0,0,0,0,0,0.0
3/9/20,0,0,0,0,0,0,0,0,0,0,0,0,0,0,0,0,0,0,0,0,0,0,0,0,0,0,0,0,0,0,0,0,0,0,0,0,0,0,0,0,0,0,0,0,0,0,0,0,0,0,0,3,0,0,0,0,0,0,0,0,0,0,0,0,0,0,0,0,0,0,0,0,0,0,0,0,0,0,0,0,0,0,0,0,0,0,0,0,0,0,0,0,0,0,0,0,0,0,0,3.0
3/10/20,0,0,0,0,0,0,0,0,0,0,0,0,0,0,0,0,0,0,0,0,0,0,0,0,0,0,0,0,0,0,0,0,0,0,0,0,0,0,0,0,0,0,0,0,0,0,0,0,0,0,0,7,0,0,0,0,0,0,0,0,0,0,0,0,0,0,0,0,0,0,0,0,0,0,0,0,0,1,0,0,0,0,0,0,0,0,0,0,0,0,0,0,0,0,0,0,0,0,0,8.0
3/11/20,0,0,0,0,0,0,0,0,0,0,0,0,0,0,0,0,0,0,0,0,0,0,0,0,0,0,0,0,0,0,0,0,0,0,0,0,0,0,0,0,0,0,0,0,0,0,0,0,0,0,0,12,0,0,0,0,0,0,0,0,0,0,0,0,0,0,0,0,0,0,0,0,0,0,0,0,0,1,0,0,0,0,0,0,0,0,0,0,0,0,0,0,0,0,0,0,0,0,0,13.0
3/12/20,0,0,0,0,0,0,0,0,0,0,0,0,0,0,0,0,0,0,0,0,0,0,0,0,0,0,0,0,0,0,0,0,0,0,0,0,0,0,0,0,0,0,0,0,0,0,0,0,0,0,0,13,0,0,0,0,0,0,0,0,0,0,0,0,0,0,0,0,0,0,0,0,0,0,0,0,0,1,0,0,0,0,0,0,0,0,0,0,0,0,0,0,0,0,0,0,0,0,0,14.0
3/13/20,0,0,0,0,0,0,0,0,0,0,0,0,0,1,0,0,0,0,0,0,0,0,0,0,0,0,0,0,0,0,0,0,0,0,0,0,0,0,0,0,0,0,1,0,0,0,0,0,0,0,0,14,0,0,0,0,0,0,0,0,0,0,0,0,0,0,0,0,0,0,0,0,0,0,0,0,0,1,0,0,0,0,0,0,0,0,0,0,0,0,0,0,0,0,0,0,0,0,0,17.0
3/14/20,0,0,0,0,0,0,0,0,0,0,0,0,0,1,0,0,0,0,0,0,0,0,0,0,0,0,0,0,0,0,0,0,0,0,0,0,0,0,0,0,0,0,1,0,0,0,0,0,0,0,0,14,0,0,0,0,0,0,0,0,0,0,0,0,0,0,0,0,0,0,0,0,0,0,0,0,0,1,0,0,0,0,0,0,0,0,0,0,0,0,0,0,0,0,0,0,0,0,0,17.0
3/15/20,0,0,0,0,0,0,0,0,0,0,0,0,0,1,0,0,0,0,0,0,0,0,0,0,1,0,0,0,0,0,0,0,0,0,0,0,0,0,0,0,0,0,1,0,0,0,0,0,0,0,0,14,0,0,0,0,0,0,0,0,0,0,0,0,0,0,0,0,0,0,0,0,0,0,0,0,0,1,0,0,0,0,0,0,0,0,0,0,0,0,0,0,0,0,0,0,0,0,0,18.0
3/16/20,0,0,2,0,0,0,0,0,0,0,0,0,0,1,0,0,0,0,0,0,0,0,0,0,2,0,0,0,0,0,0,0,0,0,0,0,0,0,0,0,0,0,1,0,0,0,0,0,0,0,0,15,0,0,0,0,0,0,0,0,0,0,0,0,0,0,0,0,0,0,0,0,0,0,0,0,1,1,0,0,0,0,0,0,0,0,0,0,0,0,0,0,0,0,0,0,0,0,0,23.0
3/17/20,0,0,2,0,0,0,0,0,0,0,0,0,0,1,0,0,0,0,0,0,0,0,0,0,2,0,0,0,0,0,0,0,0,0,0,0,0,0,0,0,0,0,1,0,0,0,0,0,0,0,0,15,0,0,0,0,0,0,0,0,0,0,0,0,0,0,0,0,0,0,0,0,0,0,0,0,1,1,0,0,0,0,0,0,0,0,0,0,0,0,0,0,0,0,0,0,0,0,0,23.0
3/18/20,1,0,2,0,0,0,1,0,0,0,0,0,0,1,0,0,0,0,0,0,0,0,0,0,5,0,0,0,0,0,0,0,0,0,0,0,0,0,0,0,0,0,1,0,0,0,0,0,0,0,0,21,0,0,0,0,0,0,0,0,0,0,0,0,0,0,0,0,0,0,0,0,0,0,0,0,3,1,0,0,0,0,0,0,0,0,0,0,0,0,0,1,0,0,0,1,0,0,0,38.0
3/19/20,1,0,2,0,0,0,1,0,0,0,0,0,0,1,0,0,0,0,0,0,0,0,0,0,5,0,0,0,0,0,1,0,0,0,0,0,0,0,0,0,0,0,1,0,0,0,0,0,0,0,0,22,0,0,0,0,0,0,0,0,0,0,0,0,0,0,0,0,0,1,0,0,0,0,0,0,6,1,0,0,0,0,0,0,0,0,0,0,0,0,0,1,0,0,0,1,0,0,0,44.0
3/20/20,1,0,3,0,0,0,1,0,0,0,0,0,0,1,0,0,0,0,0,0,0,0,0,0,5,0,0,0,0,0,1,0,0,0,0,0,0,0,0,0,0,0,1,0,0,0,0,0,0,0,0,22,0,0,0,0,0,0,0,0,0,0,0,0,0,0,0,0,0,1,0,0,0,0,0,0,6,1,0,0,0,0,0,0,0,0,0,0,0,0,0,1,0,0,0,1,0,0,0,45.0
3/21/20,1,0,5,0,0,0,3,0,0,0,0,0,0,1,0,0,0,0,0,0,0,0,0,0,5,0,0,0,0,0,2,0,1,0,0,0,0,0,0,0,0,0,1,1,0,0,0,0,0,0,0,27,0,0,0,0,3,0,0,0,0,0,0,0,0,0,0,0,0,2,0,0,0,0,0,0,10,2,0,0,0,1,0,0,1,0,0,0,0,0,0,2,0,0,0,1,0,0,0,69.0
3/22/20,1,0,5,0,0,0,3,0,0,0,0,0,0,1,0,0,2,0,0,0,0,0,0,0,6,0,0,0,0,0,4,0,1,0,0,0,0,0,0,0,0,0,3,1,0,0,0,0,0,0,0,32,0,0,1,0,4,0,0,0,0,0,0,0,0,0,0,0,0,2,0,0,0,0,0,0,10,2,1,0,0,1,0,1,1,3,0,0,0,0,0,3,0,0,0,1,1,0,0,90.0
3/23/20,1,0,6,0,0,0,3,0,0,0,0,0,0,1,0,0,2,0,0,0,0,0,0,0,6,0,0,0,0,0,6,0,1,0,0,0,0,0,0,0,2,0,3,1,0,0,0,0,0,0,0,35,0,0,1,0,6,0,0,0,0,0,0,0,0,0,0,0,0,3,0,0,0,0,0,0,12,2,1,0,0,1,0,1,1,3,0,0,0,1,0,3,0,0,0,1,2,0,0,105.0
3/24/20,1,0,6,0,0,0,4,0,0,1,0,0,0,1,0,1,2,0,0,0,0,0,0,0,7,0,0,0,0,0,6,0,1,0,0,0,0,0,0,0,2,0,3,1,0,0,0,0,0,1,0,37,0,0,1,0,6,0,0,0,0,0,0,0,0,0,0,0,0,5,0,0,0,0,0,0,15,2,2,0,0,1,0,1,2,4,0,0,0,1,1,4,0,0,0,1,2,0,0,122.0
3/25/20,1,0,7,0,0,2,4,0,0,1,0,0,0,1,0,1,2,0,0,0,0,0,0,0,7,0,0,0,1,0,6,0,1,0,0,0,0,0,0,0,3,0,3,1,0,0,0,0,0,1,0,43,0,0,1,0,7,0,0,0,0,0,0,0,0,0,0,0,0,6,0,0,0,0,0,0,20,2,4,0,0,3,0,1,2,4,0,0,0,1,1,6,0,0,0,1,2,0,0,146.0
3/26/20,1,0,7,1,0,2,5,0,0,1,0,0,0,1,0,4,2,0,0,0,0,1,0,0,7,0,0,0,1,0,6,0,1,0,0,0,0,0,0,0,3,0,3,1,0,0,0,0,0,2,0,49,0,0,1,0,12,0,0,0,0,1,0,0,0,0,1,0,0,6,0,0,1,0,0,0,24,3,4,0,0,7,0,2,2,4,0,0,0,1,1,8,0,0,0,1,2,0,0,179.0
3/27/20,1,0,7,1,0,3,7,0,0,1,0,1,0,1,0,5,3,0,0,0,0,1,1,0,9,0,0,0,1,1,8,0,1,0,0,0,0,0,0,0,3,1,7,2,0,0,0,1,0,2,0,58,0,0,1,0,22,0,0,0,0,2,0,1,0,0,2,0,1,7,0,0,2,0,0,0,28,3,4,0,0,7,0,2,2,5,0,0,0,1,1,11,0,1,0,2,3,0,1,235.0
3/28/20,1,0,7,1,0,4,6,1,0,2,0,1,0,1,0,6,4,0,0,0,0,1,1,0,15,0,0,0,1,1,12,0,2,0,0,0,0,0,0,0,3,1,8,2,0,0,0,1,0,3,0,61,0,1,1,0,36,0,0,0,0,2,0,5,0,0,2,0,1,10,0,0,2,0,0,0,40,3,5,0,0,10,1,2,2,8,1,0,0,1,1,11,0,1,0,2,3,0,1,298.0
3/29/20,1,0,7,1,0,4,6,1,0,2,0,1,0,1,0,7,6,0,0,0,0,1,1,0,17,0,0,0,1,1,16,0,2,0,0,0,0,0,0,0,3,1,8,3,0,0,0,2,0,4,0,65,0,1,1,0,42,0,0,0,0,2,0,6,0,0,2,0,1,10,0,0,2,0,0,0,50,3,5,0,0,10,1,2,2,9,1,0,0,1,1,13,0,1,0,3,4,0,1,336.0
3/30/20,1,0,7,1,1,7,6,1,0,2,0,1,0,1,0,8,7,0,0,0,0,1,2,1,21,0,0,0,1,1,21,0,2,0,0,0,0,0,1,0,3,1,8,3,0,0,0,3,1,5,0,70,1,1,1,0,71,0,0,0,0,2,0,6,0,0,5,0,1,13,0,0,2,0,0,0,61,3,5,0,0,16,3,2,2,10,1,0,1,1,1,18,0,1,0,3,4,0,1,424.0
3/31/20,1,0,7,1,1,7,7,1,0,2,0,1,0,1,0,9,7,0,0,0,0,1,5,1,25,0,0,0,1,1,21,0,2,0,0,0,0,0,1,0,3,1,9,3,0,0,0,4,1,6,0,73,4,2,1,0,90,0,0,0,0,2,0,8,0,0,5,0,1,16,0,0,2,0,0,0,76,4,5,0,0,18,3,3,2,11,1,0,1,1,3,24,0,1,0,3,4,0,1,495.0
4/1/20,1,0,7,1,1,7,7,1,0,2,0,1,0,1,0,9,8,0,0,0,1,2,6,1,27,0,0,0,2,1,22,0,2,0,0,0,0,0,1,0,3,1,10,5,0,0,0,5,1,7,0,76,4,1,1,0,94,0,0,0,1,2,0,8,0,2,5,0,1,18,0,0,2,0,0,0,81,5,6,0,0,21,3,4,4,14,1,0,2,1,4,34,0,1,0,3,4,0,1,547.0
4/2/20,1,0,15,1,1,7,8,2,1,3,0,1,0,1,0,11,10,0,0,0,2,2,9,1,31,0,0,1,1,1,22,0,2,0,0,0,0,0,1,0,3,1,10,5,0,0,0,5,1,7,1,80,5,1,1,0,103,0,0,0,1,3,0,9,0,2,5,0,1,19,2,0,2,0,0,0,87,5,7,0,0,25,3,4,4,17,1,0,3,1,6,36,0,1,0,4,7,0,1,614.0
4/3/20,1,0,16,1,1,7,8,2,1,3,0,1,0,1,0,11,10,0,0,0,2,3,15,4,33,0,0,0,1,1,23,0,3,0,0,0,0,0,1,0,3,1,10,6,0,0,0,5,2,8,2,83,5,1,1,0,118,1,0,1,1,3,0,10,0,2,6,0,1,22,3,0,2,0,1,0,100,6,6,0,0,31,5,5,5,22,1,0,5,1,8,43,0,1,0,4,8,0,1,699.0
4/4/20,1,0,16,1,1,7,10,2,2,3,0,1,0,1,0,11,10,0,0,0,2,3,15,4,33,0,0,0,1,1,24,0,3,0,0,0,0,1,1,0,3,1,10,6,1,0,0,6,3,8,3,96,5,2,1,1,139,1,0,2,1,3,0,10,1,2,6,0,1,27,3,0,3,0,3,0,109,8,6,0,0,38,5,7,5,29,1,0,6,1,9,47,0,1,0,4,8,0,1,787.0
4/5/20,1,0,17,1,1,9,12,3,2,5,0,1,0,1,0,12,10,0,0,1,2,4,16,4,35,0,0,0,1,1,24,0,3,0,0,0,0,1,1,1,3,1,10,8,1,0,0,6,3,8,3,106,6,2,1,1,161,6,0,2,1,3,1,10,1,2,6,0,1,33,3,0,2,0,4,0,122,7,6,0,0,41,6,7,5,30,1,0,6,1,10,49,0,1,0,4,8,0,1,869.0
4/6/20,1,0,18,1,1,10,12,3,2,5,0,1,0,1,0,13,12,0,1,1,2,4,17,5,35,0,0,0,1,1,25,0,3,0,1,0,0,1,1,1,3,1,10,9,1,0,0,6,4,8,3,118,6,2,1,1,176,7,0,2,1,3,1,12,1,2,6,0,1,41,3,0,3,0,4,0,125,8,6,0,0,52,6,7,5,35,1,0,6,2,11,52,0,1,1,4,8,0,1,946.0
4/7/20,1,0,17,1,1,11,15,3,2,5,0,1,0,1,0,13,12,0,1,1,2,5,17,5,35,0,0,1,3,1,28,0,3,0,1,0,0,1,1,2,3,1,10,13,1,0,0,6,4,8,3,134,6,2,1,1,186,20,0,2,1,4,2,14,1,2,6,0,1,51,3,0,3,0,4,0,127,9,6,0,0,66,6,7,6,42,1,0,6,2,12,57,0,1,1,4,9,0,1,1046.0
4/8/20,1,0,19,1,1,12,19,3,2,5,1,1,0,1,0,18,12,0,1,1,2,5,19,6,35,0,0,1,3,1,28,0,3,0,1,0,1,1,1,2,3,1,11,15,1,0,0,6,4,8,3,147,6,2,1,1,197,30,0,2,1,4,2,15,1,2,6,0,1,61,3,0,3,0,4,0,134,11,6,0,0,77,6,7,6,46,1,0,6,2,13,62,0,2,1,4,11,1,1,1145.0
4/9/20,1,0,19,1,1,15,21,4,2,6,1,1,0,1,0,19,13,0,2,1,2,5,21,6,36,0,0,1,3,1,31,0,3,0,1,0,1,1,1,2,3,1,11,15,1,0,0,7,4,9,3,171,8,2,1,1,215,41,0,2,1,4,2,18,1,2,6,0,1,70,3,0,3,0,4,0,140,11,6,0,0,88,6,7,7,63,1,0,6,2,13,65,0,2,1,5,12,1,1,1270.0
4/10/20,1,0,20,1,1,15,35,4,2,6,1,1,0,1,0,20,13,0,2,2,2,6,24,6,36,0,0,1,3,1,32,0,4,0,1,0,1,1,1,2,3,1,12,17,1,0,0,7,4,10,3,185,8,2,1,1,225,56,0,2,1,4,2,20,1,2,6,0,1,80,3,1,3,0,4,0,147,12,6,0,0,99,6,7,7,70,1,1,6,3,15,70,0,2,2,5,15,1,1,1388.0
4/11/20,1,0,21,1,1,16,41,4,3,6,2,1,0,1,0,20,13,0,2,2,2,7,28,6,37,0,0,2,3,1,32,0,4,0,1,0,1,1,1,2,3,1,12,19,1,0,0,7,4,10,4,194,8,2,1,1,235,70,0,2,2,4,3,28,1,2,6,0,1,91,3,1,3,0,4,0,163,12,6,0,0,111,6,7,7,77,1,1,6,4,15,79,0,2,2,5,18,1,1,1510.0
4/12/20,1,0,21,1,1,17,47,4,3,7,2,1,0,1,0,20,13,0,2,2,2,7,29,6,37,0,0,2,4,1,35,0,4,0,1,0,1,1,1,2,3,1,12,19,1,0,0,7,4,11,4,203,8,2,1,1,243,76,0,3,2,4,3,31,1,2,6,0,1,96,3,2,3,0,4,0,177,12,6,0,0,115,6,7,7,86,1,1,6,4,16,81,0,2,2,5,18,1,1,1587.0
4/13/20,1,0,23,1,1,20,62,4,4,8,2,1,0,1,1,21,13,0,2,2,2,7,33,6,36,0,0,2,5,1,35,0,5,0,1,0,1,1,1,2,3,2,12,20,1,0,0,7,4,12,4,210,10,2,1,2,258,79,0,4,2,5,3,37,2,2,6,0,1,102,3,2,3,0,4,0,195,12,6,0,0,118,6,7,8,101,1,1,8,6,14,89,0,2,2,5,19,1,1,1710.0
4/14/20,1,0,24,1,1,20,78,4,9,8,2,1,0,1,1,21,14,0,2,2,2,7,36,6,37,0,0,2,7,1,35,0,5,0,1,0,1,1,1,2,3,2,12,22,1,0,0,7,4,15,4,216,11,2,1,2,265,149,0,4,3,5,3,42,2,2,6,0,1,122,3,2,3,0,4,0,213,14,6,0,0,124,6,7,11,108,1,1,8,7,15,95,0,2,2,5,20,1,1,1899.0
4/15/20,1,0,24,1,1,19,85,4,9,8,2,1,0,1,1,22,14,0,2,2,2,7,38,6,38,0,0,2,7,1,37,0,5,0,1,0,1,1,3,2,3,1,12,22,1,0,0,7,4,17,4,226,11,2,1,2,276,166,0,4,3,7,3,44,2,2,6,0,1,133,3,2,3,0,4,0,224,14,6,0,0,129,7,7,11,111,1,1,8,7,16,101,0,2,2,5,21,1,1,1995.0
4/16/20,1,0,26,2,1,20,109,4,10,8,2,1,0,1,1,23,14,0,2,2,2,7,39,6,42,0,0,2,7,1,39,0,5,0,1,0,1,1,3,2,3,1,12,22,2,0,0,8,4,23,4,234,12,2,1,3,280,166,0,5,3,7,3,49,2,2,6,0,1,148,3,2,3,0,5,0,256,15,7,0,0,146,7,7,16,114,1,1,8,6,17,106,0,2,2,5,22,1,1,2141.0
4/17/20,1,0,27,2,1,21,138,4,23,8,2,1,0,1,1,23,14,0,2,2,2,7,39,6,44,0,0,2,8,1,40,0,6,0,1,0,1,2,3,2,3,1,12,26,2,0,0,8,4,28,4,246,13,2,1,3,304,169,0,5,3,7,3,75,2,2,6,0,1,163,3,2,3,0,6,0,277,18,7,0,0,155,9,7,17,121,1,1,8,6,17,109,0,2,2,5,25,1,1,2331.0
4/18/20,1,0,34,2,1,21,166,4,26,8,2,1,0,1,1,25,14,0,2,3,2,7,40,6,45,0,0,2,8,1,43,0,6,0,1,0,1,2,4,2,3,2,12,27,4,0,0,10,4,33,4,265,14,4,1,3,332,177,0,5,3,7,4,83,2,2,6,0,1,176,3,3,3,0,8,0,293,18,8,0,0,159,9,7,17,123,1,1,8,7,18,113,0,3,2,5,35,1,1,2512.0
4/19/20,1,0,36,2,1,23,192,6,26,8,2,1,0,1,1,26,14,0,3,2,3,7,41,6,45,0,0,2,11,1,44,0,6,0,1,0,1,4,4,2,3,2,13,27,4,0,0,12,4,36,4,285,14,3,1,3,395,212,0,5,3,8,4,155,2,2,6,0,1,207,3,3,4,0,8,0,333,18,10,0,0,159,9,7,18,187,1,1,8,6,18,118,0,3,2,6,37,1,1,2895.0
4/20/20,1,0,40,2,1,23,259,6,28,11,2,1,0,1,1,26,14,0,3,2,3,7,42,6,52,0,0,2,13,1,46,0,6,0,1,0,1,5,4,2,3,3,14,27,4,0,0,13,5,42,6,303,15,3,1,3,409,215,0,5,3,8,5,173,2,2,7,0,1,218,3,3,4,0,8,0,387,18,13,0,0,171,9,7,20,197,1,1,8,6,20,121,0,4,2,6,44,1,1,3157.0
4/21/20,1,0,44,2,1,24,366,6,32,11,2,2,0,1,1,26,14,1,3,2,3,8,44,6,55,0,0,3,13,2,48,0,7,0,1,0,1,6,4,2,3,4,14,29,4,1,0,13,5,53,7,372,16,3,1,3,460,242,0,5,4,8,5,224,2,2,7,0,1,230,3,4,4,0,9,0,415,18,14,0,0,179,9,7,19,223,1,1,8,6,20,124,0,3,2,7,81,1,2,3620.0
4/22/20,1,0,45,2,1,24,379,6,33,11,2,2,0,1,1,27,14,1,3,2,3,8,44,6,59,0,0,3,13,3,49,0,7,0,1,0,1,6,4,2,3,4,15,30,4,2,0,13,5,53,7,388,17,3,1,3,466,248,0,5,4,8,5,239,2,2,7,0,1,240,3,4,4,0,9,0,437,18,14,0,0,182,9,7,20,225,1,1,8,6,18,124,0,2,2,8,100,1,2,3744.0
4/23/20,1,0,46,2,1,24,420,6,34,11,3,2,0,1,1,27,14,1,3,2,3,8,44,6,67,0,0,3,13,3,52,0,7,0,1,0,1,6,5,3,3,4,15,30,4,2,0,13,5,55,7,391,18,3,1,3,479,251,0,5,3,8,5,239,2,2,7,0,1,252,3,6,5,0,9,0,486,18,20,0,0,188,9,7,22,225,1,1,8,6,18,124,0,2,2,9,120,1,2,3921.0
4/24/20,1,0,50,2,1,25,530,6,35,13,3,2,0,1,1,28,14,2,3,2,3,9,47,8,99,0,0,3,14,4,62,0,10,0,1,0,1,7,5,7,3,4,15,31,4,4,0,14,5,73,6,410,18,3,1,4,509,259,0,5,3,8,6,271,2,2,7,0,1,270,5,6,5,0,8,0,575,20,39,0,0,196,9,7,22,236,1,1,8,7,19,131,0,4,2,11,189,1,2,4441.0
4/25/20,1,0,56,2,1,26,691,6,38,12,3,4,0,1,1,28,14,2,4,2,3,11,47,10,130,0,0,4,16,5,70,0,12,0,2,0,1,8,6,7,3,5,15,31,4,4,0,16,5,78,6,418,18,4,1,4,548,261,0,6,3,8,6,345,2,2,7,0,1,295,4,7,5,0,11,0,660,20,50,0,0,206,9,7,22,261,1,1,8,7,19,132,0,4,2,12,316,1,2,5087.0
4/26/20,1,0,68,2,1,27,714,7,41,12,4,4,0,1,1,28,14,2,4,2,3,12,47,14,169,0,0,4,16,5,80,1,15,0,2,0,1,8,6,7,3,6,15,31,6,4,0,17,5,83,6,426,18,2,1,5,573,266,0,7,3,9,7,380,2,2,7,0,1,305,5,7,5,0,11,0,732,25,50,0,0,208,9,7,23,263,1,1,8,9,19,132,0,4,2,24,409,1,2,5470.0
4/27/20,1,0,72,2,1,27,844,7,45,12,4,8,0,1,1,28,14,2,4,2,3,13,48,14,179,0,0,4,17,5,87,0,16,0,2,0,2,9,6,7,3,7,15,32,6,4,0,18,5,91,6,437,19,2,1,5,613,267,0,9,3,9,7,408,3,2,7,0,1,311,6,8,5,0,10,1,756,27,50,0,0,216,9,7,25,259,1,1,8,10,20,136,0,4,2,24,495,1,2,5861.0
4/28/20,1,0,86,2,1,30,941,8,48,14,4,8,0,1,1,29,14,2,4,2,3,12,48,19,198,0,0,4,17,6,88,0,17,0,2,0,2,11,6,7,3,7,15,32,7,4,0,19,5,109,6,448,19,2,1,7,632,269,0,11,4,9,8,434,2,2,7,0,1,319,7,8,5,0,12,1,813,28,50,0,0,218,9,8,26,263,1,1,8,10,20,138,0,4,2,15,695,1,2,6363.0
4/29/20,1,0,88,2,1,30,1082,10,50,16,4,8,0,1,1,29,14,2,5,2,3,12,48,21,258,1,0,4,17,6,97,0,20,0,2,0,2,11,10,7,3,7,16,32,10,4,0,19,5,130,6,453,20,2,1,8,652,269,0,11,5,9,8,459,2,2,7,0,1,329,7,8,5,0,12,1,905,30,55,0,0,222,9,8,27,264,1,1,8,10,21,139,0,5,2,15,728,1,4,6823.0
4/30/20,1,0,89,2,1,31,1140,12,51,17,4,9,0,2,1,29,14,2,5,2,4,14,48,21,318,1,0,8,16,6,102,0,20,0,2,0,5,11,12,7,3,8,16,32,10,4,0,19,5,130,6,461,21,2,2,8,669,269,0,13,5,10,8,467,2,2,7,0,1,336,8,9,6,0,12,1,985,33,56,0,0,226,9,9,27,266,1,1,8,10,22,141,0,5,2,15,742,1,3,7121.0
5/1/20,1,0,90,3,2,31,1195,16,51,18,6,9,1,2,1,30,14,2,5,2,4,17,49,24,408,1,1,8,16,6,109,0,21,1,3,0,7,11,13,7,3,9,16,32,10,4,0,20,5,155,6,475,22,3,2,9,673,274,0,13,8,14,10,500,2,3,9,0,1,346,9,10,7,0,14,3,1176,37,57,0,1,230,9,11,31,270,1,1,8,17,25,144,1,5,2,17,922,1,3,7821.0
5/2/20,1,0,93,3,2,32,1255,23,52,19,6,9,1,3,1,31,14,3,5,2,4,18,50,31,515,1,1,10,16,6,125,0,22,1,3,0,10,15,19,7,3,9,16,32,10,4,0,20,5,175,6,487,24,3,2,12,705,277,0,13,8,16,12,545,3,3,10,0,1,360,10,10,8,0,17,3,1350,41,61,0,1,236,9,11,32,278,1,1,8,27,25,145,1,6,2,17,1074,1,3,8548.0
5/3/20,1,0,98,3,5,33,1306,23,53,20,8,9,1,5,1,31,14,4,5,3,5,15,50,51,537,1,1,10,18,6,136,0,22,1,3,0,11,15,22,7,3,9,16,33,10,4,0,21,6,193,6,498,24,3,2,13,731,277,0,14,9,16,12,603,3,3,10,1,1,372,11,13,8,0,23,3,1476,44,68,0,1,241,12,17,33,286,1,1,8,61,26,148,1,6,2,18,1112,1,3,9051.0
5/4/20,1,0,99,4,5,34,1361,28,55,20,11,9,1,5,1,33,14,4,5,3,6,17,50,78,578,2,0,5,19,6,152,0,23,1,3,0,11,16,29,7,3,9,16,34,12,4,0,22,5,210,6,505,24,3,2,14,757,277,0,15,9,17,12,630,3,3,10,1,1,387,11,13,9,0,27,3,1661,49,73,0,1,245,12,23,38,292,1,1,8,94,27,149,1,6,3,18,1152,1,3,9608.0
5/5/20,2,0,98,4,8,34,1378,28,55,22,15,10,1,5,1,35,14,4,6,3,7,18,51,96,613,4,0,8,21,6,156,0,23,1,5,0,11,17,31,7,3,9,17,37,12,4,0,22,5,219,6,518,25,3,2,16,767,279,0,15,9,18,12,647,3,3,10,1,1,415,11,13,9,0,33,3,1778,61,73,0,1,255,14,24,39,297,1,1,8,108,28,149,1,6,3,18,1296,1,4,10111.0
5/6/20,3,0,98,4,8,34,1396,29,55,22,16,10,1,5,1,38,14,4,6,3,7,18,51,103,626,5,0,8,24,6,162,0,24,2,6,0,11,17,31,7,3,9,17,40,12,4,0,24,5,220,6,530,25,3,2,16,770,279,0,15,10,19,12,655,5,3,11,1,1,435,11,13,9,0,34,3,1875,63,73,0,2,260,13,25,40,303,1,1,8,125,34,152,1,8,3,18,1323,1,5,10391.0
5/7/20,3,0,99,6,8,35,1450,33,56,22,18,11,1,5,1,39,14,4,6,4,8,19,53,124,644,7,0,8,29,6,175,0,24,2,7,0,13,16,32,9,3,11,17,42,13,6,0,26,7,229,6,543,30,6,2,17,805,280,0,15,10,20,12,686,5,3,11,2,2,441,13,17,9,0,44,3,2053,71,78,0,2,274,13,31,52,321,1,1,8,165,35,154,1,8,3,18,1429,1,5,11051.0
5/8/20,3,0,101,6,9,34,1463,33,57,23,32,12,1,6,1,39,14,4,6,5,9,21,53,149,654,8,0,7,31,6,181,0,24,2,7,1,13,17,32,9,3,12,17,42,12,6,0,27,7,235,6,546,31,7,2,18,813,281,0,16,10,20,13,701,7,3,11,2,3,446,13,18,10,1,48,3,2150,76,78,0,2,276,16,37,54,322,1,1,8,192,39,155,1,9,3,18,1532,1,6,11440.0
5/9/20,3,0,101,6,9,34,1477,34,58,23,30,12,1,6,1,40,15,4,6,5,9,22,55,175,660,9,0,7,37,6,188,0,24,3,6,1,13,15,33,9,3,12,17,43,12,6,0,27,7,238,6,549,31,7,2,18,819,282,0,16,11,20,13,702,8,3,12,4,4,471,15,19,9,1,51,3,2194,82,79,0,2,279,18,42,55,327,1,1,8,212,42,156,1,9,3,18,1554,1,6,11668.0
5/10/20,3,0,111,6,10,35,1493,34,58,23,31,12,1,6,1,42,14,4,6,6,9,23,56,176,676,9,0,9,39,6,191,0,24,4,6,1,13,15,33,10,3,12,17,43,12,7,0,24,7,238,6,551,31,7,2,18,827,282,0,16,11,20,13,721,8,3,12,4,4,488,15,19,10,1,59,3,2238,85,79,0,2,280,19,84,58,329,1,1,8,218,42,159,1,9,3,18,1627,2,6,11959.0
5/11/20,3,0,112,6,10,35,1512,36,58,23,39,12,1,6,1,43,14,6,7,8,9,23,58,191,701,11,0,9,40,6,197,0,24,5,6,1,13,15,35,11,3,12,17,43,12,7,0,27,7,238,7,555,34,9,2,18,841,285,0,16,11,20,14,734,8,3,12,8,4,495,16,20,10,1,62,3,2368,86,81,0,3,286,19,93,61,336,1,2,8,259,44,162,1,10,5,18,1676,2,6,12368.0
5/12/20,3,0,113,7,10,35,1521,36,60,23,41,12,1,6,1,44,14,6,7,8,9,28,58,197,712,11,0,10,43,6,203,0,24,6,7,3,13,16,35,11,3,12,17,43,12,7,1,26,7,239,8,559,34,9,2,18,849,287,0,16,12,21,16,738,9,3,13,7,5,502,18,23,10,1,67,3,2447,91,81,0,2,286,21,100,64,341,1,2,8,283,49,163,1,10,5,18,1988,2,6,12906.0
5/13/20,4,0,113,7,10,35,1528,41,62,24,45,12,1,7,1,44,14,6,7,9,9,28,58,207,741,12,0,10,44,6,235,1,24,9,7,3,13,16,36,11,3,12,17,43,12,7,2,26,7,239,9,558,34,9,2,18,858,289,0,16,13,21,17,748,9,3,13,18,5,513,19,23,10,1,71,3,2551,105,83,0,3,291,20,103,65,345,1,2,8,306,52,163,1,12,5,18,2054,2,6,13284.0
5/14/20,4,0,115,7,11,36,1533,41,62,24,74,13,1,8,1,43,15,6,7,11,9,28,60,300,755,13,0,11,46,6,238,1,24,9,7,3,14,18,36,11,3,11,17,43,12,7,2,28,7,240,9,562,35,9,2,18,871,291,0,16,13,21,17,759,9,3,14,18,5,515,21,25,10,1,74,3,2634,138,83,0,4,293,20,111,66,348,1,1,8,328,53,163,1,13,6,18,2078,2,6,13667.0
5/15/20,4,0,116,7,11,37,1548,41,63,26,83,13,1,8,1,42,15,8,7,11,10,28,60,336,757,13,0,11,39,6,249,1,25,10,7,3,13,17,37,11,3,11,17,44,12,7,4,27,8,241,10,565,36,9,2,18,882,304,0,16,14,22,19,771,9,4,15,18,5,519,20,25,10,1,78,3,2767,151,83,0,4,297,20,126,73,350,1,1,8,350,63,163,1,13,6,18,2111,2,7,14039.0
5/16/20,4,0,116,7,11,36,1571,41,64,26,82,13,1,8,1,42,17,9,7,14,10,28,60,348,773,13,0,12,37,6,258,1,25,11,7,3,13,17,37,11,3,12,17,44,12,7,3,28,8,242,12,567,36,10,2,18,892,306,0,16,16,23,20,778,10,4,15,19,6,524,22,26,10,2,82,3,2845,150,85,0,4,301,20,131,75,354,1,2,8,360,66,170,1,13,6,18,2157,3,8,14313.0
5/17/20,5,1,114,8,11,36,1587,42,64,26,102,14,1,8,2,42,18,9,7,17,9,28,61,380,776,13,0,12,37,6,264,1,25,11,7,3,13,17,37,11,5,12,17,47,12,7,3,29,8,247,12,569,36,11,3,18,896,307,1,19,16,24,21,794,10,4,15,19,6,532,22,26,10,2,83,3,2922,161,86,0,4,307,21,135,75,356,2,2,8,379,72,172,1,13,6,18,2215,3,14,14643.0
5/18/20,6,1,114,8,11,36,1603,42,64,26,113,14,1,8,2,42,18,9,7,18,9,30,61,384,788,13,0,12,39,6,276,1,25,11,7,3,13,17,38,11,5,12,18,46,12,7,7,29,8,249,12,574,36,11,5,19,899,310,1,19,16,29,22,804,12,4,15,22,5,532,22,27,10,2,86,3,3001,170,86,0,5,309,23,139,79,358,2,2,8,396,77,172,1,13,7,20,2278,3,20,14946.0
5/19/20,6,1,115,8,11,36,1628,46,65,26,117,14,2,7,2,43,17,9,7,23,9,30,61,394,795,13,0,12,39,7,286,2,25,11,7,4,13,17,40,11,5,12,18,47,12,7,8,30,8,250,12,574,36,12,4,20,899,315,2,19,16,37,22,817,12,4,16,22,5,531,21,28,10,2,89,3,3128,174,87,1,6,309,24,146,81,362,3,2,8,405,87,173,1,13,7,21,2342,3,24,15291.0
5/20/20,6,2,116,8,11,36,1636,49,65,29,124,14,2,7,3,41,20,10,8,23,9,30,61,410,802,13,0,13,43,8,296,6,25,11,7,4,13,17,40,12,7,13,18,49,12,7,8,31,8,250,13,579,36,13,7,20,902,322,3,19,20,45,24,827,13,4,18,22,5,535,21,29,10,2,89,3,3230,175,88,1,7,313,24,159,82,368,4,4,8,417,87,173,1,19,8,20,2362,3,45,15612.0
5/21/20,6,3,118,8,11,37,1654,50,65,29,134,14,2,7,6,44,19,8,8,25,9,30,61,435,816,15,0,13,51,8,300,6,25,15,6,4,13,19,42,15,10,13,18,50,12,9,8,32,8,249,14,585,36,13,7,20,910,326,3,19,21,47,27,842,13,5,19,27,5,540,24,30,10,3,98,3,3381,190,88,1,8,323,27,181,86,378,5,4,8,450,90,174,1,20,9,21,2448,3,73,16156.0
5/22/20,6,4,118,8,11,37,1662,52,65,31,140,15,2,8,6,44,20,10,8,29,9,30,61,445,821,17,0,14,52,8,307,7,26,15,7,4,13,20,42,15,11,13,18,56,12,10,8,35,9,250,14,591,36,13,7,20,916,327,4,19,21,48,28,852,14,4,19,29,5,540,24,30,10,3,101,3,3518,196,87,2,8,329,28,188,88,383,6,5,8,462,97,178,1,25,10,21,2469,3,85,16486.0
5/23/20,7,4,118,9,11,37,1669,53,67,30,227,15,2,8,10,44,21,14,8,30,10,30,61,460,836,18,1,14,56,8,317,7,26,17,7,4,13,19,42,19,12,13,18,57,12,11,9,32,11,254,14,593,36,13,7,20,922,334,4,19,22,51,29,859,14,4,21,32,5,541,24,30,10,3,103,4,3603,205,88,2,13,329,31,194,90,390,10,5,8,477,100,179,1,27,10,21,2520,3,98,16896.0
5/24/20,8,5,118,12,11,37,1676,54,67,31,231,15,2,9,11,45,22,15,8,32,10,30,60,477,849,20,0,14,53,8,319,7,26,18,8,4,13,19,43,26,12,13,19,61,12,13,10,32,11,256,15,598,36,13,7,22,927,334,6,19,24,52,29,866,14,4,23,33,6,543,24,32,10,3,108,4,3714,210,88,4,13,331,31,199,94,390,37,6,8,500,106,179,1,27,10,21,2555,3,117,17248.0
5/25/20,8,5,118,12,11,37,1682,55,67,32,243,15,2,9,11,46,22,16,8,35,10,30,60,486,857,20,0,15,55,9,323,7,26,18,8,4,13,19,43,26,12,13,19,61,12,13,13,33,12,256,18,602,36,14,7,22,935,334,6,19,24,85,29,870,16,4,24,33,6,545,24,32,10,3,116,4,3774,212,88,4,13,337,31,207,95,394,39,7,10,514,111,180,1,27,10,23,2624,3,122,17551.0
5/26/20,7,5,118,13,12,39,1692,55,67,31,252,15,2,9,11,46,22,18,8,35,10,31,60,487,864,20,0,15,59,9,323,7,26,18,8,4,13,19,43,25,14,13,19,67,12,13,13,33,12,257,18,605,36,14,8,21,936,336,6,19,25,85,30,875,16,4,24,35,6,545,27,32,10,3,118,4,3821,220,88,4,13,341,31,204,95,398,40,6,9,517,112,184,1,28,10,23,2640,3,124,17701.0
5/27/20,7,7,119,13,12,39,1713,56,67,31,682,15,2,9,11,46,22,23,8,40,13,31,60,488,873,20,1,15,58,13,330,8,26,18,9,4,13,19,44,28,14,15,19,67,12,14,14,36,13,257,19,605,36,14,8,23,938,336,7,19,26,88,30,878,16,5,24,35,6,547,27,31,10,3,119,9,3876,227,88,4,17,346,35,210,96,400,48,6,9,538,114,185,1,29,11,23,2658,3,124,18361.0
5/28/20,8,7,120,14,12,39,1724,57,67,32,702,15,2,9,11,46,25,24,8,45,13,32,60,489,875,20,1,15,59,16,334,12,26,18,10,4,13,19,46,29,16,16,19,67,12,15,14,35,11,258,19,607,36,14,9,24,941,342,12,19,27,91,31,882,16,5,24,38,6,549,27,32,11,3,119,10,3930,234,89,4,17,352,34,213,99,400,49,7,9,545,116,185,1,32,11,23,2672,3,145,18585.0
5/29/20,9,7,120,14,12,40,1730,58,69,32,721,15,2,9,12,46,27,27,10,50,13,33,60,501,886,20,1,15,62,19,341,13,26,19,12,4,13,20,50,30,16,16,21,70,12,16,14,34,12,260,21,610,36,14,9,25,945,341,13,20,27,92,32,891,16,5,24,38,6,554,28,32,11,6,127,11,4056,244,89,4,18,357,35,214,105,401,51,7,9,556,121,187,1,37,11,23,2721,3,153,18956.0
5/30/20,9,7,120,15,12,41,1739,61,69,33,735,15,2,9,12,46,28,28,10,53,15,34,61,514,892,21,1,15,62,20,345,14,27,19,13,4,13,20,50,35,16,16,22,71,12,17,14,33,12,261,23,614,36,15,9,25,949,343,17,21,28,93,32,892,19,4,24,38,7,556,27,33,13,6,129,11,4160,257,90,4,18,358,37,219,109,402,54,7,9,558,126,188,1,39,11,24,2740,3,167,19238.0
5/31/20,9,7,121,15,12,43,1746,62,70,33,783,16,2,10,12,47,29,28,10,55,16,35,61,516,904,22,1,15,63,21,344,15,27,19,13,4,13,20,50,37,16,17,23,71,12,18,14,33,12,260,27,614,36,15,9,27,955,344,17,24,28,94,32,894,19,4,24,38,7,557,31,33,13,6,132,12,4227,263,90,4,19,359,37,275,115,403,56,8,9,593,132,189,1,40,11,24,2750,3,169,19551.0
6/1/20,9,7,120,14,12,43,1747,65,69,33,810,17,2,11,12,48,29,31,10,56,17,34,64,528,916,23,1,17,65,21,346,16,27,19,14,4,13,20,51,43,16,17,23,71,12,18,14,33,12,260,30,614,36,14,10,27,953,345,17,24,29,95,32,896,19,4,25,38,8,557,30,34,14,7,133,13,4236,269,90,4,20,361,37,283,116,403,56,9,9,597,135,189,1,42,11,24,2761,3,178,19698.0
6/2/20,9,7,120,14,13,43,1759,67,69,33,852,17,3,12,12,49,29,32,12,62,18,34,64,530,924,25,1,17,66,25,350,18,27,19,13,4,13,20,53,44,16,17,25,72,12,19,14,34,12,261,34,616,37,14,13,27,958,346,19,24,30,97,34,898,19,4,25,38,8,558,33,34,14,7,135,13,4342,273,90,4,21,365,37,287,119,405,58,10,9,610,144,190,1,43,11,24,2786,3,188,20016.0
6/3/20,9,7,120,14,13,44,1759,67,69,33,918,17,4,13,12,49,30,36,12,64,21,34,65,542,929,27,1,19,66,27,351,19,27,19,15,4,13,20,53,45,16,19,26,72,12,18,14,33,13,263,33,616,37,14,13,28,967,346,19,25,29,97,34,901,20,4,25,38,8,563,36,34,14,7,139,14,4406,296,91,4,25,368,37,290,118,408,59,9,9,607,153,192,1,44,11,24,2817,3,194,20300.0
6/4/20,9,7,120,17,13,43,1775,70,70,33,997,16,6,13,12,49,33,37,13,66,25,34,65,547,940,28,1,19,67,33,355,24,28,19,17,4,15,20,54,61,16,21,26,72,12,19,15,33,13,269,35,618,37,14,14,29,971,349,22,24,29,99,35,912,20,4,25,41,9,565,39,34,14,7,146,15,4541,311,92,4,28,380,37,298,126,410,64,9,9,628,166,195,1,62,11,24,2837,3,212,20806.0
6/5/20,9,7,120,17,13,43,1788,72,71,34,1067,16,10,15,13,50,33,41,13,69,27,34,65,551,952,28,1,19,68,35,359,27,27,19,20,4,15,20,55,76,18,24,26,73,12,20,15,34,14,269,36,619,37,14,16,29,978,350,22,24,29,99,35,914,20,4,26,41,9,567,40,36,14,7,152,20,4614,319,92,4,28,385,37,306,131,411,66,10,9,636,167,196,1,74,11,24,2861,3,221,21152.0
6/6/20,9,7,120,17,13,43,1789,72,71,34,1112,16,11,16,13,50,34,46,13,71,29,34,65,567,957,28,2,19,68,41,362,28,27,19,25,4,15,19,55,81,18,30,26,74,12,20,15,33,14,269,36,624,37,15,16,30,981,350,22,25,29,99,35,919,20,4,27,43,9,568,46,37,16,7,155,20,4679,341,92,4,30,384,38,311,143,413,66,10,9,641,173,199,2,78,11,24,2900,3,235,21469.0
6/7/20,9,7,120,17,13,44,1794,77,72,34,1142,16,14,17,13,50,34,46,13,75,34,34,65,573,959,28,2,19,70,51,364,31,28,19,30,4,14,19,55,83,22,32,26,74,12,20,15,33,14,274,36,626,37,15,16,31,985,350,22,26,29,100,35,924,20,4,27,43,9,566,50,38,16,7,163,20,4741,343,93,4,30,387,38,319,149,415,67,11,10,643,174,200,2,81,11,24,2915,3,242,21708.0
6/8/20,9,7,120,16,13,45,1801,78,74,34,1212,16,13,17,13,53,32,45,15,75,34,34,67,575,961,29,3,20,68,60,367,32,28,19,32,4,14,20,55,82,22,33,27,73,12,23,15,33,14,273,38,625,37,15,16,31,994,350,22,26,29,102,36,928,21,4,27,44,9,566,54,41,16,8,169,21,4820,372,94,4,31,393,39,321,155,417,68,11,10,654,173,200,2,82,12,24,2927,4,244,22003.0
6/9/20,9,7,120,16,13,46,1802,78,74,34,1257,16,14,17,13,52,32,48,15,78,36,34,67,582,969,29,3,20,68,63,373,34,28,19,35,4,14,20,55,96,22,32,27,73,12,24,15,33,14,274,40,630,38,15,16,34,1001,351,22,26,29,103,37,931,21,5,27,45,9,568,55,41,16,9,172,21,4863,385,94,6,34,393,40,323,157,417,68,11,10,657,176,202,3,87,12,24,2945,3,245,22233.0
6/10/20,10,7,121,16,13,46,1813,79,74,34,1343,18,16,17,13,52,36,51,15,83,38,34,67,587,973,30,3,25,68,84,371,34,28,19,38,4,15,23,55,104,24,36,28,74,12,26,15,35,14,276,43,633,38,15,16,36,1005,354,22,26,30,104,38,931,21,6,29,45,9,568,60,41,16,9,173,29,4906,438,94,7,34,397,42,332,169,419,69,10,11,661,182,206,3,88,12,25,2957,3,263,22622.0
6/11/20,10,7,121,16,13,46,1817,81,74,34,1415,19,17,20,14,52,39,54,15,85,50,35,67,592,980,31,3,26,67,101,377,34,28,20,42,4,16,23,55,108,25,40,32,73,12,27,17,34,14,278,42,629,38,16,16,37,1007,355,22,26,30,107,39,937,22,6,29,46,9,569,61,49,16,12,186,29,4969,454,95,8,36,399,45,341,187,419,70,10,11,667,187,205,4,90,12,25,2965,4,267,22965.0
6/12/20,11,7,121,16,13,46,1824,93,74,34,1475,19,19,33,13,53,40,56,15,86,59,35,68,593,995,33,4,27,68,119,381,38,28,20,41,4,20,23,57,112,26,42,33,73,12,30,17,34,14,279,44,635,40,15,16,37,1012,355,23,29,31,107,40,940,22,6,31,47,9,571,64,49,16,13,190,30,5026,482,95,8,37,401,43,349,210,426,71,10,11,672,191,206,4,94,12,24,2987,4,278,23346.0
6/13/20,11,7,121,16,13,46,1826,95,74,35,1563,20,20,41,14,53,42,58,15,87,65,35,67,611,1016,33,4,27,67,130,384,37,28,20,44,4,21,23,58,118,27,42,39,73,12,32,17,34,14,279,44,637,41,15,17,38,1016,355,23,30,33,107,42,941,23,7,43,47,9,572,64,49,16,13,196,30,5090,500,95,8,37,405,47,354,233,427,73,10,11,673,192,208,4,96,12,24,2998,4,285,23712.0
6/14/20,11,7,121,16,14,46,1834,100,74,35,1588,22,23,47,14,54,42,59,15,88,73,35,68,618,1025,34,4,27,68,133,384,39,28,20,44,4,21,23,58,119,27,44,39,73,12,33,18,34,14,282,45,638,41,15,17,38,1018,355,24,31,34,108,43,941,24,7,43,47,9,574,65,49,16,13,200,30,5151,507,95,8,38,406,48,355,247,427,73,10,11,675,196,208,4,97,12,24,3004,4,285,23921.0
6/15/20,11,8,120,17,14,46,1836,101,74,35,1595,23,24,48,14,54,44,59,15,89,77,35,68,622,1029,34,7,27,66,151,387,39,28,20,49,4,21,23,59,123,32,45,40,74,12,34,18,34,14,282,47,643,41,15,19,40,1019,355,25,31,34,108,42,941,24,8,49,47,9,574,66,49,16,16,201,30,5175,510,95,8,38,407,49,359,255,429,74,10,11,675,197,208,5,99,13,24,3008,4,293,24076.0
6/16/20,11,8,121,17,14,46,1838,101,74,35,1600,23,24,49,14,54,48,59,15,89,83,35,68,622,1029,34,9,27,66,158,390,41,28,21,50,4,21,23,59,125,32,45,40,74,12,34,18,34,14,282,46,650,41,16,19,40,1021,355,25,31,34,108,41,942,24,8,49,47,9,574,66,49,17,16,203,30,5199,517,95,8,38,408,50,362,259,429,74,10,12,675,197,208,5,101,13,24,3015,5,291,24174.0
6/17/20,12,8,121,17,14,48,1843,101,75,35,1620,27,24,57,14,54,48,62,15,89,85,35,70,628,1038,34,8,29,66,168,393,45,28,22,51,4,23,24,60,130,30,46,40,75,12,34,19,35,14,286,46,668,41,16,20,40,1036,354,25,32,34,108,41,944,24,8,52,48,9,575,68,49,17,16,205,31,5244,532,95,9,40,413,56,362,301,429,74,11,11,678,200,209,5,103,13,24,3026,5,292,24455.0
6/18/20,12,7,121,18,14,50,1860,104,81,35,1624,31,25,63,16,54,54,63,16,96,93,35,70,631,1050,36,8,29,67,181,397,45,28,26,55,4,26,25,61,141,34,51,41,75,12,37,19,35,14,289,46,686,42,16,23,41,1048,354,25,32,34,108,41,953,26,8,55,48,9,577,69,49,18,18,212,32,5312,551,95,10,41,418,62,372,342,429,75,12,11,681,201,210,5,108,12,24,3038,6,310,24854.0
6/19/20,12,7,121,18,15,50,1870,107,81,36,1640,31,25,66,16,56,57,65,17,109,102,35,70,635,1062,36,9,32,67,190,411,46,28,30,61,5,27,26,61,148,35,52,41,75,13,39,19,35,15,290,46,711,43,16,21,41,1057,354,26,32,34,109,45,963,29,9,56,49,10,581,70,49,18,19,226,35,5367,578,95,10,43,425,69,408,378,429,75,12,11,681,205,210,5,110,13,24,3052,6,316,25265.0
6/20/20,12,7,121,18,15,51,1881,107,81,37,1647,32,25,67,16,56,57,65,19,111,103,35,73,635,1065,36,9,32,74,195,411,48,28,31,60,4,27,26,61,150,35,52,41,76,13,39,19,35,15,291,46,722,43,16,22,42,1072,354,26,32,34,109,45,968,29,8,57,49,10,581,70,49,18,21,229,38,5430,586,95,11,43,432,73,409,416,430,75,12,11,681,209,210,5,113,13,24,3054,6,319,25491.0
6/21/20,12,7,121,20,15,52,1892,117,82,37,1666,35,25,70,16,60,59,66,21,112,105,35,75,640,1073,36,9,33,76,200,415,57,29,33,60,4,28,26,62,158,37,53,42,78,14,40,20,39,19,296,47,756,46,16,24,45,1095,356,26,32,35,111,45,974,31,8,59,49,10,583,71,49,18,22,243,38,5498,620,96,11,47,445,78,419,469,431,76,12,12,688,210,212,5,120,15,24,3066,6,332,25958.0
6/22/20,12,7,121,20,15,52,1897,115,82,38,1668,35,25,69,16,61,60,66,20,111,105,35,75,640,1079,36,9,33,78,205,421,58,29,36,66,4,28,26,63,168,38,53,44,78,14,41,20,40,19,297,48,775,47,16,25,44,1099,355,26,36,34,112,46,974,31,9,59,49,10,585,73,49,18,22,249,39,5532,626,97,11,47,451,78,422,483,432,76,14,13,689,213,214,5,126,15,24,3069,8,335,26138.0
6/23/20,12,7,122,20,15,52,1913,115,85,40,1670,36,26,69,16,62,62,68,20,111,109,35,75,642,1084,36,9,34,78,212,454,63,30,46,66,4,28,26,63,170,38,54,44,79,14,42,21,40,19,304,49,811,47,17,27,43,1107,356,28,37,35,112,48,978,31,9,63,49,10,590,74,49,18,23,253,39,5582,626,97,12,48,460,85,423,521,432,76,14,16,689,214,214,6,133,17,24,3083,8,341,26464.0
6/24/20,12,7,122,20,15,52,1919,117,85,40,1673,36,27,70,16,64,62,69,20,111,110,35,75,643,1084,36,9,34,79,212,462,63,30,50,66,4,28,26,63,171,38,56,44,79,14,43,21,40,21,304,49,833,47,17,27,44,1112,356,28,37,35,112,50,988,31,9,64,49,10,590,74,49,18,23,254,41,5593,626,97,12,52,467,85,423,542,432,76,14,16,691,215,216,6,132,17,24,3087,8,341,26596.0
6/25/20,14,7,122,20,16,55,1961,128,86,41,1677,40,30,73,16,68,70,68,23,114,113,38,83,650,1115,36,9,36,81,232,483,66,30,54,68,6,28,27,64,178,41,58,47,79,17,46,21,41,21,305,50,911,51,19,29,44,1150,357,28,37,35,116,52,994,32,15,66,50,10,597,78,49,20,24,272,46,5736,655,101,12,50,515,95,435,598,433,77,17,17,692,221,217,7,141,18,24,3106,8,355,27364.0
6/26/20,14,8,122,20,18,55,1996,130,85,42,1686,41,35,73,16,70,80,69,24,114,115,36,85,658,1122,36,9,38,82,234,487,71,30,60,71,6,28,27,64,179,42,58,47,80,17,45,21,47,23,305,50,958,51,19,32,44,1160,358,29,38,35,117,55,1001,32,16,67,50,10,598,80,49,20,24,283,47,5769,659,102,12,56,548,98,440,618,435,77,17,18,693,223,219,7,142,20,24,3122,9,361,27713.0
6/27/20,14,8,122,20,17,55,2008,131,85,42,1689,41,39,76,17,70,85,69,24,120,116,38,87,658,1140,37,9,40,82,235,495,74,31,61,71,6,28,27,64,182,43,61,49,80,17,45,21,47,23,309,50,988,51,19,32,45,1169,358,29,38,35,117,58,1009,32,16,67,50,10,602,80,50,20,24,288,65,5851,668,103,12,58,576,102,445,651,437,77,24,18,694,228,220,8,143,20,24,3127,11,362,28069.0
6/28/20,15,8,123,20,17,56,2059,134,86,43,1692,42,41,79,17,71,93,71,24,123,119,39,88,661,1172,37,9,41,84,237,500,75,31,64,74,7,28,30,64,182,45,65,49,81,21,46,21,47,23,313,50,1033,51,19,32,47,1181,359,29,39,37,117,60,1009,32,21,69,50,10,606,80,51,20,29,291,70,5947,674,104,13,60,598,103,445,673,438,77,26,18,696,237,221,8,150,22,27,3140,12,366,28514.0
6/29/20,15,8,123,20,17,58,2079,135,87,44,1694,45,43,82,17,74,99,71,25,123,119,38,92,667,1173,37,9,40,84,239,501,75,32,65,74,7,28,33,64,183,46,66,49,81,21,48,21,47,23,315,52,1115,52,19,32,47,1194,359,30,39,37,115,63,1011,32,22,70,50,10,610,81,51,20,30,296,73,6000,683,104,14,62,621,103,449,677,438,78,25,19,699,243,225,8,160,23,28,3152,13,369,28839.0
6/30/20,15,8,124,20,17,58,2095,136,87,45,1695,45,44,82,17,75,99,72,25,125,121,39,95,666,1175,37,10,41,84,241,512,75,33,65,75,7,28,33,64,185,47,63,50,82,22,48,22,47,24,317,53,1145,54,19,32,48,1203,360,30,39,37,115,66,1012,34,23,70,50,10,615,83,51,20,31,300,75,6037,692,104,14,63,631,106,455,694,445,78,25,19,700,245,225,8,161,24,29,3165,14,370,29071.0
7/1/20,15,8,126,20,16,59,2130,136,88,46,1697,47,47,86,17,77,105,73,27,126,126,39,99,667,1194,38,10,45,85,249,539,75,33,66,78,7,28,34,64,185,47,63,51,82,27,51,22,50,25,318,53,1181,55,19,32,49,1215,360,30,40,37,115,66,1016,34,28,71,50,10,620,85,56,20,31,305,84,6120,701,104,15,63,664,106,457,722,451,79,25,19,701,249,229,8,168,26,32,3177,14,375,29510.0
7/2/20,15,8,126,20,16,62,2180,142,90,51,1705,52,48,91,21,80,138,75,27,127,127,39,104,675,1223,39,11,48,86,259,609,78,34,68,84,7,28,35,64,187,49,65,53,85,28,53,23,51,27,321,58,1231,56,20,33,50,1238,360,30,40,40,115,68,1035,36,34,74,50,10,624,86,58,20,36,313,93,6275,719,104,15,63,704,111,461,746,458,79,27,19,702,258,234,9,170,27,36,3201,15,377,30252.0
7/3/20,15,8,126,20,16,62,2196,145,91,50,1707,52,48,93,21,81,147,75,28,129,128,40,105,675,1235,39,11,48,86,260,621,80,37,70,84,7,29,35,64,187,49,67,53,86,29,53,23,51,27,321,59,1238,56,20,33,53,1242,360,30,41,42,115,68,1041,36,37,74,50,10,624,86,59,20,36,313,93,6332,719,104,15,63,719,114,460,751,460,79,27,19,705,264,234,10,171,27,37,3206,17,377,30456.0
7/4/20,15,8,128,20,16,65,2252,148,92,50,1711,53,49,96,22,82,156,75,28,131,133,43,107,677,1263,39,11,49,88,264,683,85,48,72,89,7,29,37,66,187,51,70,53,86,35,54,23,51,29,323,59,1264,56,20,34,53,1262,360,30,41,45,115,70,1043,36,37,76,50,10,629,86,59,20,41,316,94,6464,721,104,15,63,778,114,463,762,462,79,27,20,706,273,236,10,213,28,38,3215,19,380,31045.0
7/5/20,15,8,128,20,16,67,2287,148,94,52,1712,55,49,98,22,84,178,75,31,131,134,44,113,678,1281,40,11,51,90,267,699,87,50,75,90,7,29,38,66,188,54,75,53,86,34,54,24,51,32,324,63,1292,58,21,35,54,1277,361,31,44,47,116,70,1049,37,37,76,51,10,638,87,61,20,41,322,96,6578,726,105,15,64,798,113,472,775,465,79,28,21,708,286,240,10,219,28,38,3241,19,384,31501.0
7/6/20,16,8,131,21,16,69,2301,148,94,55,1714,57,53,99,23,84,182,75,29,132,134,44,112,677,1280,41,12,51,92,266,702,88,51,73,90,7,30,38,66,189,54,77,54,86,34,55,24,53,32,325,64,1314,61,21,35,54,1294,362,31,44,48,116,70,1049,37,39,77,51,10,643,88,62,21,41,322,97,6638,736,106,16,64,815,114,477,779,465,79,29,22,708,290,243,10,229,29,39,3252,20,386,31741.0
7/7/20,16,8,133,21,16,68,2323,150,95,60,1719,59,54,99,24,85,190,76,29,133,137,44,113,678,1291,41,12,51,91,266,742,87,50,73,95,8,29,40,68,189,55,81,54,86,34,55,23,53,34,325,62,1340,64,21,36,54,1304,363,31,45,48,117,71,1060,39,41,77,51,10,649,89,62,20,41,324,98,6739,745,107,15,64,845,117,481,806,468,80,34,21,708,291,245,10,248,29,39,3260,20,385,32137.0
7/8/20,17,8,135,21,16,69,2355,157,98,60,1724,60,55,104,24,85,201,79,29,134,142,46,115,679,1298,42,12,53,94,282,771,91,52,74,98,8,29,40,69,192,54,83,54,88,37,57,23,61,37,329,62,1363,65,20,37,54,1323,363,31,47,49,118,74,1063,43,41,77,51,10,675,91,64,20,42,327,101,6827,758,107,15,64,883,117,488,819,473,81,36,21,712,297,247,10,252,30,43,3264,20,388,32604.0
7/9/20,16,8,135,21,16,72,2397,160,102,61,1727,60,58,104,27,85,223,81,29,140,143,47,121,679,1330,42,12,54,95,285,834,92,54,74,99,8,29,42,72,193,57,88,56,90,37,59,23,62,48,332,62,1384,68,20,39,54,1341,363,32,48,51,118,75,1068,46,43,77,51,11,683,92,64,20,46,336,104,6990,780,108,15,65,926,118,493,825,478,81,37,21,712,300,248,10,284,31,43,3282,21,389,33232.0
7/10/20,17,8,138,21,16,74,2457,164,106,62,1733,64,61,110,27,94,266,82,29,143,148,48,130,679,1365,42,13,56,100,295,918,95,56,76,104,10,30,47,73,198,58,89,58,93,37,59,23,61,56,337,62,1405,69,23,41,54,1366,365,34,50,53,119,77,1080,47,44,78,51,11,685,92,66,20,48,345,106,7196,806,110,15,65,1002,120,497,851,482,81,38,21,714,311,249,11,345,33,45,3317,22,397,34145.0
7/11/20,17,8,138,21,18,75,2492,168,110,63,1737,68,63,113,28,95,284,83,29,143,149,50,132,680,1385,42,13,56,100,299,940,95,57,81,104,10,30,47,75,201,60,90,60,93,37,60,23,63,57,344,62,1426,71,23,41,54,1381,365,35,57,55,119,80,1092,47,44,78,52,12,687,94,68,21,51,346,107,7332,821,112,16,68,1031,120,501,857,483,81,38,21,714,319,251,11,365,34,46,3329,22,397,34623.0
7/12/20,17,8,138,22,18,75,2519,172,116,65,1738,70,65,117,30,96,317,85,31,144,150,50,138,681,1409,43,13,56,102,306,978,97,59,82,112,11,31,47,78,202,61,92,62,93,37,60,23,63,61,354,63,1479,72,23,42,54,1399,367,35,60,55,119,85,1100,53,46,78,52,15,693,97,69,22,53,352,109,7538,835,113,16,68,1084,119,505,872,487,81,43,21,715,333,256,11,428,44,50,3346,25,399,35375.0
7/13/20,17,8,138,24,18,78,2534,175,116,65,1738,70,65,117,30,96,329,85,31,145,151,50,139,681,1415,43,13,58,102,307,1000,97,59,82,113,11,31,47,81,204,62,92,62,93,37,60,23,63,67,357,63,1487,74,24,43,54,1410,367,35,61,56,119,84,1100,53,47,78,52,15,695,97,69,22,53,353,109,7611,841,112,16,68,1098,119,505,877,488,81,43,21,716,337,255,11,429,44,50,3349,27,399,35596.0
7/14/20,17,8,138,29,17,78,2544,174,116,66,1737,70,66,117,29,96,345,85,32,145,151,51,144,680,1428,43,13,57,103,309,1016,99,61,84,117,11,31,48,82,207,63,92,63,93,37,61,24,63,72,359,63,1493,74,23,43,54,1416,367,35,63,57,120,85,1105,52,48,78,54,15,697,97,70,22,53,354,109,7663,842,111,16,69,1122,121,515,880,490,81,42,21,715,337,254,11,439,46,52,3360,28,402,35835.0
7/15/20,17,8,138,30,17,81,2576,174,122,66,1741,74,66,121,29,97,356,87,34,146,152,51,147,682,1451,43,14,57,105,312,1054,99,62,83,117,11,31,50,84,207,67,95,64,94,37,62,24,63,74,375,64,1543,80,23,58,54,1456,368,35,65,61,124,87,1125,54,51,78,54,17,709,99,70,22,55,364,109,7803,859,114,16,69,1174,124,519,897,493,81,50,21,717,348,255,11,448,49,53,3386,30,408,36497.0
7/16/20,19,10,139,30,19,82,2629,177,126,67,1744,77,67,124,29,101,384,87,35,151,155,53,152,684,1478,43,15,61,108,318,1121,105,63,90,127,13,32,51,93,208,73,98,67,98,40,68,24,64,83,380,64,1572,85,23,60,54,1494,368,35,66,65,125,94,1146,55,58,78,56,18,720,101,70,23,56,368,108,7988,886,114,17,70,1218,125,522,911,500,81,53,21,726,369,255,11,458,52,53,3409,32,412,37307.0
7/17/20,19,12,139,33,19,87,2650,178,131,69,1750,80,68,127,29,103,395,87,35,152,155,54,158,686,1504,44,15,62,112,323,1136,110,63,90,129,13,34,54,95,209,73,101,68,98,40,69,24,64,85,382,64,1598,85,23,62,56,1528,368,38,67,65,125,97,1164,58,59,79,58,18,724,103,70,24,57,370,108,8121,897,115,17,73,1254,125,526,926,503,81,54,21,726,386,257,11,525,52,53,3418,32,415,37869.0
7/18/20,20,12,139,33,19,88,2659,181,134,71,1751,80,68,127,29,103,420,87,37,152,158,55,168,686,1528,44,15,62,114,329,1170,112,63,91,129,13,35,55,96,211,74,103,69,100,41,70,24,64,92,384,64,1609,86,24,62,56,1548,368,38,68,69,127,97,1167,58,63,81,59,18,726,105,70,25,60,372,109,8244,909,115,17,73,1277,125,526,929,507,81,54,22,731,394,259,11,529,51,54,3434,33,415,38284.0
7/19/20,20,12,139,34,21,93,2692,185,135,74,1754,81,68,132,30,103,434,88,38,152,159,57,175,688,1544,45,15,63,116,333,1189,115,65,94,134,14,37,57,100,212,76,105,69,100,42,70,24,65,94,393,66,1628,93,24,68,58,1577,370,37,69,72,128,101,1184,58,68,81,59,19,731,106,71,31,61,377,109,8354,919,114,17,73,1289,125,535,934,509,81,56,22,738,404,263,11,530,57,57,3461,39,415,38784.0
7/20/20,20,12,141,34,21,94,2707,188,139,76,1757,84,70,135,30,103,450,89,41,152,161,60,178,690,1571,46,16,66,115,344,1215,120,65,95,144,14,37,58,107,212,81,109,71,100,42,70,25,66,97,413,67,1636,97,24,71,62,1604,371,38,75,73,129,105,1197,60,68,81,61,21,732,107,71,32,63,380,110,8465,925,114,17,75,1318,127,535,947,510,81,56,22,746,415,267,11,565,58,58,3482,44,417,39321.0
7/21/20,20,12,143,34,22,97,2717,189,141,77,1758,85,71,145,30,103,457,89,39,152,161,62,184,688,1581,46,15,67,117,345,1237,120,65,95,145,14,37,58,108,214,85,109,71,100,42,70,26,68,100,414,68,1651,100,24,71,63,1638,372,38,79,77,129,110,1206,60,68,81,61,23,739,108,71,38,62,386,109,8557,944,114,18,75,1335,126,538,970,511,83,56,22,757,419,269,11,565,59,62,3492,46,419,39705.0
7/22/20,21,12,143,34,22,99,2744,194,147,81,1760,87,71,148,30,104,473,92,40,154,161,66,190,688,1600,46,15,67,120,350,1265,122,66,95,157,16,37,58,112,215,93,113,73,100,43,72,27,69,105,416,68,1676,103,24,73,64,1667,373,39,84,78,129,112,1218,63,70,82,63,25,744,110,72,38,61,391,109,8644,961,117,19,75,1365,126,545,983,513,85,59,22,769,425,275,11,565,59,63,3495,47,423,40195.0
7/23/20,22,12,144,34,22,102,2774,204,152,84,1767,88,72,149,32,106,488,93,41,156,162,67,194,689,1619,47,17,70,125,351,1300,125,68,96,157,16,37,61,114,216,95,118,73,101,45,72,27,70,110,416,68,1701,105,26,72,67,1719,375,39,84,79,131,113,1256,63,73,84,64,31,748,110,73,39,62,397,110,8786,979,118,21,75,1398,127,551,998,514,85,59,22,773,432,275,12,566,63,66,3514,47,425,40795.0
7/24/20,20,12,144,34,24,106,2805,210,157,87,1773,89,72,161,35,106,509,94,44,158,164,74,209,689,1637,48,17,74,127,355,1324,138,69,96,163,22,37,64,115,215,98,124,78,103,45,73,27,71,113,424,69,1720,106,27,72,70,1754,374,39,87,83,131,127,1277,66,72,85,63,30,756,110,74,41,62,406,111,8906,1016,121,21,76,1434,129,555,1026,517,87,61,22,777,442,276,13,578,64,67,3525,47,426,41431.0
7/25/20,20,12,144,36,26,110,2838,212,164,88,1774,93,72,161,36,109,523,94,45,161,165,78,221,693,1650,48,17,75,127,355,1340,139,72,95,167,23,37,65,118,217,102,129,82,104,44,72,28,73,120,427,71,1735,106,27,72,72,1800,374,40,89,85,132,129,1285,66,76,86,65,31,764,110,74,41,62,408,111,8985,1027,123,21,75,1458,133,557,1035,519,88,64,23,781,457,277,13,581,66,69,3539,48,427,41878.0
7/26/20,20,13,145,36,25,113,2850,214,164,90,1775,97,73,169,37,109,534,96,45,161,166,79,235,697,1670,48,17,78,127,357,1355,144,71,95,170,24,37,65,119,217,105,138,83,104,44,72,29,75,123,438,71,1751,107,28,72,76,1826,374,40,90,85,132,136,1298,68,76,86,65,38,770,111,75,56,63,411,111,9080,1040,123,21,76,1483,133,560,1045,520,93,64,23,788,468,278,14,609,68,71,3554,50,427,42352.0
7/27/20,20,13,146,36,25,117,2868,218,166,91,1776,99,75,168,37,109,552,96,47,161,166,82,243,699,1674,48,17,79,131,359,1368,145,71,95,173,23,37,65,122,226,105,138,84,105,47,82,28,77,126,439,71,1766,111,27,72,77,1851,373,40,90,87,132,137,1310,71,75,87,65,38,772,112,75,56,64,416,112,9109,1049,123,21,76,1491,135,563,1055,521,93,64,24,796,474,280,14,654,69,71,3569,51,431,42694.0
7/28/20,20,13,145,36,25,117,2886,219,169,94,1777,99,76,168,36,110,552,96,48,161,167,84,247,702,1677,48,17,80,132,361,1384,148,72,96,175,25,37,66,122,228,106,139,84,107,47,84,28,78,126,439,72,1781,112,27,72,80,1877,374,40,91,87,133,138,1316,70,75,88,66,40,778,113,75,56,65,417,112,9126,1054,128,21,76,1500,139,568,1057,524,93,66,24,808,478,281,14,657,69,72,3575,51,431,42920.0
7/29/20,20,15,146,37,27,120,2918,221,174,95,1779,102,78,173,37,115,558,97,48,166,168,84,270,700,1706,49,17,81,131,365,1416,162,75,101,185,27,37,68,122,235,107,148,88,107,47,83,29,81,129,443,72,1822,115,27,74,83,1932,375,40,94,91,133,141,1348,72,76,89,66,40,789,114,75,65,69,423,112,9262,1092,135,21,77,1525,143,574,1075,529,94,66,25,812,486,281,14,668,69,73,3585,55,437,43622.0
7/30/20,20,15,146,40,28,122,2947,224,179,103,1782,105,81,174,40,116,567,97,48,171,168,89,280,708,1722,49,20,82,137,367,1452,171,75,105,204,31,37,71,123,237,108,155,89,108,47,86,29,83,130,445,75,1856,119,28,76,87,1970,377,41,98,93,133,142,1364,75,76,89,66,41,795,115,77,66,74,429,113,9388,1137,136,22,79,1542,149,578,1084,532,93,67,28,821,499,284,15,684,71,74,3612,56,439,44278.0
7/31/20,20,15,148,40,28,130,2970,226,181,105,1782,111,81,175,42,117,572,97,48,174,168,94,288,707,1739,49,21,85,144,371,1484,178,77,109,209,32,38,72,124,237,114,161,90,109,47,87,29,87,132,450,75,1881,122,28,76,89,2005,378,42,99,93,133,147,1373,76,76,89,66,42,807,116,77,69,74,435,113,9479,1153,137,21,79,1557,155,588,1088,534,93,66,29,827,503,284,15,699,71,77,3620,59,439,44748.0
8/1/20,20,16,149,40,28,139,2984,228,187,108,1783,111,81,176,43,119,578,97,50,178,170,95,304,710,1767,49,21,87,138,374,1503,178,77,116,212,35,38,72,125,238,114,162,95,111,48,89,29,90,134,453,76,1901,122,30,77,88,2064,377,42,99,96,135,148,1381,79,76,90,66,43,815,116,77,71,74,440,113,9609,1204,145,21,81,1576,156,588,1101,535,93,70,30,829,517,285,15,709,71,78,3630,60,440,45288.0
8/2/20,20,16,149,43,28,142,2997,228,187,110,1784,113,81,181,47,120,581,97,50,185,171,97,312,715,1787,49,21,90,139,375,1527,179,79,124,213,36,38,72,126,239,116,166,96,112,48,89,29,88,139,454,78,1918,123,30,77,92,2089,378,43,100,100,136,152,1383,81,76,90,66,43,824,131,77,74,78,443,113,9709,1212,146,21,81,1590,159,593,1110,537,93,70,31,845,526,287,15,712,73,82,3642,61,441,45716.0
8/3/20,21,16,151,42,28,143,3003,228,187,111,1785,114,82,181,48,120,576,97,51,186,171,98,317,719,1789,48,22,90,139,375,1537,179,81,129,220,35,38,74,126,241,117,165,97,113,48,92,29,89,141,455,77,1933,124,30,78,95,2108,379,45,102,102,136,153,1389,82,76,90,67,43,826,131,77,76,79,443,113,9723,1217,146,21,81,1593,161,595,1109,537,93,70,32,849,528,287,16,725,76,85,3651,61,443,45897.0
8/4/20,21,16,150,43,28,145,3022,231,192,114,1786,115,82,182,48,120,579,98,51,188,171,99,321,721,1796,50,22,91,139,375,1549,181,81,131,225,35,38,74,128,241,117,166,98,114,49,92,29,90,141,458,77,1959,124,31,78,97,2145,378,50,106,105,136,155,1394,83,76,90,67,45,830,131,78,76,80,443,114,9781,1227,150,21,81,1615,169,602,1117,539,93,72,33,850,534,288,18,736,77,86,3656,61,444,46231.0
8/5/20,23,16,152,43,28,145,3054,234,196,118,1790,118,82,183,48,123,586,99,52,190,174,101,338,726,1807,51,23,94,143,378,1594,185,81,132,227,34,38,76,128,243,117,171,99,114,49,94,29,94,146,458,77,2002,126,31,82,99,2198,379,53,108,107,137,159,1407,85,78,91,70,45,839,132,78,77,80,448,114,9874,1257,151,21,81,1636,176,607,1126,543,94,74,34,866,542,288,19,763,76,90,3673,64,451,46832.0
8/6/20,27,16,154,47,28,146,3084,244,203,123,1791,119,83,185,50,128,596,103,54,195,176,102,362,726,1846,52,23,99,152,377,1623,188,81,143,233,37,39,76,131,244,121,173,102,119,49,100,29,94,148,466,80,2021,127,33,83,107,2279,380,57,109,114,139,162,1425,85,78,91,69,53,840,135,79,85,80,452,115,10032,1284,153,21,82,1655,177,614,1141,545,96,75,34,872,547,293,19,772,77,91,3691,65,455,47556.0
8/7/20,28,16,154,48,28,151,3099,246,210,124,1791,119,83,185,61,129,598,104,54,197,181,104,370,726,1859,54,23,103,158,378,1653,190,82,145,235,40,41,78,131,245,121,175,103,119,49,106,29,96,150,471,82,2054,128,34,84,108,2314,378,60,110,114,138,166,1432,87,78,91,72,57,845,136,80,94,82,455,115,10132,1294,156,21,82,1674,180,619,1151,547,96,76,34,876,550,294,19,793,79,94,3709,66,463,48039.0
8/8/20,29,16,154,48,28,155,3115,255,224,127,1791,121,83,188,71,131,609,108,54,199,186,104,379,727,1878,55,23,111,169,380,1665,191,82,153,239,42,41,79,131,246,122,178,106,120,49,108,29,97,151,476,83,2067,130,34,89,113,2348,378,63,113,118,139,169,1438,89,78,91,72,59,846,137,83,94,84,457,115,10223,1314,157,21,84,1716,183,625,1160,549,98,77,34,881,557,298,19,801,79,95,3716,66,465,48528.0
8/9/20,30,16,155,49,28,156,3127,258,226,127,1794,121,83,192,74,133,625,108,54,201,190,104,397,728,1885,57,23,112,179,381,1676,192,82,155,241,42,41,79,132,246,122,181,107,125,49,111,29,97,156,478,84,2096,130,35,91,114,2375,378,68,113,121,139,173,1444,89,78,91,73,59,847,138,83,94,84,462,115,10309,1325,159,22,85,1718,184,634,1166,551,98,77,37,900,564,298,19,801,84,97,3719,66,472,48913.0
8/10/20,30,16,155,49,28,160,3134,259,227,129,1794,121,83,193,74,133,634,108,54,202,196,104,410,730,1888,60,23,115,186,382,1686,192,84,157,241,42,42,79,132,248,122,184,109,127,49,118,31,98,156,479,86,2107,132,37,90,117,2399,378,71,114,122,140,174,1446,89,78,91,74,59,848,141,83,94,86,463,116,10351,1325,159,22,85,1727,184,637,1167,553,98,77,36,904,569,300,20,813,84,97,3727,66,473,49162.0
8/11/20,30,16,156,51,29,160,3157,262,230,129,1794,125,86,194,79,134,634,110,55,204,201,106,416,731,1898,61,25,117,187,384,1698,193,85,158,245,43,43,80,135,251,121,184,110,127,50,118,31,97,156,481,87,2118,133,37,90,118,2428,378,73,115,125,142,175,1450,89,79,91,74,60,851,141,84,95,88,470,117,10444,1332,160,23,86,1743,186,643,1173,554,100,78,36,905,572,305,20,826,86,97,3734,67,475,49520.0
8/12/20,34,17,158,52,29,160,3180,266,231,130,1797,127,86,196,82,135,644,110,56,206,203,108,421,736,1913,61,26,123,194,385,1722,193,86,163,248,44,42,82,137,252,123,185,110,136,50,122,32,97,158,484,87,2123,134,39,95,121,2445,378,73,119,127,142,177,1452,93,80,91,74,60,857,143,85,96,90,474,118,10535,1350,159,23,86,1758,187,650,1181,556,100,78,36,927,582,305,20,842,89,97,3754,68,478,49966.0
8/13/20,38,17,158,52,29,162,3200,272,233,135,1800,131,87,201,87,135,656,110,60,206,202,109,434,739,1932,61,27,123,199,384,1734,193,90,167,255,45,42,83,138,255,124,186,113,140,51,124,33,98,160,484,87,2138,135,40,97,129,2456,378,73,123,128,142,183,1456,94,80,92,75,61,860,143,85,100,91,479,121,10612,1367,160,23,86,1768,188,653,1189,557,100,81,38,934,586,305,21,849,92,102,3770,68,482,50371.0
8/14/20,38,17,162,53,30,164,3245,278,240,140,1801,133,92,208,90,136,671,110,62,210,210,116,450,743,1951,62,28,129,226,387,1770,197,96,175,259,45,42,86,142,256,125,189,116,146,55,127,33,98,167,490,89,2165,136,41,102,141,2503,378,74,124,130,144,193,1475,95,83,93,75,62,880,146,88,101,98,493,120,10800,1400,160,24,87,1808,193,671,1203,561,100,83,39,943,597,307,21,867,108,106,3783,71,485,51242.0
8/15/20,38,17,163,54,30,171,3284,289,243,146,1802,138,93,222,94,137,678,112,66,211,212,118,473,753,1986,62,29,131,242,389,1795,198,99,177,265,45,42,89,146,258,126,193,116,148,56,133,33,99,169,495,91,2182,136,42,103,149,2531,378,75,127,133,145,198,1494,97,83,93,77,64,887,147,89,101,99,503,122,10921,1416,162,24,88,1842,194,689,1382,562,104,87,40,947,603,308,21,880,113,108,3803,71,488,52064.0
8/16/20,38,17,163,56,30,171,3297,293,243,150,1804,140,95,223,94,137,686,113,68,212,215,120,508,754,1990,65,29,136,250,390,1797,199,102,178,265,46,42,91,147,262,127,194,117,166,65,133,34,99,169,498,91,2191,139,43,106,154,2549,378,75,128,134,146,209,1509,98,83,93,78,64,891,149,89,101,102,509,122,10983,1426,163,24,90,1853,194,693,1398,562,104,88,42,955,603,309,25,884,119,109,3807,71,496,52447.0
8/17/20,40,17,163,58,30,172,3322,295,245,149,1806,141,97,223,95,137,687,114,68,212,219,122,537,757,1996,69,30,139,271,392,1816,200,105,179,271,46,42,91,147,264,128,193,118,166,67,135,34,100,171,501,94,2208,138,43,106,167,2568,378,78,130,136,147,209,1515,99,83,93,79,64,892,150,89,102,103,523,122,11036,1427,163,25,90,1863,193,698,1413,562,104,88,42,959,606,310,26,899,117,113,3828,71,497,52823.0
8/18/20,42,17,164,59,30,177,3343,296,248,151,1808,142,99,224,96,139,695,115,70,213,218,125,543,756,2002,72,31,145,289,393,1823,200,106,185,271,46,42,95,149,263,129,194,119,171,67,134,34,100,171,503,95,2255,140,44,107,169,2596,378,78,130,140,150,217,1522,101,85,93,81,65,901,151,90,104,104,530,122,11101,1431,164,25,91,1874,195,703,1420,563,104,88,42,968,608,312,26,891,119,116,3838,71,496,53198.0
8/19/20,42,18,163,59,30,179,3396,298,250,154,1808,146,92,246,97,140,673,122,76,212,223,132,564,765,2018,72,31,147,327,392,1849,206,114,172,267,48,43,98,150,239,126,197,125,178,71,96,34,101,174,507,95,2279,141,46,106,189,2623,379,78,132,141,150,222,1528,104,85,95,82,66,902,155,90,104,101,544,119,11220,1461,167,25,94,1903,199,715,1440,572,104,89,42,969,612,313,27,683,120,124,3858,71,488,53519.0
8/20/20,42,20,164,62,30,181,3433,302,257,157,1809,149,97,269,102,142,691,123,79,216,226,139,600,769,2056,72,32,151,368,393,1868,209,114,179,268,50,43,104,155,242,129,205,129,190,78,96,35,103,174,510,98,2311,146,47,109,210,2667,381,79,132,144,153,247,1545,111,86,97,87,66,916,158,90,105,102,572,119,11436,1484,172,28,97,1933,203,735,1477,577,105,89,44,982,628,316,31,687,123,144,3884,73,490,54528.0
8/21/20,42,20,165,62,32,181,3487,310,260,164,1811,151,98,286,103,143,700,125,84,215,229,147,625,776,2073,74,32,159,394,399,1885,210,120,183,273,50,45,108,156,244,130,208,131,197,83,97,34,104,177,514,100,2370,146,46,110,233,2701,382,79,132,144,156,268,1555,112,88,101,89,68,921,160,90,105,104,598,121,11546,1491,175,29,98,1970,205,757,1531,582,105,90,45,991,632,316,31,688,139,161,3902,74,490,55323.0
8/22/20,44,20,166,65,34,182,3501,312,264,163,1814,159,101,293,105,144,709,126,86,215,229,152,647,782,2100,76,32,162,415,400,1899,212,122,183,274,54,46,110,157,246,132,210,135,202,83,98,36,108,180,520,103,2454,150,46,110,245,2729,381,79,136,146,158,290,1565,115,92,102,91,69,923,162,91,106,105,609,121,11653,1510,176,29,99,1992,205,762,1564,582,105,90,45,1000,649,316,34,691,142,165,3933,75,492,55992.0
8/23/20,43,20,167,66,35,182,3513,315,265,164,1815,163,101,297,105,146,715,126,86,216,229,152,659,788,2115,77,33,162,427,402,1903,212,123,184,275,55,45,112,157,246,133,213,135,202,87,100,36,106,180,522,103,2538,154,46,111,257,2745,382,80,136,151,158,306,1567,117,92,104,92,69,924,164,91,107,105,614,122,11751,1517,177,29,101,2002,208,775,1569,584,107,90,46,1007,655,316,33,695,144,169,3950,75,494,56439.0
8/24/20,43,20,168,66,36,182,3522,322,265,164,1817,163,102,306,104,146,720,126,86,216,231,160,679,794,2127,77,36,169,427,402,1907,214,125,184,275,54,47,113,157,248,136,214,137,205,89,100,36,107,180,523,105,2592,155,48,113,272,2758,382,83,136,150,166,324,1570,118,93,105,93,68,928,166,91,104,105,622,122,11836,1518,178,30,102,2014,208,792,1606,586,107,90,47,1021,660,315,37,696,144,173,3967,75,495,56893.0
8/25/20,43,20,168,68,36,183,3536,322,267,165,1817,168,104,311,105,146,724,129,88,218,233,167,697,797,2134,78,37,178,438,404,1920,214,127,188,274,54,49,115,159,248,138,214,139,205,109,100,37,107,182,527,107,2707,158,47,113,281,2781,383,83,136,150,195,339,1575,118,91,105,93,68,933,170,93,105,105,640,122,11955,1521,177,30,103,2025,209,806,1705,590,107,90,47,1030,666,319,39,703,146,187,3985,75,494,57594.0
8/26/20,43,20,169,70,36,184,3576,326,274,166,1822,171,104,323,107,146,726,131,94,224,235,172,728,804,2167,78,38,185,479,409,1938,216,130,191,280,55,52,116,160,248,139,214,140,215,115,101,39,109,187,536,110,2939,164,52,115,326,2828,386,85,140,151,203,376,1594,120,93,105,93,70,939,175,92,107,107,654,124,12080,1541,178,30,103,2059,211,834,1854,600,107,91,49,1042,679,320,39,712,149,196,4008,76,496,58790.0
8/27/20,48,20,172,76,37,189,3641,335,282,170,1822,182,117,336,112,147,786,135,97,231,236,175,758,812,2306,80,43,189,511,417,1966,217,134,209,292,55,54,120,166,278,149,221,142,235,120,151,38,109,193,556,116,3218,165,55,117,353,2873,392,93,141,160,208,424,1606,122,93,106,96,70,943,181,93,107,111,672,128,12792,1565,181,30,105,2111,212,852,2079,610,108,93,95,1053,742,330,45,993,154,198,4028,78,513,61477.0
8/28/20,50,20,172,80,37,194,3704,338,286,172,1825,193,119,352,112,148,801,136,100,234,236,177,789,822,2332,81,43,199,541,419,1984,220,137,211,294,57,53,124,168,279,149,226,143,261,126,154,40,111,198,563,116,3443,166,59,119,380,2903,394,93,143,160,210,456,1622,126,96,106,102,73,949,188,97,110,112,702,129,13039,1593,182,30,107,2146,214,871,2225,614,110,93,99,1067,753,334,47,998,155,208,4068,79,516,62812.0
8/29/20,49,20,174,82,41,200,3757,343,293,173,1825,197,97,371,92,151,816,109,107,236,236,179,805,828,2359,69,43,209,553,350,2016,220,137,213,294,58,54,126,170,279,121,227,147,276,129,153,40,111,201,577,117,3644,168,59,119,393,2952,396,93,147,163,213,464,1632,127,106,107,102,76,954,193,97,110,112,712,104,13179,1612,182,32,113,2180,214,883,2338,619,110,93,100,1071,766,335,37,1004,158,214,4093,79,516,63601.0
8/30/20,51,22,174,82,41,200,3787,344,298,174,1826,201,126,387,112,154,822,140,107,239,236,179,821,832,2378,81,44,212,567,424,2027,221,138,215,296,58,54,128,173,279,154,230,147,279,132,153,40,113,208,585,117,3828,170,60,121,409,2971,397,93,148,164,216,475,1639,128,109,107,107,76,959,196,99,112,112,737,130,13292,1631,184,32,114,2208,215,893,2362,622,113,93,101,1082,775,336,48,1006,161,217,4126,79,519,64580.0
8/31/20,49,22,178,85,39,203,3800,345,330,175,1826,208,129,390,112,154,830,140,110,241,236,180,835,836,2379,83,44,217,568,424,2036,221,140,215,295,59,53,129,173,280,157,230,147,284,133,153,43,115,211,588,118,3926,170,63,122,422,2984,396,96,150,164,219,484,1643,128,107,107,110,77,966,201,99,112,116,744,131,13370,1634,183,31,114,2234,215,896,2444,623,113,93,100,1085,777,340,50,1023,160,219,4143,79,519,65130.0
9/1/20,49,22,183,85,38,205,3830,348,339,176,1827,211,130,428,112,155,839,140,112,240,236,183,853,836,2386,84,46,226,576,424,2049,221,143,219,297,59,58,132,173,282,156,231,148,294,136,152,44,116,215,588,120,4050,175,66,122,440,2993,397,97,152,165,223,490,1656,131,114,107,112,82,973,204,99,113,119,746,131,13465,1648,184,31,119,2250,217,908,2534,623,113,93,101,1089,784,346,52,1038,164,224,4152,80,520,65844.0
9/2/20,49,22,184,87,39,211,3843,350,356,176,1830,213,130,429,112,155,848,141,112,241,238,184,857,841,2397,86,47,231,581,431,2064,223,144,220,303,61,58,133,174,286,158,232,150,296,137,152,45,116,219,592,120,4164,176,69,122,447,3018,396,97,152,167,230,511,1667,132,114,107,114,82,976,204,99,114,119,772,131,13547,1666,185,31,121,2259,219,917,2584,629,113,92,103,1095,792,349,54,1048,166,224,4177,80,520,66455.0
9/3/20,49,23,185,89,39,215,3902,359,364,180,1835,217,131,438,116,161,860,145,115,244,241,186,889,855,2434,86,48,243,591,434,2106,225,150,227,304,61,60,135,174,287,160,242,151,306,142,153,47,121,221,602,120,4302,176,70,123,460,3056,399,97,160,167,238,540,1685,135,125,108,118,80,983,213,99,114,119,798,133,13733,1684,187,31,123,2300,220,937,2733,645,114,92,106,1105,810,352,58,1054,167,229,4220,82,522,67670.0
9/4/20,49,23,186,90,40,217,3950,362,368,184,1853,218,132,459,118,171,869,146,120,244,241,189,906,862,2456,89,48,249,605,438,2137,226,153,230,308,61,62,136,177,290,160,245,153,371,144,153,48,121,229,609,121,4419,185,70,124,474,3114,399,98,162,171,248,560,1695,136,129,108,119,84,990,222,99,122,122,826,136,13856,1700,196,33,123,2334,222,953,2817,645,114,93,106,1115,824,358,60,1066,167,235,4264,83,523,68715.0
9/5/20,49,23,189,93,40,220,3992,374,375,189,1858,224,137,485,118,175,883,145,131,244,244,191,917,865,2487,92,48,256,626,441,2165,229,157,237,308,63,64,142,179,292,163,246,156,392,150,154,49,124,235,629,123,4486,191,71,130,484,3179,400,100,165,173,253,578,1713,137,137,110,121,83,995,224,100,125,123,837,139,13993,1717,200,34,124,2363,223,970,2875,650,114,93,107,1124,845,361,61,1078,171,239,4299,85,526,69674.0
9/6/20,50,23,190,95,41,221,4022,381,381,188,1860,223,140,492,118,178,886,146,135,244,244,192,932,866,2489,94,48,261,629,443,2179,229,159,240,309,63,67,143,180,294,163,250,157,403,152,155,49,126,235,634,124,4555,195,75,132,492,3225,400,101,166,172,255,592,1714,137,142,110,121,83,998,225,100,124,125,843,140,14072,1721,203,34,125,2382,223,984,2910,652,114,93,107,1128,852,367,64,1080,173,241,4327,84,526,70207.0
9/7/20,50,23,193,96,41,223,4037,383,386,188,1860,224,139,497,118,180,886,147,141,246,244,193,940,868,2496,96,48,262,632,444,2197,230,159,241,310,63,67,146,182,297,164,250,157,404,152,155,52,129,237,637,124,4581,195,76,136,500,3248,400,102,167,172,258,597,1719,138,142,112,122,83,1001,227,101,124,125,849,140,14109,1722,204,34,126,2383,224,999,2941,652,114,94,107,1134,855,368,64,1079,174,243,4347,87,527,70536.0
9/8/20,52,23,201,99,40,226,4053,386,388,192,1861,232,139,498,119,182,896,149,152,246,244,194,945,871,2496,99,49,265,640,443,2227,231,165,243,313,63,67,147,182,297,164,251,156,408,154,156,54,136,243,643,123,4617,197,77,140,509,3292,401,110,170,172,263,605,1723,138,144,112,123,83,1008,231,101,125,127,859,140,14158,1724,205,35,127,2393,224,1007,2966,655,114,94,107,1149,861,374,68,1080,176,247,4366,89,528,71017.0
9/9/20,53,23,203,103,41,228,4077,390,400,199,1863,233,140,500,118,187,909,150,155,248,246,201,949,877,2508,101,51,267,652,444,2263,232,164,245,314,63,67,148,183,297,164,251,157,448,160,158,55,142,245,651,123,4672,199,78,141,528,3330,401,112,172,174,272,610,1725,139,146,111,124,83,1015,234,101,126,129,868,140,14219,1734,207,34,129,2409,229,1013,2992,657,114,96,108,1149,869,377,69,1087,180,249,4378,90,528,71593.0
9/10/20,55,23,211,104,42,231,4116,397,412,202,1874,235,144,515,119,188,920,154,166,248,247,209,959,881,2534,103,51,273,667,446,2292,232,164,252,316,63,69,160,188,304,166,254,158,451,162,160,60,149,254,659,124,4719,206,78,149,531,3396,402,115,179,176,276,621,1732,139,152,111,125,83,1022,237,102,127,131,885,141,14332,1742,210,35,132,2441,230,1034,3039,662,114,97,108,1163,880,378,69,1115,188,252,4414,90,532,72455.0
9/11/20,56,25,213,108,42,236,4145,402,416,203,1890,237,147,524,120,195,928,155,173,249,251,212,972,889,2556,106,53,275,676,448,2340,235,166,259,318,64,69,166,196,304,168,257,160,454,162,163,65,153,258,667,126,4766,212,79,158,536,3443,403,117,180,179,287,643,1737,145,158,113,130,83,1028,246,102,132,137,903,143,14472,1767,212,35,137,2490,229,1054,3090,665,114,96,108,1176,891,387,71,1126,190,256,4471,94,536,73379.0
9/12/20,56,26,215,111,43,239,4165,407,422,206,1895,239,148,539,122,200,933,159,186,249,252,214,989,908,2584,106,54,280,683,451,2372,236,168,260,321,68,70,178,198,305,168,259,161,459,171,164,68,157,260,677,126,4789,215,81,163,548,3486,404,117,186,183,290,652,1738,147,161,115,132,83,1031,250,104,132,137,912,146,14618,1816,216,37,142,2513,233,1069,3112,670,116,104,108,1185,902,388,72,1143,196,259,4508,95,540,74171.0
9/13/20,56,27,217,112,46,244,4179,412,428,207,1898,243,150,554,122,203,940,159,190,249,254,214,1000,909,2594,107,54,281,686,452,2384,236,169,262,323,67,71,181,199,307,170,261,162,459,174,164,70,160,264,684,126,4810,220,80,167,551,3510,405,118,190,184,293,660,1741,150,168,116,132,83,1036,258,107,133,140,928,146,14697,1828,219,37,147,2525,234,1092,3124,671,116,104,108,1194,903,390,73,1147,206,260,4547,96,540,74664.0
9/14/20,57,27,225,116,46,247,4191,420,432,208,1901,244,152,559,122,204,947,160,191,249,255,215,1004,910,2597,107,55,286,688,452,2416,235,170,261,324,66,72,184,203,307,170,263,162,464,174,165,73,161,265,686,126,4834,222,81,167,551,3534,404,123,194,184,293,666,1741,149,169,119,132,83,1045,263,109,135,142,927,146,14746,1828,219,37,152,2534,234,1115,3154,673,116,105,108,1199,906,394,76,1148,207,261,4577,95,540,75051.0
9/15/20,57,27,224,116,46,250,4218,429,441,211,1901,247,159,562,122,205,961,165,193,249,261,217,1008,924,2614,107,57,291,707,453,2436,237,173,266,325,68,72,190,206,311,170,262,164,470,175,166,76,163,266,694,129,4857,227,82,174,562,3570,409,122,201,186,298,674,1743,152,169,121,133,84,1045,267,110,139,145,938,146,14829,1848,221,39,157,2551,234,1137,3175,673,116,105,108,1199,911,405,76,1161,220,268,4633,99,542,75702.0
9/16/20,59,27,227,116,48,257,4243,431,447,217,1913,250,161,595,124,208,966,168,196,251,265,223,1018,935,2628,110,58,305,711,459,2501,241,174,277,329,69,77,193,207,311,170,265,164,474,176,168,76,170,276,707,129,4888,231,83,190,569,3615,412,127,214,191,308,683,1749,153,171,125,140,84,1050,276,112,140,145,959,146,14932,1881,227,40,169,2600,238,1180,3199,676,116,109,108,1216,914,414,76,1174,239,271,4674,99,547,76630.0
