Date,Allen,Anderson,Atchison,Barber,Barton,Bourbon,Brown,Butler,Chase,Chautauqua,Cherokee,Cheyenne,Clark,Clay,Cloud,Coffey,Comanche,Cowley,Crawford,Decatur,Dickinson,Doniphan,Douglas,Edwards,Elk,Ellis,Ellsworth,Finney,Ford,Franklin,Geary,Gove,Graham,Grant,Gray,Greeley,Greenwood,Hamilton,Harper,Harvey,Haskell,Hodgeman,Jackson,Jefferson,Jewell,Johnson,Kearny,Kingman,Kiowa,Labette,Lane,Leavenworth,Lincoln,Linn,Logan,Lyon,Marion,Marshall,McPherson,Meade,Miami,Mitchell,Montgomery,Morris,Morton,Nemaha,Neosho,Ness,Norton,Osage,Osborne,Ottawa,Pawnee,Phillips,Pottawatomie,Pratt,Rawlins,Reno,Republic,Rice,Riley,Rooks,Rush,Russell,Saline,Scott,Sedgwick,Seward,Shawnee,Sheridan,Sherman,Smith,Stafford,Stanton,Stevens,Sumner,Thomas,Trego,Wabaunsee,Wallace,Washington,Wichita,Wilson,Woodson,Wyandotte,Total
1/22/20,0,0,0,0,0,0,0,0,0,0,0,0,0,0,0,0,0,0,0,0,0,0,0,0,0,0,0,0,0,0,0,0,0,0,0,0,0,0,0,0,0,0,0,0,0,0,0,0,0,0,0,0,0,0,0,0,0,0,0,0,0,0,0,0,0,0,0,0,0,0,0,0,0,0,0,0,0,0,0,0,0,0,0,0,0,0,0,0,0,0,0,0,0,0,0,0,0,0,0,0,0,0,0,0,0,0.0
1/23/20,0,0,0,0,0,0,0,0,0,0,0,0,0,0,0,0,0,0,0,0,0,0,0,0,0,0,0,0,0,0,0,0,0,0,0,0,0,0,0,0,0,0,0,0,0,0,0,0,0,0,0,0,0,0,0,0,0,0,0,0,0,0,0,0,0,0,0,0,0,0,0,0,0,0,0,0,0,0,0,0,0,0,0,0,0,0,0,0,0,0,0,0,0,0,0,0,0,0,0,0,0,0,0,0,0,0.0
1/24/20,0,0,0,0,0,0,0,0,0,0,0,0,0,0,0,0,0,0,0,0,0,0,0,0,0,0,0,0,0,0,0,0,0,0,0,0,0,0,0,0,0,0,0,0,0,0,0,0,0,0,0,0,0,0,0,0,0,0,0,0,0,0,0,0,0,0,0,0,0,0,0,0,0,0,0,0,0,0,0,0,0,0,0,0,0,0,0,0,0,0,0,0,0,0,0,0,0,0,0,0,0,0,0,0,0,0.0
1/25/20,0,0,0,0,0,0,0,0,0,0,0,0,0,0,0,0,0,0,0,0,0,0,0,0,0,0,0,0,0,0,0,0,0,0,0,0,0,0,0,0,0,0,0,0,0,0,0,0,0,0,0,0,0,0,0,0,0,0,0,0,0,0,0,0,0,0,0,0,0,0,0,0,0,0,0,0,0,0,0,0,0,0,0,0,0,0,0,0,0,0,0,0,0,0,0,0,0,0,0,0,0,0,0,0,0,0.0
1/26/20,0,0,0,0,0,0,0,0,0,0,0,0,0,0,0,0,0,0,0,0,0,0,0,0,0,0,0,0,0,0,0,0,0,0,0,0,0,0,0,0,0,0,0,0,0,0,0,0,0,0,0,0,0,0,0,0,0,0,0,0,0,0,0,0,0,0,0,0,0,0,0,0,0,0,0,0,0,0,0,0,0,0,0,0,0,0,0,0,0,0,0,0,0,0,0,0,0,0,0,0,0,0,0,0,0,0.0
1/27/20,0,0,0,0,0,0,0,0,0,0,0,0,0,0,0,0,0,0,0,0,0,0,0,0,0,0,0,0,0,0,0,0,0,0,0,0,0,0,0,0,0,0,0,0,0,0,0,0,0,0,0,0,0,0,0,0,0,0,0,0,0,0,0,0,0,0,0,0,0,0,0,0,0,0,0,0,0,0,0,0,0,0,0,0,0,0,0,0,0,0,0,0,0,0,0,0,0,0,0,0,0,0,0,0,0,0.0
1/28/20,0,0,0,0,0,0,0,0,0,0,0,0,0,0,0,0,0,0,0,0,0,0,0,0,0,0,0,0,0,0,0,0,0,0,0,0,0,0,0,0,0,0,0,0,0,0,0,0,0,0,0,0,0,0,0,0,0,0,0,0,0,0,0,0,0,0,0,0,0,0,0,0,0,0,0,0,0,0,0,0,0,0,0,0,0,0,0,0,0,0,0,0,0,0,0,0,0,0,0,0,0,0,0,0,0,0.0
1/29/20,0,0,0,0,0,0,0,0,0,0,0,0,0,0,0,0,0,0,0,0,0,0,0,0,0,0,0,0,0,0,0,0,0,0,0,0,0,0,0,0,0,0,0,0,0,0,0,0,0,0,0,0,0,0,0,0,0,0,0,0,0,0,0,0,0,0,0,0,0,0,0,0,0,0,0,0,0,0,0,0,0,0,0,0,0,0,0,0,0,0,0,0,0,0,0,0,0,0,0,0,0,0,0,0,0,0.0
1/30/20,0,0,0,0,0,0,0,0,0,0,0,0,0,0,0,0,0,0,0,0,0,0,0,0,0,0,0,0,0,0,0,0,0,0,0,0,0,0,0,0,0,0,0,0,0,0,0,0,0,0,0,0,0,0,0,0,0,0,0,0,0,0,0,0,0,0,0,0,0,0,0,0,0,0,0,0,0,0,0,0,0,0,0,0,0,0,0,0,0,0,0,0,0,0,0,0,0,0,0,0,0,0,0,0,0,0.0
1/31/20,0,0,0,0,0,0,0,0,0,0,0,0,0,0,0,0,0,0,0,0,0,0,0,0,0,0,0,0,0,0,0,0,0,0,0,0,0,0,0,0,0,0,0,0,0,0,0,0,0,0,0,0,0,0,0,0,0,0,0,0,0,0,0,0,0,0,0,0,0,0,0,0,0,0,0,0,0,0,0,0,0,0,0,0,0,0,0,0,0,0,0,0,0,0,0,0,0,0,0,0,0,0,0,0,0,0.0
2/1/20,0,0,0,0,0,0,0,0,0,0,0,0,0,0,0,0,0,0,0,0,0,0,0,0,0,0,0,0,0,0,0,0,0,0,0,0,0,0,0,0,0,0,0,0,0,0,0,0,0,0,0,0,0,0,0,0,0,0,0,0,0,0,0,0,0,0,0,0,0,0,0,0,0,0,0,0,0,0,0,0,0,0,0,0,0,0,0,0,0,0,0,0,0,0,0,0,0,0,0,0,0,0,0,0,0,0.0
2/2/20,0,0,0,0,0,0,0,0,0,0,0,0,0,0,0,0,0,0,0,0,0,0,0,0,0,0,0,0,0,0,0,0,0,0,0,0,0,0,0,0,0,0,0,0,0,0,0,0,0,0,0,0,0,0,0,0,0,0,0,0,0,0,0,0,0,0,0,0,0,0,0,0,0,0,0,0,0,0,0,0,0,0,0,0,0,0,0,0,0,0,0,0,0,0,0,0,0,0,0,0,0,0,0,0,0,0.0
2/3/20,0,0,0,0,0,0,0,0,0,0,0,0,0,0,0,0,0,0,0,0,0,0,0,0,0,0,0,0,0,0,0,0,0,0,0,0,0,0,0,0,0,0,0,0,0,0,0,0,0,0,0,0,0,0,0,0,0,0,0,0,0,0,0,0,0,0,0,0,0,0,0,0,0,0,0,0,0,0,0,0,0,0,0,0,0,0,0,0,0,0,0,0,0,0,0,0,0,0,0,0,0,0,0,0,0,0.0
2/4/20,0,0,0,0,0,0,0,0,0,0,0,0,0,0,0,0,0,0,0,0,0,0,0,0,0,0,0,0,0,0,0,0,0,0,0,0,0,0,0,0,0,0,0,0,0,0,0,0,0,0,0,0,0,0,0,0,0,0,0,0,0,0,0,0,0,0,0,0,0,0,0,0,0,0,0,0,0,0,0,0,0,0,0,0,0,0,0,0,0,0,0,0,0,0,0,0,0,0,0,0,0,0,0,0,0,0.0
2/5/20,0,0,0,0,0,0,0,0,0,0,0,0,0,0,0,0,0,0,0,0,0,0,0,0,0,0,0,0,0,0,0,0,0,0,0,0,0,0,0,0,0,0,0,0,0,0,0,0,0,0,0,0,0,0,0,0,0,0,0,0,0,0,0,0,0,0,0,0,0,0,0,0,0,0,0,0,0,0,0,0,0,0,0,0,0,0,0,0,0,0,0,0,0,0,0,0,0,0,0,0,0,0,0,0,0,0.0
2/6/20,0,0,0,0,0,0,0,0,0,0,0,0,0,0,0,0,0,0,0,0,0,0,0,0,0,0,0,0,0,0,0,0,0,0,0,0,0,0,0,0,0,0,0,0,0,0,0,0,0,0,0,0,0,0,0,0,0,0,0,0,0,0,0,0,0,0,0,0,0,0,0,0,0,0,0,0,0,0,0,0,0,0,0,0,0,0,0,0,0,0,0,0,0,0,0,0,0,0,0,0,0,0,0,0,0,0.0
2/7/20,0,0,0,0,0,0,0,0,0,0,0,0,0,0,0,0,0,0,0,0,0,0,0,0,0,0,0,0,0,0,0,0,0,0,0,0,0,0,0,0,0,0,0,0,0,0,0,0,0,0,0,0,0,0,0,0,0,0,0,0,0,0,0,0,0,0,0,0,0,0,0,0,0,0,0,0,0,0,0,0,0,0,0,0,0,0,0,0,0,0,0,0,0,0,0,0,0,0,0,0,0,0,0,0,0,0.0
2/8/20,0,0,0,0,0,0,0,0,0,0,0,0,0,0,0,0,0,0,0,0,0,0,0,0,0,0,0,0,0,0,0,0,0,0,0,0,0,0,0,0,0,0,0,0,0,0,0,0,0,0,0,0,0,0,0,0,0,0,0,0,0,0,0,0,0,0,0,0,0,0,0,0,0,0,0,0,0,0,0,0,0,0,0,0,0,0,0,0,0,0,0,0,0,0,0,0,0,0,0,0,0,0,0,0,0,0.0
2/9/20,0,0,0,0,0,0,0,0,0,0,0,0,0,0,0,0,0,0,0,0,0,0,0,0,0,0,0,0,0,0,0,0,0,0,0,0,0,0,0,0,0,0,0,0,0,0,0,0,0,0,0,0,0,0,0,0,0,0,0,0,0,0,0,0,0,0,0,0,0,0,0,0,0,0,0,0,0,0,0,0,0,0,0,0,0,0,0,0,0,0,0,0,0,0,0,0,0,0,0,0,0,0,0,0,0,0.0
2/10/20,0,0,0,0,0,0,0,0,0,0,0,0,0,0,0,0,0,0,0,0,0,0,0,0,0,0,0,0,0,0,0,0,0,0,0,0,0,0,0,0,0,0,0,0,0,0,0,0,0,0,0,0,0,0,0,0,0,0,0,0,0,0,0,0,0,0,0,0,0,0,0,0,0,0,0,0,0,0,0,0,0,0,0,0,0,0,0,0,0,0,0,0,0,0,0,0,0,0,0,0,0,0,0,0,0,0.0
2/11/20,0,0,0,0,0,0,0,0,0,0,0,0,0,0,0,0,0,0,0,0,0,0,0,0,0,0,0,0,0,0,0,0,0,0,0,0,0,0,0,0,0,0,0,0,0,0,0,0,0,0,0,0,0,0,0,0,0,0,0,0,0,0,0,0,0,0,0,0,0,0,0,0,0,0,0,0,0,0,0,0,0,0,0,0,0,0,0,0,0,0,0,0,0,0,0,0,0,0,0,0,0,0,0,0,0,0.0
2/12/20,0,0,0,0,0,0,0,0,0,0,0,0,0,0,0,0,0,0,0,0,0,0,0,0,0,0,0,0,0,0,0,0,0,0,0,0,0,0,0,0,0,0,0,0,0,0,0,0,0,0,0,0,0,0,0,0,0,0,0,0,0,0,0,0,0,0,0,0,0,0,0,0,0,0,0,0,0,0,0,0,0,0,0,0,0,0,0,0,0,0,0,0,0,0,0,0,0,0,0,0,0,0,0,0,0,0.0
2/13/20,0,0,0,0,0,0,0,0,0,0,0,0,0,0,0,0,0,0,0,0,0,0,0,0,0,0,0,0,0,0,0,0,0,0,0,0,0,0,0,0,0,0,0,0,0,0,0,0,0,0,0,0,0,0,0,0,0,0,0,0,0,0,0,0,0,0,0,0,0,0,0,0,0,0,0,0,0,0,0,0,0,0,0,0,0,0,0,0,0,0,0,0,0,0,0,0,0,0,0,0,0,0,0,0,0,0.0
2/14/20,0,0,0,0,0,0,0,0,0,0,0,0,0,0,0,0,0,0,0,0,0,0,0,0,0,0,0,0,0,0,0,0,0,0,0,0,0,0,0,0,0,0,0,0,0,0,0,0,0,0,0,0,0,0,0,0,0,0,0,0,0,0,0,0,0,0,0,0,0,0,0,0,0,0,0,0,0,0,0,0,0,0,0,0,0,0,0,0,0,0,0,0,0,0,0,0,0,0,0,0,0,0,0,0,0,0.0
2/15/20,0,0,0,0,0,0,0,0,0,0,0,0,0,0,0,0,0,0,0,0,0,0,0,0,0,0,0,0,0,0,0,0,0,0,0,0,0,0,0,0,0,0,0,0,0,0,0,0,0,0,0,0,0,0,0,0,0,0,0,0,0,0,0,0,0,0,0,0,0,0,0,0,0,0,0,0,0,0,0,0,0,0,0,0,0,0,0,0,0,0,0,0,0,0,0,0,0,0,0,0,0,0,0,0,0,0.0
2/16/20,0,0,0,0,0,0,0,0,0,0,0,0,0,0,0,0,0,0,0,0,0,0,0,0,0,0,0,0,0,0,0,0,0,0,0,0,0,0,0,0,0,0,0,0,0,0,0,0,0,0,0,0,0,0,0,0,0,0,0,0,0,0,0,0,0,0,0,0,0,0,0,0,0,0,0,0,0,0,0,0,0,0,0,0,0,0,0,0,0,0,0,0,0,0,0,0,0,0,0,0,0,0,0,0,0,0.0
2/17/20,0,0,0,0,0,0,0,0,0,0,0,0,0,0,0,0,0,0,0,0,0,0,0,0,0,0,0,0,0,0,0,0,0,0,0,0,0,0,0,0,0,0,0,0,0,0,0,0,0,0,0,0,0,0,0,0,0,0,0,0,0,0,0,0,0,0,0,0,0,0,0,0,0,0,0,0,0,0,0,0,0,0,0,0,0,0,0,0,0,0,0,0,0,0,0,0,0,0,0,0,0,0,0,0,0,0.0
2/18/20,0,0,0,0,0,0,0,0,0,0,0,0,0,0,0,0,0,0,0,0,0,0,0,0,0,0,0,0,0,0,0,0,0,0,0,0,0,0,0,0,0,0,0,0,0,0,0,0,0,0,0,0,0,0,0,0,0,0,0,0,0,0,0,0,0,0,0,0,0,0,0,0,0,0,0,0,0,0,0,0,0,0,0,0,0,0,0,0,0,0,0,0,0,0,0,0,0,0,0,0,0,0,0,0,0,0.0
2/19/20,0,0,0,0,0,0,0,0,0,0,0,0,0,0,0,0,0,0,0,0,0,0,0,0,0,0,0,0,0,0,0,0,0,0,0,0,0,0,0,0,0,0,0,0,0,0,0,0,0,0,0,0,0,0,0,0,0,0,0,0,0,0,0,0,0,0,0,0,0,0,0,0,0,0,0,0,0,0,0,0,0,0,0,0,0,0,0,0,0,0,0,0,0,0,0,0,0,0,0,0,0,0,0,0,0,0.0
2/20/20,0,0,0,0,0,0,0,0,0,0,0,0,0,0,0,0,0,0,0,0,0,0,0,0,0,0,0,0,0,0,0,0,0,0,0,0,0,0,0,0,0,0,0,0,0,0,0,0,0,0,0,0,0,0,0,0,0,0,0,0,0,0,0,0,0,0,0,0,0,0,0,0,0,0,0,0,0,0,0,0,0,0,0,0,0,0,0,0,0,0,0,0,0,0,0,0,0,0,0,0,0,0,0,0,0,0.0
2/21/20,0,0,0,0,0,0,0,0,0,0,0,0,0,0,0,0,0,0,0,0,0,0,0,0,0,0,0,0,0,0,0,0,0,0,0,0,0,0,0,0,0,0,0,0,0,0,0,0,0,0,0,0,0,0,0,0,0,0,0,0,0,0,0,0,0,0,0,0,0,0,0,0,0,0,0,0,0,0,0,0,0,0,0,0,0,0,0,0,0,0,0,0,0,0,0,0,0,0,0,0,0,0,0,0,0,0.0
2/22/20,0,0,0,0,0,0,0,0,0,0,0,0,0,0,0,0,0,0,0,0,0,0,0,0,0,0,0,0,0,0,0,0,0,0,0,0,0,0,0,0,0,0,0,0,0,0,0,0,0,0,0,0,0,0,0,0,0,0,0,0,0,0,0,0,0,0,0,0,0,0,0,0,0,0,0,0,0,0,0,0,0,0,0,0,0,0,0,0,0,0,0,0,0,0,0,0,0,0,0,0,0,0,0,0,0,0.0
2/23/20,0,0,0,0,0,0,0,0,0,0,0,0,0,0,0,0,0,0,0,0,0,0,0,0,0,0,0,0,0,0,0,0,0,0,0,0,0,0,0,0,0,0,0,0,0,0,0,0,0,0,0,0,0,0,0,0,0,0,0,0,0,0,0,0,0,0,0,0,0,0,0,0,0,0,0,0,0,0,0,0,0,0,0,0,0,0,0,0,0,0,0,0,0,0,0,0,0,0,0,0,0,0,0,0,0,0.0
2/24/20,0,0,0,0,0,0,0,0,0,0,0,0,0,0,0,0,0,0,0,0,0,0,0,0,0,0,0,0,0,0,0,0,0,0,0,0,0,0,0,0,0,0,0,0,0,0,0,0,0,0,0,0,0,0,0,0,0,0,0,0,0,0,0,0,0,0,0,0,0,0,0,0,0,0,0,0,0,0,0,0,0,0,0,0,0,0,0,0,0,0,0,0,0,0,0,0,0,0,0,0,0,0,0,0,0,0.0
2/25/20,0,0,0,0,0,0,0,0,0,0,0,0,0,0,0,0,0,0,0,0,0,0,0,0,0,0,0,0,0,0,0,0,0,0,0,0,0,0,0,0,0,0,0,0,0,0,0,0,0,0,0,0,0,0,0,0,0,0,0,0,0,0,0,0,0,0,0,0,0,0,0,0,0,0,0,0,0,0,0,0,0,0,0,0,0,0,0,0,0,0,0,0,0,0,0,0,0,0,0,0,0,0,0,0,0,0.0
2/26/20,0,0,0,0,0,0,0,0,0,0,0,0,0,0,0,0,0,0,0,0,0,0,0,0,0,0,0,0,0,0,0,0,0,0,0,0,0,0,0,0,0,0,0,0,0,0,0,0,0,0,0,0,0,0,0,0,0,0,0,0,0,0,0,0,0,0,0,0,0,0,0,0,0,0,0,0,0,0,0,0,0,0,0,0,0,0,0,0,0,0,0,0,0,0,0,0,0,0,0,0,0,0,0,0,0,0.0
2/27/20,0,0,0,0,0,0,0,0,0,0,0,0,0,0,0,0,0,0,0,0,0,0,0,0,0,0,0,0,0,0,0,0,0,0,0,0,0,0,0,0,0,0,0,0,0,0,0,0,0,0,0,0,0,0,0,0,0,0,0,0,0,0,0,0,0,0,0,0,0,0,0,0,0,0,0,0,0,0,0,0,0,0,0,0,0,0,0,0,0,0,0,0,0,0,0,0,0,0,0,0,0,0,0,0,0,0.0
2/28/20,0,0,0,0,0,0,0,0,0,0,0,0,0,0,0,0,0,0,0,0,0,0,0,0,0,0,0,0,0,0,0,0,0,0,0,0,0,0,0,0,0,0,0,0,0,0,0,0,0,0,0,0,0,0,0,0,0,0,0,0,0,0,0,0,0,0,0,0,0,0,0,0,0,0,0,0,0,0,0,0,0,0,0,0,0,0,0,0,0,0,0,0,0,0,0,0,0,0,0,0,0,0,0,0,0,0.0
2/29/20,0,0,0,0,0,0,0,0,0,0,0,0,0,0,0,0,0,0,0,0,0,0,0,0,0,0,0,0,0,0,0,0,0,0,0,0,0,0,0,0,0,0,0,0,0,0,0,0,0,0,0,0,0,0,0,0,0,0,0,0,0,0,0,0,0,0,0,0,0,0,0,0,0,0,0,0,0,0,0,0,0,0,0,0,0,0,0,0,0,0,0,0,0,0,0,0,0,0,0,0,0,0,0,0,0,0.0
3/1/20,0,0,0,0,0,0,0,0,0,0,0,0,0,0,0,0,0,0,0,0,0,0,0,0,0,0,0,0,0,0,0,0,0,0,0,0,0,0,0,0,0,0,0,0,0,0,0,0,0,0,0,0,0,0,0,0,0,0,0,0,0,0,0,0,0,0,0,0,0,0,0,0,0,0,0,0,0,0,0,0,0,0,0,0,0,0,0,0,0,0,0,0,0,0,0,0,0,0,0,0,0,0,0,0,0,0.0
3/2/20,0,0,0,0,0,0,0,0,0,0,0,0,0,0,0,0,0,0,0,0,0,0,0,0,0,0,0,0,0,0,0,0,0,0,0,0,0,0,0,0,0,0,0,0,0,0,0,0,0,0,0,0,0,0,0,0,0,0,0,0,0,0,0,0,0,0,0,0,0,0,0,0,0,0,0,0,0,0,0,0,0,0,0,0,0,0,0,0,0,0,0,0,0,0,0,0,0,0,0,0,0,0,0,0,0,0.0
3/3/20,0,0,0,0,0,0,0,0,0,0,0,0,0,0,0,0,0,0,0,0,0,0,0,0,0,0,0,0,0,0,0,0,0,0,0,0,0,0,0,0,0,0,0,0,0,0,0,0,0,0,0,0,0,0,0,0,0,0,0,0,0,0,0,0,0,0,0,0,0,0,0,0,0,0,0,0,0,0,0,0,0,0,0,0,0,0,0,0,0,0,0,0,0,0,0,0,0,0,0,0,0,0,0,0,0,0.0
3/4/20,0,0,0,0,0,0,0,0,0,0,0,0,0,0,0,0,0,0,0,0,0,0,0,0,0,0,0,0,0,0,0,0,0,0,0,0,0,0,0,0,0,0,0,0,0,0,0,0,0,0,0,0,0,0,0,0,0,0,0,0,0,0,0,0,0,0,0,0,0,0,0,0,0,0,0,0,0,0,0,0,0,0,0,0,0,0,0,0,0,0,0,0,0,0,0,0,0,0,0,0,0,0,0,0,0,0.0
3/5/20,0,0,0,0,0,0,0,0,0,0,0,0,0,0,0,0,0,0,0,0,0,0,0,0,0,0,0,0,0,0,0,0,0,0,0,0,0,0,0,0,0,0,0,0,0,0,0,0,0,0,0,0,0,0,0,0,0,0,0,0,0,0,0,0,0,0,0,0,0,0,0,0,0,0,0,0,0,0,0,0,0,0,0,0,0,0,0,0,0,0,0,0,0,0,0,0,0,0,0,0,0,0,0,0,0,0.0
3/6/20,0,0,0,0,0,0,0,0,0,0,0,0,0,0,0,0,0,0,0,0,0,0,0,0,0,0,0,0,0,0,0,0,0,0,0,0,0,0,0,0,0,0,0,0,0,0,0,0,0,0,0,0,0,0,0,0,0,0,0,0,0,0,0,0,0,0,0,0,0,0,0,0,0,0,0,0,0,0,0,0,0,0,0,0,0,0,0,0,0,0,0,0,0,0,0,0,0,0,0,0,0,0,0,0,0,0.0
3/7/20,0,0,0,0,0,0,0,0,0,0,0,0,0,0,0,0,0,0,0,0,0,0,0,0,0,0,0,0,0,0,0,0,0,0,0,0,0,0,0,0,0,0,0,0,0,0,0,0,0,0,0,0,0,0,0,0,0,0,0,0,0,0,0,0,0,0,0,0,0,0,0,0,0,0,0,0,0,0,0,0,0,0,0,0,0,0,0,0,0,0,0,0,0,0,0,0,0,0,0,0,0,0,0,0,0,0.0
3/8/20,0,0,0,0,0,0,0,0,0,0,0,0,0,0,0,0,0,0,0,0,0,0,0,0,0,0,0,0,0,0,0,0,0,0,0,0,0,0,0,0,0,0,0,0,0,1,0,0,0,0,0,0,0,0,0,0,0,0,0,0,0,0,0,0,0,0,0,0,0,0,0,0,0,0,0,0,0,0,0,0,0,0,0,0,0,0,0,0,0,0,0,0,0,0,0,0,0,0,0,0,0,0,0,0,0,1.0
3/9/20,0,0,0,0,0,0,0,0,0,0,0,0,0,0,0,0,0,0,0,0,0,0,0,0,0,0,0,0,0,0,0,0,0,0,0,0,0,0,0,0,0,0,0,0,0,1,0,0,0,0,0,0,0,0,0,0,0,0,0,0,0,0,0,0,0,0,0,0,0,0,0,0,0,0,0,0,0,0,0,0,0,0,0,0,0,0,0,0,0,0,0,0,0,0,0,0,0,0,0,0,0,0,0,0,0,1.0
3/10/20,0,0,0,0,0,0,0,0,0,0,0,0,0,0,0,0,0,0,0,0,0,0,0,0,0,0,0,0,0,0,0,0,0,0,0,0,0,0,0,0,0,0,0,0,0,1,0,0,0,0,0,0,0,0,0,0,0,0,0,0,0,0,0,0,0,0,0,0,0,0,0,0,0,0,0,0,0,0,0,0,0,0,0,0,0,0,0,0,0,0,0,0,0,0,0,0,0,0,0,0,0,0,0,0,0,1.0
3/11/20,0,0,0,0,0,0,0,0,0,0,0,0,0,0,0,0,0,0,0,0,0,0,0,0,0,0,0,0,0,0,0,0,0,0,0,0,0,0,0,0,0,0,0,0,0,1,0,0,0,0,0,0,0,0,0,0,0,0,0,0,0,0,0,0,0,0,0,0,0,0,0,0,0,0,0,0,0,0,0,0,0,0,0,0,0,0,0,0,0,0,0,0,0,0,0,0,0,0,0,0,0,0,0,0,0,1.0
3/12/20,0,0,0,0,0,0,0,0,0,0,0,0,0,0,0,0,0,0,0,0,0,0,0,0,0,0,0,0,0,0,0,0,0,0,0,0,0,0,0,0,0,0,0,0,0,4,0,0,0,0,0,0,0,0,0,0,0,0,0,0,0,0,0,0,0,0,0,0,0,0,0,0,0,0,0,0,0,0,0,0,0,0,0,0,0,0,0,0,0,0,0,0,0,0,0,0,0,0,0,0,0,0,0,0,0,4.0
3/13/20,0,0,0,0,0,0,0,0,0,0,0,0,0,0,0,0,0,0,0,0,0,0,0,0,0,0,0,0,0,0,0,0,0,0,0,0,0,0,0,0,0,0,0,0,0,4,0,0,0,0,0,0,0,0,0,0,0,0,0,0,0,0,0,0,0,0,0,0,0,0,0,0,0,0,0,0,0,0,0,0,0,0,0,0,0,0,1,0,0,0,0,0,0,0,0,0,0,0,0,0,0,0,0,0,1,6.0
3/14/20,0,0,0,0,0,0,0,1,0,0,0,0,0,0,0,0,0,0,0,0,0,0,0,0,0,0,0,0,0,1,0,0,0,0,0,0,0,0,0,0,0,0,0,0,0,5,0,0,0,0,0,0,0,0,0,0,0,0,0,0,0,0,0,0,0,0,0,0,0,0,0,0,0,0,0,0,0,0,0,0,0,0,0,0,0,0,0,0,0,0,0,0,0,0,0,0,0,0,0,0,0,0,0,0,1,8.0
3/15/20,0,0,0,0,0,0,0,1,0,0,0,0,0,0,0,0,0,0,0,0,0,0,0,0,0,0,0,0,0,1,0,0,0,0,0,0,0,0,0,0,0,0,0,0,0,5,0,0,0,0,0,0,0,0,0,0,0,0,0,0,0,0,0,0,0,0,0,0,0,0,0,0,0,0,0,0,0,0,0,0,0,0,0,0,0,0,0,0,0,0,0,0,0,0,0,0,0,0,0,0,0,0,0,0,1,8.0
3/16/20,0,0,0,0,0,0,0,1,0,0,0,0,0,0,0,0,0,0,0,0,0,0,0,0,0,0,0,0,0,1,0,0,0,0,0,0,0,0,0,0,0,0,0,0,0,8,0,0,0,0,0,0,0,0,0,0,0,0,0,0,0,0,0,0,0,0,0,0,0,0,0,0,0,0,0,0,0,0,0,0,0,0,0,0,0,0,0,0,0,0,0,0,0,0,0,0,0,0,0,0,0,0,0,0,1,11.0
3/17/20,0,0,0,0,0,0,0,1,0,0,0,0,0,0,0,0,0,0,0,0,0,0,1,0,0,0,0,0,1,1,0,0,0,0,0,0,0,0,0,0,0,0,0,0,0,10,0,0,0,0,0,0,0,0,0,0,0,0,0,0,0,0,0,0,0,0,0,0,0,0,0,0,0,0,0,0,0,0,0,0,0,0,0,0,0,0,0,0,0,0,0,0,0,0,0,0,0,0,0,0,0,0,0,0,4,18.0
3/18/20,0,0,0,0,0,0,0,1,0,0,0,0,0,0,0,0,0,0,0,0,0,0,1,0,0,0,0,0,1,1,0,0,0,0,0,0,0,0,0,0,0,0,0,0,0,12,0,0,0,0,0,2,0,0,0,0,0,0,0,0,0,0,0,0,0,0,0,0,0,0,0,0,0,0,0,0,0,0,0,0,0,0,0,0,0,0,0,0,0,0,0,0,0,0,0,0,0,0,0,0,0,0,0,0,4,22.0
3/19/20,0,0,0,0,0,0,0,2,0,0,1,0,0,0,0,0,0,0,0,0,0,0,1,0,0,0,0,0,0,1,0,0,0,0,0,0,0,0,0,0,0,0,1,0,0,16,0,0,0,0,0,2,0,1,0,0,0,0,0,0,0,0,0,2,0,0,0,0,0,0,0,0,0,0,0,0,0,0,0,0,0,0,0,0,0,0,0,0,0,0,0,0,0,0,0,0,0,0,0,0,0,0,0,0,8,35.0
3/20/20,0,0,0,0,0,0,0,2,0,0,1,0,0,0,0,0,0,0,0,0,0,0,1,0,0,0,0,0,0,1,0,0,0,0,0,0,0,0,0,0,0,0,1,0,0,23,0,0,0,0,0,4,0,1,0,0,0,0,0,0,0,0,0,2,0,0,0,0,0,0,0,0,0,0,0,0,0,1,0,0,1,0,0,0,0,0,1,0,0,0,0,0,0,0,0,0,0,0,0,0,0,0,0,0,9,48.0
3/21/20,0,0,0,0,0,0,0,2,0,0,1,0,0,0,0,0,0,0,0,0,0,0,3,0,0,0,0,0,0,1,0,0,0,0,0,0,0,0,0,0,0,0,1,0,0,25,0,0,0,0,0,4,0,1,0,0,0,0,0,0,0,1,0,2,0,0,0,0,0,0,0,0,0,0,0,0,0,1,0,0,1,0,0,0,0,0,1,0,0,0,0,0,0,0,0,0,0,0,0,0,0,0,0,0,13,57.0
3/22/20,0,0,0,0,0,0,0,3,0,0,1,0,0,0,0,0,0,0,0,0,0,0,4,0,0,0,0,0,0,1,0,0,0,0,0,0,0,0,0,0,0,0,1,0,0,28,0,0,0,0,0,4,0,2,0,0,0,0,0,0,0,1,0,2,0,0,0,0,0,0,0,0,0,0,0,0,0,1,0,0,1,0,0,0,0,0,2,0,0,0,0,0,0,0,0,0,0,0,0,0,0,0,0,0,14,65.0
3/23/20,0,0,0,0,0,1,0,3,0,0,2,0,0,0,0,0,0,0,2,0,0,0,8,0,0,0,0,0,0,1,0,0,0,0,0,0,0,0,0,0,0,0,1,0,0,32,0,0,0,0,0,5,0,2,0,2,0,0,0,0,0,2,0,2,0,0,0,0,0,0,0,0,0,0,1,0,0,2,0,0,0,0,0,0,0,0,2,0,0,0,0,0,0,0,0,0,0,0,0,0,0,0,0,0,16,84.0
3/24/20,0,0,0,0,0,1,0,3,0,0,2,0,0,0,0,0,0,0,2,0,0,1,6,0,0,0,0,0,0,1,0,0,0,0,0,0,0,0,0,0,0,0,1,0,0,36,0,0,0,0,0,7,0,2,0,2,0,0,0,0,0,1,0,2,0,0,0,0,0,0,0,0,0,0,1,0,0,2,0,0,0,0,0,0,0,0,7,0,0,0,0,0,0,0,0,0,0,0,0,0,0,0,0,1,22,100.0
3/25/20,0,0,0,0,0,1,0,3,0,0,2,0,0,0,0,0,0,0,2,0,0,1,10,0,0,0,0,0,0,1,0,0,0,0,0,0,0,0,0,0,0,0,1,0,0,44,0,0,0,0,0,11,0,4,0,4,0,0,0,0,0,2,0,2,0,0,1,0,0,0,0,0,0,0,1,0,0,2,0,0,0,0,0,0,0,0,11,0,3,0,0,0,0,0,0,0,0,0,0,0,0,0,0,1,27,134.0
3/26/20,0,0,0,0,0,1,0,3,0,0,2,0,0,0,0,0,0,0,3,0,0,1,13,0,0,0,0,0,0,1,0,0,0,0,0,0,0,0,0,0,0,0,1,1,0,59,0,0,0,0,0,12,0,4,0,4,0,0,0,0,0,2,0,2,0,0,1,0,0,0,0,0,0,0,1,0,0,4,0,0,1,0,0,0,0,0,16,0,4,0,0,0,0,0,0,1,0,0,0,0,0,0,0,1,34,172.0
3/27/20,0,0,0,0,0,3,0,3,0,0,2,0,0,1,0,1,0,0,3,0,0,1,14,0,0,0,0,0,0,2,0,1,0,0,0,0,0,0,0,1,0,0,1,1,0,66,0,0,0,0,0,12,0,4,0,4,0,0,1,0,0,2,0,2,0,0,1,0,0,1,0,1,0,0,1,0,0,5,0,0,2,0,0,0,0,0,20,0,5,0,0,0,0,0,0,1,0,0,0,0,0,0,0,1,43,206.0
3/28/20,0,0,0,0,0,3,0,3,0,0,2,0,0,1,0,5,0,0,3,0,0,1,23,0,0,0,0,0,1,6,0,1,0,0,0,0,0,0,0,1,0,0,1,1,0,80,0,0,0,0,0,15,0,4,0,4,0,0,1,0,0,2,0,2,0,0,1,0,0,1,0,1,0,0,1,0,0,5,0,0,2,0,0,0,0,0,33,0,7,0,0,0,0,0,0,1,0,0,0,0,0,0,0,1,53,266.0
3/29/20,0,0,0,0,0,3,0,3,0,0,2,0,0,1,0,8,0,0,4,0,0,1,23,0,0,0,0,0,1,6,0,1,0,0,0,0,0,0,0,1,0,0,1,1,0,108,0,0,0,0,0,17,0,5,0,7,0,0,3,0,0,2,3,2,0,0,1,0,0,1,0,1,0,0,1,0,0,7,0,0,2,0,0,0,0,0,42,0,13,0,0,0,1,0,1,1,0,0,0,0,0,0,0,1,55,330.0
3/30/20,0,0,1,0,0,3,0,3,0,0,2,0,0,1,0,10,0,0,5,0,0,1,23,0,0,0,0,1,1,6,0,1,0,0,0,0,0,0,0,1,0,0,1,1,0,116,0,0,0,0,0,20,0,5,0,9,0,0,3,0,0,2,4,2,0,0,1,0,0,2,0,1,0,0,1,0,0,7,0,0,2,0,0,0,1,0,49,0,14,0,0,0,1,0,2,1,0,0,0,0,0,0,0,1,67,372.0
3/31/20,0,0,1,0,1,3,0,3,0,1,3,0,0,1,0,14,0,0,5,0,0,1,24,0,0,0,0,1,1,7,0,1,0,0,0,0,0,0,0,1,0,0,1,1,0,134,0,0,0,1,0,24,0,5,0,11,0,0,3,0,0,2,5,2,0,0,1,0,0,3,0,1,0,0,2,0,0,7,0,0,2,0,0,0,1,0,58,0,17,0,0,0,1,0,2,1,0,0,0,0,0,0,0,2,79,434.0
4/1/20,0,0,1,0,1,3,0,5,0,1,3,0,0,1,0,16,0,0,5,0,0,1,31,0,0,0,0,1,0,7,0,1,0,0,0,0,0,0,0,2,0,0,1,1,0,143,0,0,0,1,0,25,0,5,0,12,0,0,5,0,0,2,6,2,0,0,1,0,0,3,0,1,0,0,2,1,0,8,0,0,5,0,0,0,1,0,64,0,18,0,0,0,1,0,1,1,0,0,0,0,0,0,0,3,93,485.0
4/2/20,0,1,1,0,2,3,0,7,0,1,4,0,0,1,1,16,0,1,5,0,0,1,31,0,0,0,0,3,0,7,0,1,0,0,0,0,0,0,0,2,0,0,1,1,0,161,0,0,0,1,0,27,0,6,0,16,0,0,5,0,0,2,6,2,0,0,1,0,0,3,0,1,0,0,2,1,0,8,0,0,6,0,0,0,3,0,79,0,20,0,0,0,1,0,2,1,0,0,0,0,0,0,0,3,106,553.0
4/3/20,0,0,1,0,3,3,0,7,0,2,5,0,0,1,1,18,0,1,4,0,0,1,31,0,0,0,0,4,1,9,0,1,0,0,0,0,0,0,0,2,0,0,1,2,0,172,0,0,0,1,0,31,0,5,0,17,1,0,6,0,0,2,6,2,0,0,1,0,0,3,1,1,0,0,2,1,0,9,0,0,11,0,0,0,4,0,85,0,26,0,0,0,1,0,1,2,0,0,0,0,0,0,0,3,137,629.0
4/4/20,0,0,2,0,3,3,0,8,0,3,5,0,0,1,1,23,0,1,4,0,0,1,32,0,0,0,0,9,1,9,0,1,0,0,0,0,1,0,0,2,0,0,1,2,1,185,0,0,0,4,0,33,0,5,0,19,2,0,8,0,2,2,6,2,0,0,1,0,0,3,2,2,0,0,2,1,0,9,0,0,11,0,0,0,5,0,97,0,27,0,0,0,1,0,1,2,0,0,0,0,0,0,0,3,149,698.0
4/5/20,0,0,2,0,3,4,0,8,0,3,5,0,0,1,1,24,0,1,6,0,0,1,33,0,0,0,0,10,1,9,2,1,0,0,0,0,1,0,0,2,0,0,1,2,1,192,0,0,0,4,0,36,0,5,0,24,2,0,8,0,2,2,6,2,0,0,1,0,0,3,2,3,0,0,2,1,0,10,0,0,13,0,0,0,5,0,108,0,32,0,0,0,1,0,1,2,0,0,1,0,0,0,0,3,158,751.0
4/6/20,0,0,2,0,3,6,0,8,0,3,5,0,0,1,1,29,0,1,4,0,0,1,36,0,0,0,0,10,1,10,2,1,0,0,0,0,1,0,0,3,0,0,1,3,1,212,0,0,0,5,0,40,0,5,0,23,3,0,9,0,2,2,9,2,1,0,1,0,0,3,2,3,0,0,3,1,0,10,1,0,14,0,0,0,7,0,124,0,40,0,0,0,1,0,1,2,0,0,1,0,0,0,0,3,186,849.0
4/7/20,0,0,2,1,3,7,0,8,0,3,5,0,0,1,2,32,0,1,6,0,0,1,38,0,0,0,0,11,1,10,4,1,0,0,0,0,1,0,0,4,0,0,1,3,1,219,0,0,0,8,0,43,0,5,0,25,3,0,10,0,2,2,9,2,1,0,1,0,0,3,2,3,0,0,3,1,0,11,2,0,17,0,0,0,7,1,134,1,47,0,0,0,1,0,1,2,0,0,1,0,0,0,0,3,195,912.0
4/8/20,0,0,2,1,4,7,0,8,0,3,5,0,0,1,3,35,0,1,4,0,0,1,38,0,0,0,0,11,2,10,4,1,0,0,0,0,1,0,0,4,0,0,1,5,2,244,0,0,0,9,0,59,0,5,0,26,3,0,11,0,2,2,11,2,1,0,1,0,0,3,2,3,0,0,5,1,0,10,3,0,19,2,0,0,7,1,154,3,50,0,0,0,1,0,1,2,0,0,1,0,0,0,0,3,245,1046.0
4/9/20,0,0,2,1,4,7,0,8,0,3,5,0,0,1,3,36,0,1,6,0,0,1,38,0,0,0,0,12,2,10,5,1,0,0,0,0,1,0,0,4,0,0,1,5,2,252,0,0,0,11,0,61,0,5,0,27,3,0,13,0,3,2,11,2,1,0,1,0,0,3,2,3,0,0,5,1,0,11,3,0,20,2,0,0,8,1,161,3,56,0,0,0,1,0,1,2,0,0,7,0,0,0,0,3,272,1116.0
4/10/20,0,0,2,1,4,7,0,8,0,3,5,0,0,1,3,36,0,1,6,0,0,1,38,0,0,1,0,12,2,10,5,1,0,0,0,0,1,0,0,4,0,0,1,5,2,252,0,0,0,11,0,61,0,5,0,27,3,0,13,0,3,2,11,2,1,0,1,0,0,3,2,3,0,0,5,1,0,11,3,0,20,2,0,0,8,1,161,3,56,0,0,0,1,0,1,2,0,0,7,0,0,0,0,3,272,1117.0
4/11/20,0,1,3,1,4,7,0,8,0,3,6,0,0,1,3,38,0,1,6,0,0,1,39,0,0,1,0,15,5,12,5,1,0,0,0,0,1,1,0,4,0,0,1,5,2,283,0,0,0,18,0,75,0,5,0,27,3,0,13,0,3,2,14,2,1,0,2,0,0,3,2,3,0,1,5,1,0,11,4,0,20,2,0,0,8,1,191,3,73,0,0,0,1,0,2,2,0,0,1,0,0,0,0,3,315,1275.0
4/12/20,0,1,3,1,4,7,0,8,0,3,6,0,0,1,3,38,0,1,6,0,0,1,39,0,0,1,0,15,13,12,5,1,0,0,0,0,1,1,0,4,0,0,1,5,3,304,1,0,0,18,0,85,0,5,0,27,3,0,13,0,3,2,14,2,1,0,2,0,0,4,2,3,0,1,5,1,0,11,4,0,20,2,0,0,9,1,196,5,74,0,0,0,1,1,2,2,0,0,1,0,0,0,0,3,332,1344.0
4/13/20,0,1,3,1,4,7,0,9,0,3,6,0,0,1,3,40,0,1,6,0,0,1,40,0,0,2,0,17,16,12,8,1,0,0,0,0,1,1,0,4,0,0,1,5,3,309,1,0,0,18,0,90,0,5,0,30,4,0,13,0,3,2,14,2,1,0,2,0,0,4,2,3,0,1,5,1,0,13,4,0,21,2,0,0,10,1,200,6,78,0,0,0,1,2,2,2,0,0,1,0,0,0,0,3,337,1390.0
4/14/20,0,0,3,1,4,7,0,9,0,3,6,0,0,1,3,41,0,1,6,0,1,1,40,0,0,4,0,17,17,12,10,1,0,0,0,0,1,1,0,5,0,0,1,5,3,323,0,0,0,19,0,95,0,5,0,32,5,0,14,0,4,2,11,2,1,0,2,0,0,4,2,3,0,1,5,1,0,14,4,0,23,2,0,0,13,1,206,6,80,0,0,1,1,2,2,2,0,0,1,0,0,0,0,3,345,1441.0
4/15/20,0,0,3,1,5,7,0,10,0,3,7,0,0,1,3,45,0,1,6,0,1,1,41,0,0,4,0,18,32,12,9,1,0,0,0,0,1,1,0,5,0,0,1,5,3,334,0,0,0,20,0,95,0,6,0,32,5,0,14,0,4,2,11,2,1,0,2,0,0,4,2,3,0,1,5,1,0,14,4,0,25,2,0,0,13,1,209,7,82,0,0,1,1,2,2,2,0,0,1,0,0,0,0,4,363,1504.0
4/16/20,0,0,3,1,5,7,0,10,0,3,7,0,0,1,3,45,0,1,6,0,1,1,42,0,0,4,0,21,51,12,9,1,0,0,0,0,1,1,0,5,0,0,1,5,3,343,0,0,0,20,0,115,0,6,0,48,5,0,15,0,4,2,11,2,2,0,2,0,0,4,2,3,0,1,5,1,0,14,4,0,26,3,0,0,15,1,219,13,84,0,1,1,1,2,3,3,0,0,1,0,0,0,0,4,379,1615.0
4/17/20,0,0,4,1,6,7,0,11,1,3,7,0,0,2,3,45,0,1,6,0,1,1,42,0,0,4,0,27,84,12,9,1,0,0,0,0,2,1,0,5,0,0,1,6,3,358,0,0,0,20,0,115,0,6,0,47,5,0,15,0,4,2,12,2,2,0,2,0,0,4,2,3,0,1,5,1,0,14,4,0,27,3,0,0,15,1,231,24,90,0,1,2,1,3,3,3,0,0,1,0,0,0,1,4,400,1730.0
4/18/20,0,0,4,1,6,7,0,12,1,3,7,0,0,2,3,46,0,1,6,0,1,1,43,0,0,4,0,31,107,12,9,1,0,0,0,0,2,1,0,5,0,0,1,5,3,369,0,0,0,20,0,123,0,6,0,57,5,0,15,0,4,2,12,2,2,0,2,0,0,4,2,3,0,1,6,1,0,14,4,0,27,4,0,0,15,1,238,35,90,0,1,2,1,3,3,3,0,0,1,0,0,0,1,5,412,1821.0
4/19/20,0,0,5,1,6,7,0,12,1,3,7,0,0,2,3,47,0,1,6,0,1,1,43,0,0,8,0,35,127,12,9,1,0,0,1,0,2,1,0,5,0,0,1,5,4,372,1,0,0,20,0,128,0,6,0,77,5,0,16,0,4,2,12,2,2,0,2,0,0,4,2,3,0,1,6,1,0,14,4,0,27,4,0,0,15,1,242,47,91,0,1,2,1,3,3,3,0,0,1,0,0,0,1,5,417,1905.0
4/20/20,0,0,6,1,7,7,0,12,1,3,7,0,0,5,3,47,0,1,6,0,1,1,43,1,0,8,0,41,180,12,9,1,0,0,1,0,2,1,0,5,1,0,1,6,4,377,2,0,0,20,0,135,0,6,0,77,5,0,17,0,4,2,12,2,2,0,2,0,0,4,2,3,0,1,6,1,0,15,4,0,29,4,0,0,17,1,250,79,94,1,1,2,1,4,4,3,0,0,2,0,0,0,1,5,427,2048.0
4/21/20,0,0,6,1,9,7,0,12,1,3,7,0,0,5,3,47,0,1,6,0,1,3,43,1,0,8,0,42,187,12,9,1,0,0,0,0,2,1,0,5,1,0,1,6,4,384,4,0,0,20,0,136,0,6,0,111,5,0,19,0,4,2,12,2,2,0,2,0,0,4,2,3,0,1,6,1,0,15,4,0,31,4,0,0,17,1,283,96,94,2,1,2,1,4,4,3,0,0,2,0,0,0,1,5,433,2164.0
4/22/20,0,0,6,1,9,7,0,13,1,3,7,0,0,4,3,47,0,1,6,0,1,3,43,1,0,8,0,56,208,12,9,1,0,0,0,0,2,1,0,5,1,0,1,6,4,396,4,0,0,20,0,150,0,6,0,110,5,0,19,0,4,2,12,3,2,0,2,0,0,5,2,3,0,1,6,1,0,16,4,0,34,4,0,0,17,1,295,142,96,2,1,2,1,4,4,3,0,0,3,0,0,0,1,5,473,2331.0
4/23/20,0,0,8,1,9,6,0,13,1,3,7,0,1,4,3,48,0,1,6,0,1,3,44,1,0,8,0,127,288,12,9,1,0,0,1,0,2,1,0,5,6,0,1,7,4,403,9,0,1,20,0,154,0,6,0,158,5,0,20,0,4,2,13,3,2,0,2,0,0,5,2,3,0,1,8,1,0,17,4,1,37,4,0,0,17,1,316,249,100,2,1,2,1,4,6,3,0,0,6,0,0,0,1,5,490,2721.0
4/24/20,0,0,8,1,9,6,0,13,1,3,7,0,1,4,3,48,0,2,6,0,1,3,46,1,0,8,0,162,350,12,9,1,0,1,2,0,3,1,0,5,6,0,1,8,4,417,10,0,1,21,0,154,0,6,0,174,5,0,20,1,4,2,13,3,2,0,2,0,0,5,2,3,0,1,8,1,0,24,4,3,40,4,0,0,18,1,323,291,100,2,3,2,1,4,6,3,0,0,6,0,0,0,1,5,527,2959.0
4/25/20,0,0,8,1,9,6,0,13,1,3,7,0,1,4,3,48,0,2,6,0,1,3,48,1,0,8,0,162,419,12,10,1,0,1,2,0,3,2,0,5,7,0,1,8,4,424,11,0,1,21,0,169,0,6,0,176,5,0,20,1,5,2,16,3,2,0,2,0,0,5,2,3,0,1,9,1,0,24,4,3,43,5,0,0,19,1,334,314,101,2,3,2,1,4,6,3,0,0,10,0,0,0,1,5,555,3135.0
4/26/20,0,0,9,1,9,6,0,13,1,3,7,0,1,4,3,48,0,2,7,0,2,3,48,1,0,8,0,202,459,12,10,1,0,1,2,0,3,2,0,5,7,0,2,8,4,430,11,0,1,21,0,177,0,6,0,176,5,0,20,2,5,2,16,3,2,0,2,0,0,5,2,3,0,1,9,1,0,26,4,3,44,6,0,0,19,1,338,336,101,2,3,2,1,4,6,3,0,0,13,0,0,0,1,5,565,3277.0
4/27/20,0,0,9,1,9,6,0,14,1,3,7,0,1,4,3,48,0,3,7,0,2,3,49,2,0,8,0,238,516,12,10,1,0,1,3,0,3,2,0,6,7,0,2,8,4,440,12,0,1,21,0,184,0,6,0,177,5,0,20,2,5,2,16,3,2,1,2,0,0,5,2,3,0,1,9,1,0,27,4,3,45,6,0,0,20,1,339,393,106,2,3,2,1,4,7,3,0,0,15,0,0,0,1,5,573,3473.0
4/28/20,0,0,9,1,9,6,0,15,3,4,7,1,1,5,3,48,0,3,7,0,2,3,49,2,0,8,0,270,544,13,11,1,0,1,4,0,3,2,0,6,7,0,2,8,4,446,14,0,1,21,0,187,0,6,0,193,5,0,20,2,5,2,16,3,3,1,2,0,0,5,2,3,0,1,9,1,0,27,4,3,47,6,0,0,20,0,354,444,108,2,3,2,1,4,8,3,0,0,15,0,0,0,1,5,585,3652.0
4/29/20,0,0,9,1,9,6,0,16,3,4,8,2,1,4,4,48,0,3,7,0,2,3,49,3,1,8,0,270,600,13,11,1,0,2,4,0,3,2,0,6,7,0,2,9,4,454,14,0,1,22,0,197,0,6,0,201,5,0,20,3,5,3,16,3,3,1,3,0,0,5,2,4,0,1,10,1,0,35,4,3,47,6,0,0,21,0,366,472,112,2,3,2,1,6,8,3,0,0,18,0,0,0,1,5,619,3839.0
4/30/20,0,0,9,1,9,6,0,16,3,4,8,2,1,4,4,48,0,3,8,0,2,3,50,3,1,8,0,404,675,14,11,1,0,4,4,0,3,2,1,7,7,0,2,9,4,464,16,0,1,22,0,356,0,6,0,218,5,0,22,5,5,3,17,3,3,1,2,0,0,5,2,4,0,1,13,1,0,36,4,3,49,6,0,0,21,0,402,527,117,2,4,2,1,6,9,3,0,0,21,0,1,0,1,5,677,4413.0
5/1/20,0,0,10,1,9,6,0,14,3,4,8,2,1,4,4,48,0,3,8,0,2,3,51,4,1,8,0,503,702,14,11,1,0,5,5,0,3,2,1,7,7,0,2,9,4,471,19,0,1,22,0,372,0,6,0,230,5,0,22,6,5,3,17,3,3,1,2,0,1,5,2,4,0,1,13,1,0,39,4,3,51,6,0,0,21,1,408,528,121,2,4,2,1,6,9,3,0,0,22,0,1,0,1,6,710,4634.0
5/2/20,0,0,10,1,9,6,0,14,3,4,8,2,1,4,4,48,0,3,8,0,2,4,51,4,0,8,0,550,770,16,11,1,0,5,5,0,3,4,1,8,7,0,2,10,4,486,19,0,1,22,0,386,0,6,0,245,5,0,22,10,5,3,17,3,3,1,2,0,1,5,2,4,0,1,13,1,0,40,4,3,52,6,0,0,21,1,418,539,126,2,5,2,1,6,10,3,0,0,23,0,0,0,1,6,762,4885.0
5/3/20,0,0,11,1,9,6,1,14,3,4,8,2,1,4,4,49,0,3,8,0,2,4,51,4,0,8,0,550,815,17,11,1,0,7,5,0,3,4,1,8,7,0,2,10,4,498,19,0,2,22,0,498,0,6,0,248,5,0,23,10,5,3,18,3,3,1,2,0,2,5,2,4,0,1,15,1,0,41,4,3,54,6,0,0,21,1,426,547,127,2,5,2,1,6,11,4,0,0,24,0,0,0,1,6,826,5156.0
5/4/20,0,0,11,1,9,6,1,14,3,4,8,2,2,4,4,49,0,3,8,0,2,4,51,4,0,8,0,586,832,19,11,1,0,7,6,0,3,4,1,8,8,0,2,10,4,504,21,0,2,22,0,529,0,6,0,255,5,0,23,11,5,3,19,3,3,1,2,0,2,5,2,4,0,1,15,1,0,40,4,3,55,6,0,0,21,1,436,599,128,2,5,2,1,7,12,4,0,0,27,0,0,0,1,6,879,5383.0
5/5/20,0,0,12,1,9,6,1,14,3,4,8,2,8,5,4,49,0,3,8,0,2,4,51,4,0,8,1,659,869,19,11,1,0,7,6,0,3,4,1,9,8,0,2,10,4,513,23,0,2,22,0,602,0,6,0,265,5,0,23,12,5,3,20,3,3,1,2,0,2,5,2,4,0,1,15,1,0,40,4,3,55,6,0,0,21,2,439,622,133,2,5,2,1,7,12,4,0,0,27,0,0,0,1,6,896,5648.0
5/6/20,0,0,12,1,12,6,1,14,3,4,8,2,9,4,4,50,0,3,8,0,2,4,56,4,0,8,1,740,880,20,13,1,0,8,6,0,3,4,1,9,8,0,2,11,4,521,24,0,2,22,0,783,0,6,0,271,5,0,25,13,5,3,20,3,3,1,2,0,2,5,2,4,0,1,15,1,0,40,4,3,55,6,0,0,21,2,441,640,137,2,5,2,1,7,14,4,0,0,27,0,0,0,1,6,910,5993.0
5/7/20,0,0,12,1,12,6,1,14,3,4,8,2,17,4,4,50,0,3,8,0,2,7,56,4,0,8,1,791,930,20,13,1,0,8,6,0,3,5,1,9,9,0,2,12,4,553,26,0,2,22,0,885,0,6,0,282,5,0,25,16,5,3,20,3,3,1,2,0,2,5,2,4,0,1,15,1,0,41,4,3,56,6,0,0,21,2,454,664,140,2,5,2,1,7,14,4,0,0,27,0,0,0,1,6,942,6332.0
5/8/20,0,0,12,1,17,6,1,14,3,4,8,2,17,4,4,50,0,3,8,0,2,7,56,4,0,8,2,861,1024,20,14,1,0,11,7,0,3,7,1,9,14,0,2,12,4,576,28,0,2,22,0,906,0,6,0,294,5,0,25,21,5,3,21,3,3,1,2,0,2,5,2,4,0,1,16,1,0,41,4,3,57,6,0,0,21,3,457,678,149,2,5,2,1,9,14,4,0,0,27,0,0,0,1,6,1000,6667.0
5/9/20,0,0,12,1,19,6,1,14,3,4,8,2,17,4,4,50,0,3,8,0,2,7,56,4,0,8,2,902,1061,20,14,1,0,11,7,0,3,8,1,9,15,0,3,12,4,583,30,0,2,22,0,908,0,6,0,298,5,0,25,21,6,3,21,3,3,1,2,0,2,5,2,4,0,1,16,1,0,41,4,3,57,6,0,0,21,3,458,681,160,2,5,2,1,9,17,4,0,0,27,0,0,0,1,6,1045,6829.0
5/10/20,0,1,13,1,21,6,1,14,3,4,8,2,17,4,4,50,0,3,8,0,2,8,56,4,0,8,2,902,1099,23,14,1,0,11,7,0,3,8,1,9,16,0,4,12,4,591,30,0,2,22,0,918,0,6,0,302,5,0,25,21,6,3,21,3,3,1,2,0,2,5,2,4,0,1,19,1,0,41,4,3,58,6,0,0,21,3,468,686,160,2,5,2,1,9,17,4,0,0,27,0,0,0,1,6,1078,6951.0
5/11/20,0,1,14,1,22,6,1,14,3,4,8,2,19,4,4,50,0,3,8,0,2,8,57,4,0,8,2,992,1132,26,14,1,0,11,8,0,3,7,1,9,16,0,4,13,4,604,31,0,2,22,0,937,0,6,0,303,5,0,26,22,6,3,21,3,4,1,2,0,2,6,2,4,0,1,19,1,0,41,4,3,58,6,0,0,21,4,469,707,166,2,5,2,1,9,18,4,0,0,27,0,0,0,1,6,1086,7159.0
5/12/20,0,1,14,1,23,6,1,14,3,4,8,2,19,4,4,50,0,3,8,0,2,8,58,4,0,8,2,994,1170,28,14,1,0,11,8,0,3,7,1,9,15,0,4,15,4,607,32,0,2,22,0,938,0,6,0,303,5,0,26,22,6,3,21,3,4,1,2,0,2,6,2,4,0,1,19,1,0,41,4,3,58,6,0,0,23,4,471,727,173,2,5,2,1,9,18,4,0,0,27,0,0,0,1,6,1086,7240.0
5/13/20,0,1,15,1,24,6,1,14,3,4,8,2,19,4,4,50,0,3,8,0,2,9,58,4,0,8,2,1101,1229,30,14,1,0,12,10,0,3,8,1,9,16,0,12,16,4,612,34,0,2,22,0,950,0,6,0,305,5,0,26,22,6,3,20,3,4,1,2,0,2,6,2,4,0,1,18,1,0,41,4,4,59,6,0,0,23,6,507,743,178,2,5,2,1,9,18,5,0,0,27,0,0,0,1,6,1098,7518.0
5/14/20,0,1,15,1,28,6,1,14,3,4,8,2,19,4,4,50,0,4,8,0,2,9,58,4,0,8,2,1175,1250,30,14,1,0,12,10,0,3,8,1,10,16,0,23,19,4,619,34,0,2,22,0,955,0,6,0,308,5,0,26,22,6,3,20,3,4,1,2,0,2,6,2,4,0,2,18,1,0,41,4,4,59,6,0,0,23,6,527,754,179,2,5,2,1,9,26,5,0,0,27,0,0,0,1,6,1114,7705.0
5/15/20,0,1,15,1,30,6,3,18,3,4,8,2,20,4,4,50,0,4,8,0,2,9,59,4,0,8,2,1234,1296,32,14,1,0,13,12,0,3,9,1,10,16,0,23,19,4,638,36,0,2,22,0,958,0,6,0,310,5,0,26,22,6,3,20,3,4,1,2,0,2,6,2,4,0,2,19,1,0,41,4,4,60,6,0,0,23,8,530,758,184,2,5,2,1,9,26,6,0,0,28,0,0,1,1,6,1129,7886.0
5/16/20,0,1,15,1,30,6,3,18,3,4,8,2,20,4,4,50,0,4,8,0,2,9,60,4,0,8,2,1234,1311,32,14,1,0,14,12,0,3,9,1,10,16,0,24,19,4,642,36,0,2,22,0,958,0,6,0,310,5,0,26,22,6,3,20,3,4,1,2,0,2,6,2,4,0,2,19,1,0,41,4,4,60,6,0,0,24,8,534,758,185,2,6,2,1,9,26,6,0,0,28,0,0,1,1,6,1153,7939.0
5/17/20,0,1,15,1,31,6,3,18,3,4,8,2,20,4,4,50,0,4,8,0,2,9,60,4,0,8,2,1234,1311,32,14,1,0,16,12,0,3,9,1,10,16,0,25,19,4,646,36,0,2,22,0,958,0,6,0,310,5,0,26,22,6,3,20,3,4,1,2,0,2,6,2,4,0,2,19,1,0,41,4,4,60,6,0,0,24,12,535,758,185,2,6,2,1,9,26,6,0,0,28,0,0,1,1,6,1154,7953.0
5/18/20,0,1,15,1,31,6,5,18,3,4,8,2,21,5,4,50,0,4,8,0,2,9,60,5,0,8,2,1316,1400,32,14,1,0,17,15,0,3,9,1,11,16,0,31,20,4,655,40,0,2,23,0,1052,0,6,0,312,5,0,26,22,6,3,20,3,4,3,2,1,2,7,2,4,0,2,20,1,0,41,4,4,60,6,0,0,24,12,536,780,198,2,6,2,1,9,26,6,0,0,28,0,0,0,1,6,1166,8303.0
5/19/20,0,1,15,1,31,6,5,18,3,4,8,2,21,5,4,50,0,4,8,0,2,9,62,5,0,8,2,1331,1411,32,14,1,0,18,15,0,3,9,1,11,16,0,32,20,4,657,40,0,2,22,0,1053,0,7,0,317,5,0,26,22,6,3,20,3,4,4,2,1,2,7,2,4,0,2,20,1,0,41,4,4,60,6,0,0,24,12,538,780,199,2,6,2,1,9,26,6,0,0,28,0,0,0,1,6,1174,8353.0
5/20/20,0,1,17,1,31,6,5,18,3,4,8,2,21,5,4,50,0,4,8,0,2,9,62,5,0,8,2,1363,1437,32,15,1,0,18,16,0,3,10,1,11,15,0,33,21,4,669,40,0,2,22,1,1058,0,7,0,317,5,0,27,22,6,3,20,3,4,8,2,1,2,7,2,4,0,2,21,1,0,41,4,4,60,6,0,0,24,13,539,810,217,2,6,2,1,9,26,6,0,0,29,0,0,0,1,6,1189,8507.0
5/21/20,0,1,18,1,32,7,5,22,3,4,8,2,21,5,4,50,0,4,8,0,2,10,62,5,0,8,2,1398,1437,32,16,1,0,18,16,0,3,10,1,11,15,0,36,21,4,679,40,0,2,22,1,1062,0,7,0,321,5,0,27,22,6,3,20,3,4,8,2,1,2,7,2,4,0,2,21,1,0,43,4,4,60,6,0,0,24,13,542,817,234,2,6,2,1,9,26,6,0,0,29,0,0,0,1,6,1213,8625.0
5/22/20,1,1,18,1,36,7,5,24,3,4,9,2,31,5,4,50,1,4,8,0,4,12,63,5,0,8,2,1418,1555,32,16,1,0,18,21,0,3,10,1,11,17,1,84,21,4,684,40,0,2,22,1,1067,0,7,0,328,5,0,27,24,6,3,20,3,4,9,2,1,2,7,2,4,0,2,22,1,0,43,4,4,61,6,0,0,24,13,545,821,247,2,6,2,1,9,26,6,0,1,29,0,0,0,1,6,1236,8909.0
5/23/20,1,1,19,1,36,7,6,25,4,4,9,2,31,5,4,50,1,4,8,0,4,12,63,5,0,8,2,1418,1555,32,16,1,0,18,21,0,3,10,1,11,17,1,84,21,4,688,40,0,2,22,1,1067,0,7,0,328,5,0,27,24,6,3,20,4,4,9,2,1,2,7,2,4,0,2,22,1,0,43,4,4,61,6,0,0,24,13,553,821,247,2,6,2,1,9,27,6,0,1,29,0,0,0,1,6,1255,8946.0
5/24/20,1,1,19,1,45,7,6,28,4,4,9,2,31,5,5,50,1,4,8,0,4,12,63,5,0,8,2,1418,1560,32,16,1,0,18,21,0,3,10,1,11,17,1,92,21,4,698,40,0,2,22,1,1067,0,7,0,328,5,0,27,24,6,3,20,4,4,13,2,1,2,7,2,4,0,2,22,1,0,43,4,4,61,6,0,0,24,13,556,821,254,2,6,2,1,9,27,6,0,1,29,0,0,0,1,6,1263,9004.0
5/25/20,1,1,21,1,45,7,6,28,4,4,9,2,31,5,5,50,1,4,8,0,3,12,63,5,0,8,2,1418,1601,33,16,1,0,18,22,0,3,10,1,11,18,1,92,22,4,738,40,0,2,22,3,1067,0,7,0,332,5,0,27,24,7,3,20,4,4,13,2,1,2,7,2,4,0,2,23,1,0,43,4,4,62,6,0,0,24,13,559,822,263,2,6,2,1,9,27,6,0,1,30,0,0,0,1,6,1275,9125.0
5/26/20,1,1,21,1,45,7,6,29,4,4,9,2,31,5,5,50,1,4,8,0,3,12,63,5,0,8,2,1451,1601,34,19,1,0,18,22,0,3,10,1,11,18,1,93,22,4,746,40,0,2,22,3,1070,0,7,0,332,5,0,27,24,7,3,20,4,4,14,2,1,2,7,2,4,0,2,23,1,0,43,4,4,63,6,0,0,24,13,560,837,269,2,6,2,1,9,27,6,0,1,30,0,0,0,1,6,1275,9199.0
5/27/20,1,1,21,1,45,7,6,29,4,4,9,2,31,5,5,50,1,4,8,0,3,12,63,5,0,8,2,1458,1622,34,19,1,0,18,22,0,3,16,2,11,18,1,93,22,4,760,44,0,2,22,3,1074,0,7,0,339,5,0,27,26,7,3,20,5,4,14,2,1,2,7,2,4,0,2,23,1,0,43,4,4,64,6,0,0,24,13,564,849,270,2,6,2,1,9,27,6,0,1,31,0,0,0,1,6,1281,9291.0
5/28/20,1,1,21,1,45,7,6,31,4,4,9,2,31,5,5,50,1,4,8,0,3,14,65,5,0,8,2,1466,1622,34,20,1,0,18,22,0,3,16,2,11,18,1,95,22,4,771,44,0,2,22,3,1076,0,7,0,339,5,0,27,26,7,3,20,5,4,15,2,1,2,7,2,4,0,2,23,1,0,43,4,4,64,6,0,0,25,13,573,856,274,2,7,2,1,9,27,6,0,1,31,0,0,0,1,6,1308,9371.0
5/29/20,1,1,22,1,45,7,6,31,4,4,9,2,33,5,5,50,2,5,8,0,3,15,66,5,0,8,2,1481,1732,34,20,1,0,18,22,0,8,17,2,11,21,4,96,22,4,801,45,0,2,22,3,1082,0,11,0,354,5,0,27,29,7,4,20,5,5,16,2,1,2,7,2,4,0,2,25,2,0,43,4,4,64,6,0,0,25,14,575,883,294,2,7,2,1,9,29,8,0,1,31,0,0,0,1,6,1335,9662.0
5/30/20,1,1,22,1,45,7,6,31,4,4,10,2,33,5,5,50,2,5,8,0,3,15,66,5,0,8,2,1481,1732,34,20,1,0,18,22,0,9,17,2,11,21,5,96,22,4,812,45,0,2,22,3,1082,0,11,0,354,5,0,27,29,7,4,20,5,5,16,2,1,2,7,2,4,0,2,25,2,0,43,4,4,64,6,0,0,25,14,580,883,300,2,7,2,1,9,30,8,0,1,31,0,0,0,1,6,1337,9690.0
5/31/20,1,1,22,1,45,7,6,31,4,4,10,2,33,5,5,50,2,5,8,0,3,15,66,5,0,8,2,1481,1742,34,20,1,0,18,22,0,9,17,2,11,21,5,96,22,4,812,45,0,2,22,3,1082,0,11,0,354,5,0,27,29,7,4,20,5,5,16,2,1,2,7,2,4,0,2,25,2,0,43,4,4,64,6,0,0,25,14,580,883,300,2,7,2,1,9,30,8,0,1,31,0,0,0,1,6,1337,9700.0
6/1/20,1,1,23,1,44,7,6,34,4,4,10,2,33,5,5,50,2,10,8,0,4,17,67,5,0,8,2,1502,1787,35,20,1,0,18,23,0,9,18,2,11,21,5,100,22,4,844,45,0,2,22,3,1093,0,11,0,372,5,0,28,31,7,4,20,5,6,18,2,3,2,7,2,4,0,2,25,2,0,43,4,4,66,6,0,0,25,14,601,879,324,2,7,2,1,10,30,8,0,1,31,0,0,0,1,6,1359,9920.0
6/2/20,1,1,23,1,44,7,6,34,4,4,10,2,33,5,5,50,2,10,8,0,4,18,67,5,0,8,2,1504,1789,35,20,1,0,18,23,0,9,18,2,11,21,5,100,22,4,857,45,0,2,22,3,1093,0,11,0,372,5,0,28,31,7,4,20,5,6,19,2,3,2,7,2,4,0,2,25,2,0,43,4,4,66,6,0,0,26,14,604,883,326,2,7,2,1,10,30,8,0,1,31,0,0,0,1,6,1375,9965.0
6/3/20,1,1,23,1,44,7,6,37,4,4,10,2,33,5,5,50,2,15,8,0,4,18,67,5,0,9,2,1518,1794,35,23,1,0,18,23,0,9,20,2,11,22,5,102,22,4,865,45,0,3,22,4,1094,0,11,0,377,5,0,30,31,8,4,20,5,6,19,2,3,2,8,2,4,1,2,26,2,0,43,4,4,67,6,0,0,25,14,616,888,334,2,7,2,1,10,30,8,0,1,31,0,0,0,1,6,1419,10092.0
6/4/20,1,1,23,1,44,8,6,37,4,4,10,2,33,5,5,51,2,15,8,0,4,18,67,5,0,9,2,1522,1794,35,23,1,0,18,23,0,9,20,2,11,22,5,102,22,4,887,45,0,3,22,4,1099,0,11,0,377,5,0,30,31,8,4,20,5,6,19,2,3,2,8,2,4,1,2,26,2,0,44,4,4,67,6,0,0,25,14,625,891,348,2,7,2,1,10,30,8,0,1,31,0,0,0,1,6,1434,10167.0
6/5/20,1,1,23,1,44,8,7,37,4,4,10,2,33,5,5,51,2,17,8,0,5,18,69,5,0,10,2,1526,1813,35,26,1,0,18,23,0,9,20,2,11,22,5,103,22,4,910,45,0,3,22,4,1100,0,11,0,387,5,0,30,30,7,4,20,5,6,19,2,4,2,9,2,4,2,2,27,2,0,45,4,4,68,7,0,0,25,14,635,891,367,2,7,2,1,10,30,8,0,1,31,0,0,0,1,6,1471,10306.0
6/6/20,1,1,23,1,44,8,7,37,4,4,10,2,33,5,5,51,2,17,8,0,5,18,70,5,0,10,2,1526,1819,35,26,1,0,18,23,0,9,20,2,11,22,5,102,22,4,931,45,0,3,22,4,1100,0,11,0,387,5,0,33,30,7,4,20,5,6,19,2,4,2,9,2,4,2,2,27,2,0,45,4,4,68,7,0,0,25,14,640,891,372,2,7,2,1,10,30,8,0,1,31,0,0,0,1,6,1486,10361.0
6/7/20,1,1,23,1,45,8,9,37,4,4,10,2,33,5,5,51,2,25,8,0,5,18,70,5,0,10,2,1526,1819,35,26,1,0,18,23,0,9,20,2,11,22,5,102,22,4,940,45,0,3,22,4,1100,0,11,0,387,5,0,33,30,7,4,20,5,6,19,3,4,2,9,2,4,2,2,27,2,0,45,4,4,68,7,0,0,25,14,654,891,372,2,7,2,1,10,30,8,0,1,31,0,0,0,1,6,1496,10406.0
6/8/20,1,1,24,1,46,8,9,37,3,4,10,2,33,5,5,52,2,26,8,0,5,20,74,5,0,10,2,1536,1840,38,26,1,0,18,23,0,9,23,2,11,22,6,103,23,4,948,46,0,3,26,4,1103,0,11,0,400,5,0,33,30,7,4,20,5,6,19,3,4,2,9,2,4,4,2,27,2,0,46,4,4,71,6,0,0,26,15,660,900,384,2,7,2,1,10,30,8,0,1,31,0,0,0,1,6,1522,10544.0
6/9/20,1,1,25,1,46,8,9,37,3,4,11,2,33,5,5,52,2,28,10,0,5,20,74,5,0,10,2,1536,1840,38,26,1,0,18,23,0,9,23,2,11,22,6,102,23,4,959,46,0,3,26,4,1103,0,11,0,400,5,0,38,30,7,4,20,5,6,19,3,4,2,9,2,4,4,2,27,2,0,46,4,4,71,6,0,0,26,15,689,904,394,2,7,2,1,9,30,9,0,1,31,0,1,0,1,6,1522,10609.0
6/10/20,1,1,25,1,47,8,9,37,3,4,11,2,33,6,5,52,2,28,13,0,6,20,76,5,0,12,3,1537,1837,46,26,1,0,18,23,0,10,25,2,11,22,5,102,23,4,972,46,0,3,27,4,1103,0,11,0,401,5,0,38,30,10,4,20,5,6,19,4,4,3,10,2,4,3,2,29,2,0,47,4,4,71,6,0,0,27,15,710,917,409,2,7,2,1,9,31,10,0,1,31,0,1,0,1,6,1569,10750.0
6/11/20,1,1,26,1,47,8,9,37,3,4,16,2,33,6,5,52,2,32,14,0,6,20,78,5,0,12,3,1537,1837,49,29,1,0,18,23,0,10,25,2,12,22,5,102,23,4,992,46,0,3,27,4,1105,0,11,0,405,5,0,38,30,10,4,22,5,6,20,4,4,3,10,2,4,3,2,29,2,0,47,4,4,71,6,0,0,27,15,717,917,420,2,7,2,1,9,31,10,0,1,31,0,1,0,1,6,1575,10823.0
6/12/20,2,1,26,1,48,8,10,37,3,4,16,2,33,6,5,52,2,39,20,0,6,20,79,5,0,12,3,1538,1842,49,29,1,0,18,23,0,11,27,2,12,22,5,102,22,4,1015,46,0,3,27,4,1106,0,11,0,406,5,0,38,30,16,4,22,5,6,20,6,4,3,10,2,4,3,2,32,2,0,48,4,4,74,6,0,0,28,16,728,924,435,2,7,2,1,9,31,9,0,1,31,0,1,0,1,6,1626,10973.0
6/13/20,2,1,26,1,48,8,10,37,3,4,16,2,33,6,5,52,2,39,24,0,6,20,79,5,0,12,3,1538,1842,49,29,1,0,18,23,0,11,27,2,12,22,5,102,22,4,1031,46,0,3,27,4,1106,0,11,0,406,5,0,38,30,16,4,22,5,6,20,6,4,3,10,2,4,3,2,32,2,0,49,4,4,74,6,0,0,28,16,739,924,438,2,7,2,1,9,31,9,0,1,31,0,1,0,1,6,1638,11020.0
6/14/20,2,1,26,1,48,8,10,37,3,4,16,2,33,6,5,52,2,39,44,0,6,20,79,5,0,12,3,1538,1842,49,29,1,0,18,23,0,11,27,2,12,22,5,102,22,4,1061,46,0,3,27,4,1106,0,11,0,406,5,0,38,30,16,4,22,5,6,20,6,4,3,10,2,4,3,2,32,2,0,49,4,4,77,6,0,0,28,16,745,924,438,2,7,2,1,9,31,9,0,1,31,0,1,0,1,6,1660,11101.0
6/15/20,2,2,27,1,49,8,10,37,3,4,16,2,34,6,5,52,2,41,98,0,6,20,82,5,0,13,3,1540,1863,51,29,1,0,18,23,0,11,28,2,12,22,6,103,22,4,1075,46,0,3,27,4,1109,0,12,0,414,5,0,38,30,16,4,23,5,6,21,8,4,3,10,2,4,3,2,34,2,0,50,4,4,80,6,0,0,32,16,764,934,457,2,7,3,1,9,30,9,0,1,31,0,1,0,1,6,1698,11319.0
6/16/20,2,2,27,1,49,8,10,37,3,4,17,2,34,6,5,52,2,41,98,0,6,20,83,5,0,13,3,1543,1863,51,29,1,0,18,23,0,11,28,2,12,22,6,103,22,4,1080,46,0,3,27,4,1111,0,12,0,465,5,0,39,30,16,4,25,5,6,21,8,4,3,10,2,4,3,2,34,6,0,50,4,4,80,6,0,0,32,16,791,934,452,2,7,3,1,9,30,9,0,1,31,0,1,0,1,6,1698,11411.0
6/17/20,2,3,27,1,49,9,10,37,3,4,17,2,34,6,6,52,2,45,156,0,6,23,86,5,0,13,3,1545,1873,53,30,1,0,18,23,0,11,28,2,12,22,7,103,22,4,1107,46,0,3,27,4,1118,0,12,0,476,7,0,39,30,16,4,25,5,6,22,10,4,3,10,2,4,3,2,40,6,0,50,4,4,91,6,0,0,33,16,810,940,456,3,7,3,1,9,30,9,0,1,32,0,1,0,1,6,1745,11644.0
6/18/20,2,3,27,1,51,9,13,41,3,4,17,2,34,6,6,52,2,49,156,0,6,23,86,5,0,13,3,1545,1873,53,32,1,0,18,24,0,11,28,2,12,22,7,104,22,4,1150,46,0,3,27,4,1120,0,12,0,476,7,0,41,30,16,4,25,5,6,22,10,4,3,10,2,4,3,2,40,6,0,50,4,4,91,6,0,0,33,16,821,940,469,3,7,3,1,9,30,9,0,1,32,0,1,0,1,6,1766,11753.0
6/19/20,2,3,27,1,52,9,14,47,3,4,17,2,34,6,7,52,2,55,167,0,6,24,91,6,0,14,3,1546,1892,57,33,1,0,22,24,0,11,28,2,13,23,8,104,22,4,1197,46,0,3,28,5,1122,0,12,0,476,7,0,41,30,20,4,25,5,6,22,17,4,3,10,2,4,3,2,42,6,0,53,4,4,103,6,0,0,40,16,846,955,477,3,7,3,1,9,30,9,0,1,32,0,1,0,1,6,1834,12021.0
6/20/20,2,3,27,1,52,9,14,47,3,4,17,2,34,6,7,52,2,55,167,0,6,24,91,6,0,14,3,1546,1892,57,33,1,0,22,24,0,11,28,2,13,23,8,104,22,4,1236,46,0,3,28,5,1122,0,12,0,476,7,0,41,30,20,4,25,5,6,22,17,4,3,10,2,4,3,2,42,6,0,55,4,4,103,6,0,0,40,16,867,955,491,3,7,3,1,9,30,9,0,1,32,0,1,0,1,6,1834,12097.0
6/21/20,2,3,27,1,54,9,14,47,3,4,17,2,34,6,7,52,2,55,167,0,6,24,91,6,0,14,3,1546,1892,57,33,1,0,23,24,0,11,28,2,13,23,8,104,22,4,1257,46,0,3,28,5,1122,0,12,0,476,7,0,41,30,20,4,25,5,6,22,17,4,3,10,2,4,3,2,42,6,0,55,4,4,103,6,0,0,40,16,882,955,491,3,7,3,1,9,30,9,0,1,32,0,1,0,1,6,1834,12136.0
6/22/20,2,3,28,1,54,14,14,50,4,4,18,2,34,6,7,53,2,59,192,0,6,24,102,6,0,14,3,1554,1898,65,36,1,0,24,24,0,11,28,2,20,23,9,104,22,4,1277,48,0,3,28,5,1132,0,12,0,476,7,0,49,30,20,4,26,5,6,23,17,4,3,10,2,4,3,3,48,6,0,60,4,4,132,6,0,0,50,16,896,968,503,3,7,3,1,10,30,10,10,1,32,0,1,0,1,6,1896,12428.0
6/23/20,2,3,28,1,54,14,14,51,4,4,21,2,34,6,8,53,2,60,192,0,6,24,102,6,0,14,3,1558,1898,65,38,1,0,24,24,0,11,28,2,20,23,9,104,22,4,1316,48,0,3,28,5,1132,0,12,1,479,7,0,49,30,20,4,26,5,6,23,17,4,3,10,2,4,3,3,48,6,0,58,8,4,132,6,0,0,50,16,937,968,509,3,7,3,1,10,30,10,12,1,32,0,1,0,1,6,1899,12537.0
6/24/20,2,3,28,1,54,14,14,52,4,4,25,2,34,6,8,53,2,62,220,0,8,25,105,6,0,14,3,1558,1927,66,39,1,0,37,24,0,11,29,2,24,23,9,105,25,4,1370,47,0,3,50,5,1137,0,12,1,479,7,1,49,30,26,4,26,5,6,24,17,4,3,10,2,4,3,3,51,6,0,58,8,4,156,6,0,0,72,16,958,991,535,3,7,3,1,10,30,10,14,1,33,0,1,0,1,6,1988,12930.0
6/25/20,5,3,28,1,55,19,14,55,4,4,25,2,34,6,8,53,2,64,220,0,8,25,105,6,1,14,3,1562,1927,66,43,1,0,37,24,0,11,29,2,28,23,9,105,24,4,1427,47,0,3,50,5,1137,0,12,1,479,7,1,54,30,26,4,32,5,6,24,17,4,3,10,2,4,3,3,51,6,0,59,8,4,156,6,0,0,72,16,1001,991,546,3,7,3,1,10,30,10,14,1,33,0,1,0,1,6,2016,13107.0
6/26/20,5,3,29,1,55,19,14,51,4,4,27,2,34,6,10,53,2,66,246,0,8,26,124,6,1,15,3,1563,1937,67,43,1,0,40,24,0,11,29,2,28,23,9,105,24,4,1490,48,0,4,55,5,1146,0,13,1,479,8,1,60,30,26,4,32,5,6,24,23,4,3,11,2,5,3,3,58,6,0,60,9,4,184,6,0,0,93,16,1026,1001,576,3,7,3,1,10,31,11,15,1,34,0,1,0,1,8,2082,13462.0
6/27/20,5,3,31,1,55,21,14,51,4,4,29,2,34,6,10,53,2,66,246,0,8,26,124,6,1,15,3,1563,1937,67,43,1,0,47,24,0,11,29,2,28,23,9,105,24,4,1550,48,0,4,55,5,1146,0,13,1,479,8,1,60,30,26,4,32,5,6,24,29,4,3,11,2,5,3,3,58,11,0,60,9,4,184,6,0,0,93,16,1067,1001,596,3,7,3,1,10,31,11,15,1,33,0,1,0,1,8,2093,13617.0
6/28/20,5,3,31,1,55,21,14,51,4,4,29,2,34,6,10,53,2,66,246,0,8,26,124,6,1,15,3,1563,1937,67,45,1,0,47,24,0,11,29,2,28,23,9,105,24,4,1613,48,0,4,55,5,1146,0,13,1,479,8,1,72,30,26,4,32,5,6,24,29,4,3,11,2,5,3,3,58,11,0,62,9,4,184,6,0,0,93,16,1120,1001,596,3,7,3,1,10,31,11,15,1,33,0,1,0,1,8,2191,13847.0
6/29/20,4,4,34,1,56,21,14,53,4,4,29,2,34,6,18,53,2,70,256,0,8,25,157,6,1,18,3,1563,1944,71,57,1,0,47,24,0,11,29,2,37,23,9,106,24,4,1651,48,0,4,57,5,1162,1,14,1,489,9,2,72,30,27,4,38,5,6,24,32,4,4,13,2,6,3,3,65,11,0,63,9,4,222,7,1,0,105,16,1161,1011,621,4,7,3,1,10,31,11,15,1,35,0,1,0,1,8,2234,14209.0
6/30/20,4,4,34,1,56,28,14,53,4,4,29,2,34,6,18,53,2,71,256,0,8,25,157,6,1,18,3,1570,1944,71,57,1,0,47,29,0,11,29,2,37,23,9,112,24,4,1692,48,0,4,59,5,1162,1,14,1,489,9,2,72,30,27,4,41,5,6,26,32,4,4,13,2,6,3,3,65,11,0,63,11,4,233,7,1,0,105,16,1208,1011,646,4,7,3,1,10,31,11,15,1,35,0,1,0,1,10,2234,14370.0
7/1/20,4,4,36,1,57,28,14,56,4,4,34,2,34,7,18,53,2,71,262,0,8,26,190,7,1,21,4,1574,1947,77,53,1,0,48,31,0,11,30,4,37,24,9,113,25,4,1798,48,0,3,61,5,1171,1,14,1,499,9,2,75,30,34,4,44,5,6,27,32,4,4,13,2,6,3,3,69,12,0,66,11,4,242,7,1,2,123,16,1278,1019,670,5,7,3,1,10,32,13,15,1,35,0,1,0,2,10,2335,14830.0
7/2/20,4,4,39,1,57,28,14,60,4,4,38,2,34,7,18,53,2,71,262,0,8,26,190,7,1,21,4,1575,1947,77,61,1,0,51,31,0,11,30,4,38,24,9,113,25,4,1816,48,0,3,63,5,1171,1,14,1,499,9,2,75,30,34,4,45,5,7,27,32,4,4,14,2,6,3,10,69,12,0,73,12,4,261,7,1,2,123,16,1328,1019,709,5,7,3,1,10,32,13,15,1,35,0,1,0,3,10,2336,15002.0
7/3/20,4,4,39,2,57,28,14,60,5,4,38,2,34,7,21,53,2,73,266,0,8,26,251,7,1,25,4,1575,1954,78,62,2,0,51,31,0,11,30,4,43,28,9,113,28,4,1993,48,0,3,65,5,1181,1,15,1,502,10,2,79,30,35,4,45,5,7,27,33,4,6,15,2,8,3,10,74,11,0,74,15,4,273,7,1,2,140,16,1432,1033,747,5,7,3,1,11,32,13,15,1,36,0,1,0,3,10,2495,15659.0
7/4/20,4,4,39,2,57,28,14,67,5,4,39,2,34,7,21,53,3,73,266,0,8,26,251,7,1,25,4,1575,1954,78,65,2,0,53,31,0,11,30,4,43,28,9,113,27,4,2111,48,0,3,65,5,1181,1,15,1,502,10,2,79,30,35,4,48,5,7,27,33,4,6,15,2,8,3,10,74,11,0,78,15,4,273,7,1,2,140,16,1499,1033,747,5,7,3,1,11,32,13,16,1,36,0,1,0,3,10,2541,15911.0
7/5/20,4,4,39,2,57,28,14,67,5,4,39,2,34,7,21,53,3,73,266,0,8,26,251,7,1,25,4,1575,1954,78,65,2,0,53,31,0,11,30,4,43,28,9,113,27,4,2205,48,0,3,65,5,1181,1,15,1,502,10,2,79,30,35,4,48,5,7,27,33,4,6,15,2,8,3,10,74,11,0,83,15,4,273,7,1,2,140,16,1540,1033,747,5,7,3,1,11,32,13,16,1,36,0,1,0,3,10,2571,16081.0
7/6/20,5,5,41,2,57,36,14,67,5,4,42,2,34,9,24,53,3,76,275,0,10,26,354,7,1,28,10,1584,1955,79,72,2,2,53,32,0,11,32,2,50,30,9,113,27,4,2277,48,1,3,66,5,1192,1,16,1,510,11,2,79,30,42,4,54,5,7,29,35,4,10,18,3,10,3,27,78,11,0,89,15,4,309,7,1,2,168,16,1597,1033,819,5,7,3,1,12,32,16,17,1,36,0,1,0,4,12,2602,16638.0
7/7/20,5,5,41,2,57,36,14,67,5,4,43,2,34,9,24,53,3,76,275,0,14,26,354,7,1,28,11,1584,1955,79,72,2,2,55,32,0,11,32,2,50,30,9,113,34,4,2356,48,1,3,63,5,1192,1,16,1,501,11,2,79,30,42,4,56,5,7,29,35,4,12,19,3,10,3,27,78,11,0,89,15,4,317,9,1,2,168,16,1652,1045,844,5,7,3,1,12,32,16,17,1,36,0,1,0,4,12,2635,16860.0
7/8/20,5,6,42,2,58,47,18,77,5,5,43,2,34,9,25,53,3,79,291,0,18,26,377,7,1,33,11,1586,1960,80,73,2,3,55,34,0,11,32,2,53,30,9,117,34,4,2491,48,1,3,65,5,1196,1,15,1,511,13,2,81,30,48,5,59,5,7,29,35,4,12,22,3,12,4,27,78,12,0,95,15,4,325,9,2,2,185,16,1703,1048,890,5,7,3,1,12,33,17,17,2,37,0,1,0,4,12,2700,17332.0
7/9/20,5,8,42,2,62,50,18,82,5,5,48,2,34,9,25,53,3,79,291,0,19,26,377,7,1,33,11,1595,1960,88,79,2,5,57,34,0,11,32,2,59,30,9,117,36,4,2633,48,1,3,65,5,1196,1,15,1,515,20,2,81,30,52,5,60,5,7,29,35,4,13,25,3,12,4,27,78,12,0,109,17,8,332,9,2,1,185,16,1792,1048,918,5,7,3,1,12,33,20,17,2,37,0,1,0,4,12,2790,17785.0
7/10/20,6,8,42,2,62,50,19,88,5,5,52,2,34,10,26,53,3,83,298,0,23,26,415,8,1,42,11,1604,1965,88,82,2,6,57,37,0,11,32,2,64,32,9,117,37,4,2724,48,4,3,66,5,1213,2,16,1,523,20,2,82,30,52,11,64,5,7,30,37,4,13,28,3,15,4,28,83,14,0,119,17,8,337,9,3,1,210,17,1844,1082,964,6,7,3,1,12,34,26,17,2,38,0,1,0,4,12,2869,18303.0
7/11/20,6,8,42,2,63,50,19,88,5,5,52,2,34,10,26,54,3,83,298,0,23,26,415,8,1,42,11,1604,1965,88,85,2,6,61,37,0,11,33,2,64,32,9,117,37,4,2857,48,4,3,66,5,1213,2,16,2,523,20,2,85,30,52,11,64,5,7,30,37,4,18,28,3,15,4,36,83,14,0,123,17,8,337,9,3,2,210,17,1959,1082,990,6,8,3,1,12,34,32,18,2,38,0,1,0,4,12,2939,18687.0
7/12/20,6,8,42,2,63,50,19,88,5,5,52,2,34,10,26,54,3,83,298,0,23,26,415,8,1,42,11,1604,1965,88,85,2,6,61,37,1,11,33,2,64,32,9,117,37,4,2967,48,4,3,66,5,1213,2,16,2,523,20,2,85,30,52,11,64,5,7,30,37,4,18,28,3,15,4,36,83,14,0,127,21,8,337,9,3,2,210,17,2023,1082,990,6,8,3,1,12,34,32,18,2,38,0,1,0,4,12,3050,18981.0
7/13/20,8,15,44,3,63,54,23,97,6,5,56,2,34,13,26,55,3,88,313,2,23,26,448,8,1,55,13,1605,1976,94,86,2,7,66,41,1,11,33,2,88,33,10,123,36,4,3081,48,4,3,75,5,1227,4,17,2,532,20,6,89,30,57,13,70,5,7,32,41,4,21,29,3,20,4,36,86,16,0,128,21,10,355,9,4,2,236,19,2156,1082,1035,6,9,3,2,12,36,48,18,5,37,0,1,0,4,10,3108,19645.0
7/14/20,10,15,44,3,63,56,23,102,6,5,56,2,34,13,26,56,3,88,313,2,23,26,461,8,1,55,14,1605,1976,94,86,2,7,66,41,1,11,33,2,91,33,10,124,37,4,3158,48,5,3,81,5,1227,4,17,2,532,20,6,90,30,57,16,70,5,7,33,41,4,21,29,3,20,4,36,86,16,0,128,21,10,364,9,4,2,236,19,2219,1097,1066,6,9,3,2,12,36,48,18,5,37,0,1,0,4,10,3114,19887.0
7/15/20,10,18,45,3,66,56,23,108,6,5,59,2,34,14,26,59,3,90,322,3,23,26,487,8,1,65,14,1613,1977,102,86,2,8,66,41,3,11,35,2,97,33,10,124,38,4,3286,50,5,3,81,5,1240,4,18,2,536,22,7,91,30,67,16,73,5,7,34,45,5,22,30,3,20,7,38,90,22,0,143,21,10,371,9,4,2,250,19,2293,1105,1082,7,9,3,2,12,38,49,19,5,38,0,1,0,4,10,3151,20349.0
7/16/20,10,21,45,3,68,56,23,110,6,5,59,2,34,14,26,59,3,96,322,3,27,26,489,8,1,65,14,1620,1977,102,88,2,8,71,41,3,11,35,2,98,33,10,124,39,5,3422,50,5,3,83,5,1240,4,18,2,536,22,7,94,30,67,16,75,5,7,34,45,5,22,30,3,20,7,38,90,22,0,142,21,10,374,9,4,2,250,19,2386,1105,1109,7,9,3,2,12,38,49,19,5,38,0,1,0,4,10,3318,20817.0
7/17/20,10,22,49,3,72,56,23,115,6,5,59,2,36,12,26,60,3,97,326,3,27,31,494,8,1,78,14,1624,1982,113,88,2,8,75,46,3,11,35,4,106,33,10,124,40,5,3564,52,5,5,86,5,1252,5,20,2,550,23,7,94,31,69,19,77,6,7,37,48,5,22,33,3,22,7,38,92,24,0,155,21,12,382,9,4,4,263,19,2473,1105,1140,7,9,3,2,12,39,58,20,5,39,0,2,0,5,10,3433,21388.0
7/18/20,10,22,49,3,75,56,23,115,6,5,61,2,36,12,26,60,3,97,326,3,31,31,494,8,1,78,14,1624,1982,113,89,2,8,76,46,3,11,35,4,106,33,10,124,40,5,3667,52,5,5,86,5,1252,5,20,2,550,23,7,94,31,69,19,78,6,7,37,48,5,22,33,3,22,7,38,92,24,0,157,21,12,382,9,4,4,263,19,2553,1105,1159,7,9,3,2,12,39,62,21,5,39,0,2,0,5,10,3517,21693.0
7/19/20,10,22,49,3,75,56,23,115,6,5,61,2,36,12,26,60,3,97,326,3,31,31,494,8,1,78,14,1624,1982,113,89,2,8,76,46,3,11,35,4,106,33,10,124,40,5,3744,52,5,5,86,5,1252,5,20,2,550,23,7,94,31,69,19,78,6,7,37,48,5,22,33,3,22,7,38,92,24,0,161,21,12,382,9,4,4,263,19,2637,1105,1159,7,9,3,2,12,39,62,21,5,39,0,2,0,5,10,3655,21996.0
7/20/20,10,24,49,3,75,59,23,132,6,5,62,2,38,13,26,60,3,118,341,4,34,36,526,8,1,88,14,1628,1990,117,90,2,9,78,46,3,11,35,6,117,33,10,130,42,5,3828,52,5,6,92,5,1285,5,22,2,570,29,7,102,33,79,21,108,6,9,37,49,5,22,34,3,26,6,39,96,28,0,165,21,16,398,11,4,5,296,20,2766,1105,1191,7,9,3,2,14,40,72,23,5,40,0,2,0,6,11,3701,22656.0
7/21/20,10,24,49,3,79,59,27,133,6,5,63,2,38,13,26,60,3,118,341,4,34,36,536,8,1,88,15,1646,1990,117,96,2,9,78,50,3,11,35,6,114,33,10,130,42,7,3886,52,5,6,89,5,1285,5,22,2,576,34,7,105,33,79,21,112,6,9,37,49,5,22,34,3,26,6,40,96,28,0,166,21,16,405,11,4,5,296,20,2827,1121,1204,7,9,3,2,14,40,76,23,5,40,0,2,1,6,11,3749,22929.0
7/22/20,11,24,50,4,81,59,27,138,6,5,63,2,38,13,26,61,3,118,351,5,34,39,542,8,1,97,15,1652,1994,123,104,2,9,78,51,3,13,35,6,125,33,10,131,43,7,4053,53,5,6,102,5,1310,5,24,2,586,34,7,106,34,92,25,116,6,9,37,48,5,22,34,3,26,6,40,96,28,0,167,21,16,411,11,5,4,307,22,2918,1149,1223,7,9,3,2,15,40,76,23,5,40,0,2,1,6,11,3822,23481.0
7/23/20,11,25,50,4,81,62,27,138,6,5,63,2,38,13,26,61,3,118,351,5,34,39,561,8,1,97,15,1666,1994,123,113,2,9,78,51,3,13,35,6,129,33,10,131,43,7,4161,53,5,6,102,5,1310,5,24,2,586,34,7,114,34,92,25,116,6,9,37,48,5,22,34,3,26,6,41,97,28,0,173,21,16,418,11,5,7,307,22,3114,1149,1241,7,9,3,2,15,40,79,25,5,40,0,2,1,6,11,3894,23956.0
7/24/20,11,25,56,4,88,62,27,155,6,5,64,2,40,15,26,63,3,128,358,5,35,43,588,9,1,105,15,1672,1998,128,113,3,9,88,51,3,14,35,8,129,35,10,131,47,8,4280,53,7,6,106,5,1337,6,25,2,548,34,7,114,36,92,25,119,7,9,37,48,5,22,34,3,28,7,41,99,32,0,193,23,21,419,13,5,7,313,22,3303,1154,1266,7,9,3,2,15,40,79,25,5,40,0,2,2,6,11,3974,24554.0
7/25/20,11,25,56,4,92,62,27,155,6,5,64,2,40,15,26,63,3,128,358,5,35,43,588,9,1,105,15,1672,1998,128,113,3,9,88,51,3,14,35,8,134,46,10,131,47,8,4387,53,7,6,106,5,1337,6,26,2,600,40,7,114,36,92,25,120,7,9,42,48,5,22,34,3,28,7,41,99,32,0,196,23,21,419,13,5,8,313,22,3474,1154,1266,7,9,3,2,15,40,85,25,5,40,0,2,2,6,11,4056,25009.0
7/26/20,11,25,56,4,92,62,27,155,6,5,64,2,40,15,26,63,3,128,358,5,35,43,588,9,1,105,15,1672,1998,128,113,3,9,88,51,3,14,35,8,134,46,10,131,47,8,4455,53,7,6,104,5,1337,6,26,2,600,40,7,114,36,92,25,120,7,9,42,48,5,22,34,3,28,7,41,99,32,0,201,23,21,419,13,5,8,313,22,3646,1154,1295,7,9,3,2,15,40,85,25,5,40,0,2,2,6,11,4065,25290.0
7/27/20,12,25,59,4,95,62,27,169,6,5,67,2,41,17,28,64,3,140,364,5,39,43,608,10,1,113,16,1688,2005,141,113,3,14,88,51,3,14,36,8,134,46,11,131,50,8,4538,54,7,6,110,5,1361,6,27,2,620,40,8,115,36,103,26,132,7,9,45,48,5,22,34,3,30,7,44,100,32,0,205,25,21,426,14,5,9,322,22,3740,1160,1315,7,9,3,2,16,42,88,26,5,40,0,2,2,8,11,4128,25804.0
7/28/20,14,26,59,4,97,65,27,181,6,5,67,2,41,17,28,64,3,140,364,5,39,43,614,10,1,113,16,1691,2005,137,125,3,14,88,67,3,14,36,8,137,46,11,136,51,8,4586,54,7,6,104,5,1361,6,27,2,624,40,8,115,36,103,26,134,7,9,45,48,5,22,34,3,30,7,44,100,32,0,206,25,21,428,14,5,9,322,26,3790,1160,1328,7,9,3,2,16,42,88,31,5,40,0,2,2,8,11,4197,26058.0
7/29/20,14,26,59,4,99,65,32,181,6,5,72,2,42,17,28,64,3,146,366,5,40,44,630,10,1,125,18,1708,2017,142,124,3,15,89,71,3,15,36,8,147,46,11,136,53,8,4717,54,8,6,107,5,1376,6,29,2,629,48,9,124,36,117,27,134,7,9,45,48,5,22,37,3,30,7,44,101,33,0,207,25,22,441,14,5,9,329,27,3870,1169,1367,7,12,3,3,16,43,92,32,5,40,0,2,3,8,11,4268,26591.0
7/30/20,14,26,59,4,104,65,32,187,6,5,73,2,42,17,28,64,3,146,366,5,40,44,635,10,1,125,18,1716,2017,142,126,3,15,92,71,3,15,36,8,147,46,11,142,53,8,4781,54,8,6,107,5,1376,6,29,2,640,48,9,124,36,117,27,145,7,9,45,48,5,22,37,3,30,7,44,101,33,0,211,25,22,445,14,5,9,329,28,3962,1169,1379,7,14,3,3,16,43,92,32,5,40,0,2,3,8,11,4325,26885.0
7/31/20,14,27,61,4,109,65,32,200,6,5,73,2,43,17,29,65,3,151,368,5,40,44,650,10,1,128,18,1737,2026,149,128,3,16,92,71,3,15,37,8,157,44,11,144,59,9,4883,57,9,6,107,5,1392,6,30,2,644,48,9,129,39,117,27,152,9,9,47,50,5,22,38,4,30,7,47,102,33,0,214,27,27,449,15,5,10,340,28,4072,1188,1389,7,14,3,3,16,43,97,32,5,39,0,2,3,8,11,4373,27364.0
8/1/20,14,27,61,4,114,65,32,200,6,5,73,2,43,17,29,65,3,151,368,5,40,44,650,10,1,128,18,1737,2026,149,128,3,16,94,71,3,19,37,8,157,44,11,144,59,9,5014,57,9,6,107,5,1392,6,30,2,644,42,9,129,39,117,27,152,9,9,47,50,5,23,38,4,30,7,47,102,33,0,219,27,27,449,15,5,10,340,28,4158,1188,1389,7,14,3,3,16,43,97,32,5,39,0,2,3,8,11,4373,27592.0
8/2/20,14,27,61,4,114,65,32,200,6,5,73,2,43,17,29,65,3,151,368,5,40,44,650,10,1,128,18,1737,2026,149,128,3,16,94,71,3,19,37,8,157,44,11,144,59,9,5014,57,9,6,107,5,1392,6,30,2,644,42,9,129,39,117,27,152,9,9,47,50,5,23,38,4,30,7,47,102,33,0,219,27,27,449,15,5,10,340,28,4287,1188,1420,7,14,3,3,16,43,97,32,5,39,0,2,3,8,11,4492,27871.0
8/3/20,15,29,62,4,116,73,32,215,34,5,78,2,43,18,30,67,3,158,377,5,43,46,679,10,1,133,18,1740,2042,155,128,6,16,97,71,3,19,37,9,169,44,11,144,70,10,5150,57,10,6,110,5,1425,6,35,2,676,44,9,130,40,120,27,161,9,9,48,53,6,23,38,4,30,7,49,105,33,0,228,32,30,450,16,6,13,343,28,4348,1188,1434,7,15,3,3,16,44,98,32,5,39,0,2,4,8,11,4535,28432.0
8/4/20,15,29,62,4,126,73,32,218,39,5,78,2,43,18,30,67,3,160,377,5,43,46,684,10,1,133,18,1755,2042,155,130,6,16,97,71,3,19,37,9,169,44,11,145,70,10,5240,57,10,6,118,5,1425,6,35,2,680,46,9,130,40,120,27,162,9,9,48,53,6,23,38,4,30,7,50,105,33,0,232,32,30,452,16,6,13,343,28,4436,1204,1441,7,15,3,3,16,44,98,33,5,39,0,2,4,8,11,4618,28782.0
8/5/20,15,29,62,4,126,73,35,228,42,5,91,2,45,18,30,67,3,160,377,5,44,47,686,10,1,135,21,1758,2055,172,130,6,16,97,77,3,20,37,10,169,44,11,146,75,10,5320,57,12,7,118,5,1444,6,36,2,680,46,9,137,42,123,27,162,11,9,48,56,6,23,38,4,32,7,50,106,33,0,241,32,35,465,16,6,13,362,34,4540,1215,1473,7,15,3,3,16,45,98,35,5,42,0,3,4,10,11,4674,29256.0
8/6/20,15,29,64,4,126,73,35,238,42,5,91,2,45,18,30,67,3,160,377,5,44,47,696,10,1,135,21,1780,2055,172,134,6,16,101,77,3,20,37,10,181,44,11,146,75,10,5439,57,12,7,123,5,1444,6,36,2,686,46,9,137,42,133,27,162,11,9,48,56,6,23,38,4,32,7,51,106,33,0,247,32,35,465,16,6,13,362,34,4603,1215,1494,7,15,3,3,16,45,98,35,5,42,0,3,4,10,11,4740,29617.0
8/7/20,15,29,64,4,133,73,37,255,42,5,101,3,44,20,32,67,5,165,380,5,47,48,714,10,1,141,21,1783,2069,178,135,6,16,106,77,4,20,37,10,194,44,11,146,76,11,5522,59,17,7,133,5,1459,6,35,2,697,48,9,142,44,133,27,164,11,9,49,58,6,23,40,4,34,7,51,107,33,0,267,32,37,477,17,6,13,372,34,4716,1220,1509,7,15,3,3,18,46,99,36,6,42,0,1,4,11,11,4810,30137.0
8/8/20,15,29,64,4,139,73,37,255,42,5,118,3,44,20,32,67,5,165,380,5,47,48,714,10,1,141,21,1783,2069,178,140,6,16,110,77,4,20,37,10,194,44,11,146,76,11,5643,59,17,7,133,5,1459,6,35,2,697,48,9,142,44,133,27,164,11,9,49,58,6,23,40,4,34,7,51,107,33,0,272,32,37,477,17,6,13,372,47,4818,1220,1509,7,15,3,3,18,45,99,36,6,42,0,1,4,11,11,4864,30463.0
8/9/20,15,29,64,4,139,73,37,255,42,5,118,3,44,20,32,67,5,165,380,5,47,48,714,10,1,141,21,1783,2069,178,140,6,16,110,77,4,20,37,10,194,44,11,146,76,11,5703,59,17,7,133,5,1459,6,35,2,697,48,9,142,44,133,27,167,11,9,49,58,6,23,40,4,34,7,51,107,33,0,273,32,37,477,17,6,13,372,47,4878,1220,1550,7,15,3,3,18,45,99,38,6,42,0,1,4,11,11,4896,30662.0
8/10/20,20,31,64,4,139,79,40,278,48,6,129,3,44,20,37,67,6,173,385,5,48,48,744,10,1,145,21,1787,2088,178,148,6,17,114,77,4,23,38,12,204,44,11,148,76,12,5800,63,21,8,138,5,1483,6,40,2,710,48,10,148,45,134,27,170,12,9,49,65,6,23,41,4,35,8,51,108,35,0,284,32,39,483,18,6,16,384,52,4945,1220,1588,7,16,3,5,20,46,101,39,6,43,0,1,4,11,12,4916,31183.0
8/11/20,20,31,64,4,148,79,40,285,48,6,129,3,44,20,37,67,6,174,385,5,48,48,750,10,1,145,21,1795,2088,194,152,6,17,116,84,4,23,38,12,204,44,11,155,76,12,5869,63,20,8,138,5,1483,6,40,2,716,48,10,148,45,134,28,170,13,9,49,65,6,23,41,4,35,8,51,108,35,0,286,32,39,483,18,10,16,384,52,4990,1243,1611,7,16,3,6,20,46,101,40,6,43,0,1,4,11,12,4959,31468.0
8/12/20,20,31,82,4,157,79,41,290,48,6,132,4,44,20,40,68,7,178,389,5,50,48,765,10,1,145,21,1796,2093,210,153,6,17,119,84,4,23,39,14,211,44,11,155,85,12,6009,63,20,8,149,5,1503,6,43,2,716,48,15,148,52,150,28,170,13,9,49,65,6,23,46,4,35,8,51,109,35,0,390,32,39,489,18,10,16,389,53,5068,1243,1650,7,16,3,6,20,46,101,44,6,43,0,1,4,11,12,5031,32097.0
8/13/20,20,31,82,4,157,79,41,290,48,6,152,4,44,20,40,68,7,178,389,5,50,48,783,10,1,145,21,1798,2093,210,157,6,17,120,87,4,23,39,14,211,44,11,163,85,12,6127,63,20,8,148,5,1503,6,43,2,731,48,15,151,52,150,28,177,13,9,49,66,6,23,46,4,35,8,51,109,35,0,397,32,39,489,18,10,16,389,64,5141,1252,1682,7,16,3,6,20,46,101,44,6,43,0,1,4,11,12,5087,32484.0
8/14/20,20,31,99,4,165,79,53,306,48,6,152,5,44,20,41,68,9,182,395,5,50,48,812,12,1,150,21,1801,2106,224,165,6,17,120,87,4,23,39,16,216,44,11,163,88,13,6228,66,24,8,153,6,1519,6,46,2,734,48,15,151,52,150,28,183,12,9,50,66,6,23,46,4,37,60,51,111,35,0,408,32,39,495,18,10,16,399,69,5213,1257,1712,7,17,3,7,20,46,104,45,7,43,0,1,4,11,12,5137,33030.0
8/15/20,22,30,83,4,149,78,47,333,46,6,157,5,45,22,41,70,9,182,415,5,47,46,805,16,1,153,21,1730,2206,222,223,5,18,102,77,4,23,43,21,224,49,11,164,89,13,6357,66,25,8,153,6,1549,6,50,2,703,59,14,164,59,152,28,168,13,10,50,67,7,23,47,4,37,63,48,119,35,0,418,31,39,451,18,10,19,385,54,5718,1189,1720,7,17,3,7,40,46,104,45,7,43,0,1,4,14,12,5329,33885.0
8/16/20,22,30,83,4,149,78,47,333,46,6,157,5,45,22,41,70,9,182,415,5,47,46,805,16,1,153,21,1730,2206,222,223,5,18,102,77,4,23,43,21,224,49,11,164,89,13,6357,66,25,8,153,6,1549,6,50,2,703,59,14,164,59,152,28,168,13,10,50,67,7,23,47,4,37,63,48,119,35,0,418,31,39,451,18,10,19,385,54,5718,1189,1720,7,17,3,7,40,46,104,45,7,43,0,1,4,14,12,5329,33885.0
8/17/20,20,31,99,6,186,82,53,330,58,6,168,5,45,21,42,71,9,198,400,6,53,50,839,12,1,161,22,1820,2180,237,174,6,23,130,90,4,23,42,24,246,44,11,166,95,14,6582,67,27,8,159,6,1548,6,50,2,762,59,15,169,52,150,28,193,12,10,50,66,8,23,50,4,39,65,51,119,35,0,491,32,41,512,19,10,17,416,79,5429,1306,1788,9,17,3,12,20,46,107,51,7,45,0,2,4,16,12,5405,34614.0
8/18/20,20,32,99,6,195,82,53,338,58,6,168,5,45,21,42,71,9,198,400,6,53,50,847,12,1,161,22,1830,2180,237,174,6,23,132,98,4,23,42,24,255,44,11,174,95,14,6655,67,27,8,159,6,1548,6,50,2,765,59,15,176,52,150,28,193,12,10,53,66,8,23,50,4,39,65,51,119,35,0,500,32,41,512,19,10,17,416,79,5460,1306,1814,9,17,3,12,20,46,107,51,7,45,0,2,4,16,12,5450,34874.0
8/19/20,20,32,99,6,195,82,53,367,58,7,191,5,45,22,43,71,9,203,405,6,53,58,861,12,1,171,22,1830,2198,241,176,6,23,132,98,4,23,42,32,268,44,12,176,99,14,6736,68,31,8,165,6,1560,6,50,2,765,59,13,176,56,165,28,193,12,10,53,66,9,23,52,4,39,65,51,139,35,0,538,34,41,544,19,10,17,428,82,5513,1306,1872,9,17,3,13,20,46,108,51,7,46,0,2,4,16,12,5501,35419.0
8/20/20,20,32,99,6,204,82,53,374,58,7,191,5,45,22,43,71,9,203,405,6,53,58,873,12,1,171,22,1837,2198,241,182,6,23,135,98,4,23,42,32,268,44,12,176,99,14,6860,68,33,8,165,6,1560,6,50,2,842,59,13,194,56,165,28,198,12,10,53,66,9,23,52,4,39,65,51,139,35,0,549,34,42,544,19,10,17,428,82,5615,1315,1914,9,17,3,13,20,47,108,51,7,46,1,2,4,16,12,5552,35907.0
8/21/20,20,32,99,5,216,82,59,378,58,7,204,5,45,23,43,73,9,222,413,6,64,58,892,12,1,180,24,1844,2202,243,182,7,23,135,98,4,23,42,35,271,44,12,181,104,14,7004,68,34,8,166,7,1572,6,50,2,857,60,13,195,58,167,28,204,15,10,53,72,11,23,53,4,39,76,51,139,37,0,563,34,42,577,20,12,17,432,82,6145,1332,1946,9,17,3,15,21,47,110,52,7,50,1,2,4,16,12,5551,36895.0
8/22/20,20,32,157,5,216,82,59,378,58,7,204,5,45,23,43,73,9,222,413,6,64,58,892,12,1,180,24,1844,2202,243,185,7,23,138,98,4,23,42,35,271,44,12,181,104,14,7241,68,34,8,166,7,1572,6,50,2,857,60,13,195,58,167,28,204,15,10,53,72,11,23,53,4,39,76,51,139,37,0,581,34,42,577,20,12,17,432,87,6211,1332,1946,9,17,3,15,21,47,110,53,7,50,1,2,4,16,12,5653,37388.0
8/23/20,20,32,157,5,216,82,59,378,58,7,204,5,45,23,43,75,9,222,413,6,64,58,892,12,1,180,24,1844,2202,243,185,7,23,138,98,4,23,42,35,271,44,12,181,104,14,7310,68,34,8,166,7,1572,6,50,2,857,60,13,195,58,167,28,208,15,10,53,72,11,23,53,4,39,76,51,139,37,0,621,34,42,577,20,12,17,432,87,6289,1332,1975,9,17,3,15,21,47,110,53,7,50,1,2,4,16,12,5701,37658.0
8/24/20,20,32,157,5,229,82,62,387,65,8,215,6,45,29,45,75,9,226,421,6,66,58,1020,15,1,256,24,1851,2219,248,194,7,24,139,106,4,23,42,88,279,44,13,181,105,14,7393,69,38,8,165,7,1606,6,50,2,881,60,14,195,58,177,28,211,17,10,53,72,15,23,55,4,39,148,51,149,40,1,661,35,43,618,23,13,17,444,88,6375,1332,1998,9,17,3,17,21,60,111,53,9,51,1,2,4,16,12,5723,38546.0
8/25/20,20,32,157,5,229,82,62,387,65,8,215,6,45,29,45,76,9,232,421,6,66,58,1040,15,1,256,24,1858,2219,248,194,7,24,143,106,4,23,42,88,279,44,13,181,105,14,7485,69,39,8,165,7,1606,6,50,2,889,60,14,195,58,177,28,217,17,10,55,72,15,23,55,4,39,187,51,149,40,1,677,35,43,618,23,13,17,444,90,6428,1356,2014,9,17,3,17,21,60,111,53,9,51,1,2,4,16,12,5741,38861.0
8/26/20,20,32,157,5,257,82,62,393,65,8,215,6,46,30,48,77,9,247,440,6,72,58,1199,16,1,294,25,1861,2239,253,207,9,24,148,106,4,23,42,95,285,46,13,187,113,14,7604,69,39,8,172,8,1624,7,53,2,897,61,14,207,62,188,30,220,18,10,55,79,18,23,60,4,40,187,51,151,40,1,684,35,43,686,25,14,18,455,91,6621,1356,2062,9,17,3,19,22,60,117,53,11,52,1,3,4,16,12,5850,39880.0
8/27/20,20,32,157,5,257,82,62,393,65,8,225,6,46,30,48,77,9,247,440,6,72,67,1264,25,1,294,25,1876,2239,253,207,9,24,149,106,4,23,42,108,285,46,13,187,113,14,7754,69,39,8,173,8,1624,7,53,2,906,61,14,207,62,188,30,227,18,10,55,79,18,23,60,4,40,187,51,151,40,1,687,35,43,686,25,14,18,455,91,6693,1373,2098,9,17,3,31,22,65,117,53,24,52,2,3,4,16,12,5882,40360.0
8/28/20,20,32,157,5,273,82,62,397,65,8,225,6,46,30,52,77,9,249,459,6,72,67,1306,25,1,341,25,1877,2309,256,207,10,25,149,106,5,23,42,108,291,47,13,194,118,14,7870,70,39,8,183,8,1638,7,52,2,916,62,14,207,63,188,30,227,19,10,55,79,18,23,62,4,40,206,51,158,40,1,692,36,44,822,25,15,18,465,93,6733,1373,2129,10,17,3,31,21,67,117,53,26,54,2,5,4,16,12,5926,41050.0
8/29/20,20,32,219,5,273,82,72,397,65,8,246,6,46,30,52,79,9,249,518,6,76,68,1306,25,1,341,25,1877,2309,256,207,10,25,159,106,5,23,42,108,291,47,13,204,118,14,8048,70,39,8,183,8,1638,7,52,2,916,62,14,207,63,188,30,236,19,10,55,83,18,23,62,4,40,206,51,158,40,1,741,36,44,822,25,15,18,465,95,6796,1380,2129,10,17,3,31,21,67,117,53,26,54,2,5,4,16,12,5980,41595.0
8/30/20,20,32,219,5,273,82,72,397,65,8,246,6,46,30,52,79,9,249,518,6,76,68,1306,25,1,341,25,1877,2309,256,207,10,25,159,106,5,23,42,108,291,47,13,204,118,14,8124,70,39,8,183,8,1638,7,52,2,916,62,14,212,63,188,30,247,19,10,55,83,18,23,62,4,40,206,51,158,40,1,751,36,44,822,25,15,18,465,95,6830,1380,2129,10,17,3,31,21,67,117,53,26,54,2,5,4,16,12,6010,41761.0
8/31/20,21,34,219,6,284,82,76,399,65,9,246,7,46,31,59,79,9,255,602,8,80,68,1378,25,1,419,25,1889,2329,262,216,11,25,159,106,5,25,42,112,293,47,13,204,119,14,8216,71,41,8,183,7,1669,7,55,2,931,64,17,212,64,200,32,255,20,10,55,83,22,23,65,4,43,206,51,163,42,1,753,36,44,934,29,17,18,481,95,6917,1380,2187,10,18,4,31,21,68,121,53,26,56,4,9,4,16,12,6029,42599.0
9/1/20,21,34,219,6,284,82,76,416,76,9,260,7,46,31,59,81,9,255,602,8,80,68,1423,25,1,419,25,1893,2329,262,221,11,25,160,113,5,25,42,112,296,47,13,211,123,14,8300,74,41,8,187,7,1669,7,55,2,931,64,17,220,64,200,32,255,20,10,55,104,22,23,65,4,43,206,56,163,42,1,756,36,44,934,29,17,18,481,96,6949,1416,2203,10,18,4,31,21,68,121,54,26,56,5,9,4,16,12,6057,42962.0
9/2/20,25,39,219,5,306,85,77,419,76,9,260,8,46,40,60,88,9,266,689,8,84,73,1476,25,1,467,25,1901,2367,265,228,11,25,160,113,5,26,42,115,299,47,13,211,123,14,8436,74,43,8,193,7,1680,7,56,2,951,67,17,222,66,218,33,269,21,10,55,104,32,24,65,4,46,240,56,170,51,1,766,38,44,1057,32,21,18,508,97,6994,1416,2203,10,18,5,42,22,72,128,54,26,58,5,12,4,16,12,6091,43847.0
9/3/20,25,39,219,5,306,85,77,422,76,9,290,8,46,40,60,88,9,266,689,8,84,78,1511,25,1,467,25,1904,2367,265,234,11,25,163,113,5,26,42,115,299,47,13,216,123,14,8499,74,43,8,193,7,1680,7,56,2,951,67,17,222,66,218,33,269,21,10,55,124,32,24,65,4,46,240,56,170,51,1,801,38,44,1057,32,21,18,508,97,7186,1451,2263,10,18,5,42,22,72,128,60,26,58,6,12,4,16,12,6136,44394.0
9/4/20,24,43,219,4,317,94,77,431,76,9,290,8,46,40,61,90,9,270,769,7,84,78,1569,31,1,534,25,1910,2388,269,239,17,25,166,113,4,30,42,117,305,85,15,216,127,14,8614,75,44,15,194,7,1704,10,56,3,974,69,18,226,66,242,40,284,22,12,55,124,32,24,69,5,46,244,58,170,53,2,810,38,44,1186,33,24,55,527,97,7246,1451,2296,12,18,5,43,22,76,137,62,37,60,10,15,4,16,12,6184,45365.0
9/5/20,24,43,219,4,317,94,77,431,76,9,305,8,46,40,61,90,9,270,769,7,84,78,1569,31,1,534,25,1910,2388,267,239,17,25,167,117,4,30,42,117,305,85,15,216,127,14,8727,75,44,15,194,7,1704,10,56,3,974,69,18,226,66,242,40,284,22,12,55,124,32,24,69,5,46,244,58,170,53,2,819,38,44,1186,33,24,55,527,98,7310,1464,2296,12,18,5,43,22,76,137,62,37,60,10,15,4,44,12,6229,45656.0
9/6/20,24,43,219,4,317,94,77,431,76,9,305,9,46,40,61,90,9,270,769,7,84,78,1569,31,1,534,25,1910,2388,267,239,17,25,167,117,4,30,42,117,305,85,15,216,127,14,8850,75,44,15,194,7,1704,10,56,3,974,69,18,231,66,242,40,285,22,12,55,124,32,24,69,5,46,244,58,170,53,2,819,38,44,1186,33,24,55,527,98,7328,1464,2296,12,18,5,43,22,76,137,66,37,60,10,15,4,44,12,6251,45830.0
9/7/20,25,46,219,4,317,98,77,431,77,11,305,9,46,40,61,90,9,280,769,7,84,78,1569,31,1,633,25,1912,2415,276,239,18,27,168,117,4,33,42,117,313,88,15,216,133,14,8924,78,46,15,199,8,1731,10,56,3,974,70,18,231,66,264,40,285,23,12,55,124,37,24,71,5,48,256,58,170,53,2,820,38,45,1186,40,28,55,527,98,7371,1464,2368,12,19,6,43,23,76,147,69,37,63,10,15,5,44,12,6271,46337.0
9/8/20,25,46,281,4,335,98,77,439,81,11,305,9,46,40,61,90,9,280,769,7,84,78,1742,31,1,646,25,1912,2415,276,248,18,27,172,117,4,33,42,117,313,88,15,216,133,14,8989,78,46,15,199,8,1731,10,56,3,1006,70,18,240,66,264,40,289,23,12,55,135,37,24,71,5,48,318,58,175,53,2,820,38,45,1307,40,28,55,540,99,7400,1464,2377,12,19,6,43,23,83,147,73,37,63,10,15,5,44,12,6283,47012.0
9/9/20,26,47,281,4,335,100,77,462,81,11,305,9,47,40,61,97,9,282,819,7,88,89,1775,31,1,663,25,1922,2435,276,250,18,28,180,117,5,33,42,120,313,88,15,218,140,14,9023,78,46,15,200,8,1743,10,56,3,1012,71,18,240,67,282,40,289,23,12,62,135,40,24,73,5,48,318,62,183,54,1,824,38,50,1313,40,29,55,544,99,7433,1464,2388,12,19,5,43,23,84,153,77,37,63,10,16,5,44,12,6317,47424.0
9/10/20,26,47,281,4,335,100,77,465,81,11,330,9,47,40,61,97,9,282,819,7,88,89,1795,32,1,663,25,1935,2435,276,252,18,29,182,117,5,45,42,120,313,88,15,224,145,14,9118,78,46,15,200,8,1743,10,56,3,1020,71,18,255,67,282,40,289,23,12,62,135,40,24,73,5,48,318,62,183,54,1,832,38,50,1313,40,29,55,544,100,7466,1493,2406,12,19,5,43,48,86,153,82,40,63,10,16,5,47,12,6360,47802.0
9/11/20,27,47,281,4,353,104,80,470,81,12,330,10,47,40,61,101,9,284,858,7,91,89,1826,34,1,678,25,1951,2468,278,253,19,29,185,117,6,45,42,120,317,88,19,224,145,14,9228,78,52,15,204,10,1771,10,57,6,1032,71,17,255,73,282,40,289,24,14,62,136,56,25,77,5,48,318,68,188,58,1,834,39,50,1322,41,34,65,567,100,7511,1493,2415,12,19,5,49,48,94,155,84,42,65,12,16,5,47,12,6394,48370.0
9/12/20,27,47,281,4,353,104,80,470,81,12,372,10,47,40,61,101,9,284,858,7,91,89,1826,34,1,678,25,1951,2468,276,253,19,29,187,117,6,45,42,120,318,88,19,224,146,14,9355,78,52,15,204,10,1771,10,57,6,1032,71,17,255,73,282,40,324,24,14,62,136,56,25,77,5,48,318,68,188,58,1,849,39,50,1322,41,34,65,567,100,7511,1518,2415,12,19,5,49,48,94,155,84,42,65,12,16,5,51,12,6432,48658.0
9/13/20,27,47,281,4,353,104,80,470,81,12,372,10,47,40,61,101,9,284,858,7,91,89,1826,34,1,678,25,1951,2468,276,253,19,29,188,117,6,45,42,120,318,88,19,224,146,14,9428,78,52,15,206,10,1771,10,57,6,1032,71,17,259,73,282,40,324,24,14,62,136,56,25,77,5,48,318,68,188,58,1,850,39,50,1322,41,34,65,567,100,7511,1518,2415,12,19,5,49,48,94,155,92,42,65,12,16,5,51,12,6451,48766.0
9/14/20,31,54,299,5,371,118,80,474,81,13,372,10,48,40,62,101,10,300,858,7,94,89,1898,36,1,698,27,1968,2514,284,256,19,30,189,117,6,45,42,120,324,88,19,226,158,14,9513,78,61,17,211,11,1823,10,63,6,1042,71,17,264,85,298,44,324,27,14,62,136,56,26,84,5,48,318,77,190,59,1,852,39,59,1386,44,40,71,588,100,7688,1518,2460,12,19,6,52,48,100,165,98,42,65,14,16,5,56,12,6468,49660.0
9/15/20,31,54,299,5,371,118,80,480,81,13,388,10,48,40,62,101,10,300,858,7,94,89,1938,36,1,698,27,1974,2514,281,255,19,30,189,117,6,45,42,120,324,88,19,226,168,14,9619,78,61,17,218,11,1823,10,63,6,1042,71,17,264,85,298,44,336,27,14,75,136,56,26,82,5,48,318,77,190,59,1,857,39,59,1386,44,40,71,588,102,7719,1555,2464,12,19,6,52,48,100,165,101,43,65,14,16,5,56,12,6504,49989.0
9/16/20,32,55,299,5,393,118,80,477,81,13,388,15,48,46,62,101,10,309,858,11,103,95,1955,44,1,717,27,2000,2546,292,279,21,30,202,117,6,45,42,119,329,103,21,226,168,14,9689,79,69,17,219,11,1839,12,66,7,1057,71,17,266,88,314,44,346,27,14,75,155,56,26,83,5,48,328,82,201,61,3,899,40,64,1513,47,40,75,588,102,7755,1591,2464,12,22,6,52,48,105,164,108,44,66,16,16,5,58,12,6530,50720.0
