Date,Adair,Allen,Anderson,Ballard,Barren,Bath,Bell,Boone,Bourbon,Boyd,Boyle,Bracken,Breathitt,Breckinridge,Bullitt,Butler,Caldwell,Calloway,Campbell,Carlisle,Carroll,Carter,Casey,Christian,Clark,Clay,Clinton,Crittenden,Cumberland,Daviess,Edmonson,Elliott,Estill,Fayette,Fleming,Floyd,Franklin,Fulton,Gallatin,Garrard,Grant,Graves,Grayson,Green,Greenup,Hancock,Hardin,Harlan,Harrison,Hart,Henderson,Henry,Hickman,Hopkins,Jackson,Jefferson,Jessamine,Johnson,Kenton,Knott,Knox,Larue,Laurel,Lawrence,Lee,Leslie,Letcher,Lewis,Lincoln,Livingston,Logan,Lyon,Madison,Magoffin,Marion,Marshall,Martin,Mason,McCracken,McCreary,McLean,Meade,Menifee,Mercer,Metcalfe,Monroe,Montgomery,Morgan,Muhlenberg,Nelson,Nicholas,Ohio,Oldham,Owen,Owsley,Pendleton,Perry,Pike,Powell,Pulaski,Robertson,Rockcastle,Rowan,Russell,Scott,Shelby,Simpson,Spencer,Taylor,Todd,Trigg,Trimble,Union,Warren,Washington,Wayne,Webster,Whitley,Wolfe,Woodford,Total
1/22/20,0,0,0,0,0,0,0,0,0,0,0,0,0,0,0,0,0,0,0,0,0,0,0,0,0,0,0,0,0,0,0,0,0,0,0,0,0,0,0,0,0,0,0,0,0,0,0,0,0,0,0,0,0,0,0,0,0,0,0,0,0,0,0,0,0,0,0,0,0,0,0,0,0,0,0,0,0,0,0,0,0,0,0,0,0,0,0,0,0,0,0,0,0,0,0,0,0,0,0,0,0,0,0,0,0,0,0,0,0,0,0,0,0,0,0,0,0,0,0,0,0.0
1/23/20,0,0,0,0,0,0,0,0,0,0,0,0,0,0,0,0,0,0,0,0,0,0,0,0,0,0,0,0,0,0,0,0,0,0,0,0,0,0,0,0,0,0,0,0,0,0,0,0,0,0,0,0,0,0,0,0,0,0,0,0,0,0,0,0,0,0,0,0,0,0,0,0,0,0,0,0,0,0,0,0,0,0,0,0,0,0,0,0,0,0,0,0,0,0,0,0,0,0,0,0,0,0,0,0,0,0,0,0,0,0,0,0,0,0,0,0,0,0,0,0,0.0
1/24/20,0,0,0,0,0,0,0,0,0,0,0,0,0,0,0,0,0,0,0,0,0,0,0,0,0,0,0,0,0,0,0,0,0,0,0,0,0,0,0,0,0,0,0,0,0,0,0,0,0,0,0,0,0,0,0,0,0,0,0,0,0,0,0,0,0,0,0,0,0,0,0,0,0,0,0,0,0,0,0,0,0,0,0,0,0,0,0,0,0,0,0,0,0,0,0,0,0,0,0,0,0,0,0,0,0,0,0,0,0,0,0,0,0,0,0,0,0,0,0,0,0.0
1/25/20,0,0,0,0,0,0,0,0,0,0,0,0,0,0,0,0,0,0,0,0,0,0,0,0,0,0,0,0,0,0,0,0,0,0,0,0,0,0,0,0,0,0,0,0,0,0,0,0,0,0,0,0,0,0,0,0,0,0,0,0,0,0,0,0,0,0,0,0,0,0,0,0,0,0,0,0,0,0,0,0,0,0,0,0,0,0,0,0,0,0,0,0,0,0,0,0,0,0,0,0,0,0,0,0,0,0,0,0,0,0,0,0,0,0,0,0,0,0,0,0,0.0
1/26/20,0,0,0,0,0,0,0,0,0,0,0,0,0,0,0,0,0,0,0,0,0,0,0,0,0,0,0,0,0,0,0,0,0,0,0,0,0,0,0,0,0,0,0,0,0,0,0,0,0,0,0,0,0,0,0,0,0,0,0,0,0,0,0,0,0,0,0,0,0,0,0,0,0,0,0,0,0,0,0,0,0,0,0,0,0,0,0,0,0,0,0,0,0,0,0,0,0,0,0,0,0,0,0,0,0,0,0,0,0,0,0,0,0,0,0,0,0,0,0,0,0.0
1/27/20,0,0,0,0,0,0,0,0,0,0,0,0,0,0,0,0,0,0,0,0,0,0,0,0,0,0,0,0,0,0,0,0,0,0,0,0,0,0,0,0,0,0,0,0,0,0,0,0,0,0,0,0,0,0,0,0,0,0,0,0,0,0,0,0,0,0,0,0,0,0,0,0,0,0,0,0,0,0,0,0,0,0,0,0,0,0,0,0,0,0,0,0,0,0,0,0,0,0,0,0,0,0,0,0,0,0,0,0,0,0,0,0,0,0,0,0,0,0,0,0,0.0
1/28/20,0,0,0,0,0,0,0,0,0,0,0,0,0,0,0,0,0,0,0,0,0,0,0,0,0,0,0,0,0,0,0,0,0,0,0,0,0,0,0,0,0,0,0,0,0,0,0,0,0,0,0,0,0,0,0,0,0,0,0,0,0,0,0,0,0,0,0,0,0,0,0,0,0,0,0,0,0,0,0,0,0,0,0,0,0,0,0,0,0,0,0,0,0,0,0,0,0,0,0,0,0,0,0,0,0,0,0,0,0,0,0,0,0,0,0,0,0,0,0,0,0.0
1/29/20,0,0,0,0,0,0,0,0,0,0,0,0,0,0,0,0,0,0,0,0,0,0,0,0,0,0,0,0,0,0,0,0,0,0,0,0,0,0,0,0,0,0,0,0,0,0,0,0,0,0,0,0,0,0,0,0,0,0,0,0,0,0,0,0,0,0,0,0,0,0,0,0,0,0,0,0,0,0,0,0,0,0,0,0,0,0,0,0,0,0,0,0,0,0,0,0,0,0,0,0,0,0,0,0,0,0,0,0,0,0,0,0,0,0,0,0,0,0,0,0,0.0
1/30/20,0,0,0,0,0,0,0,0,0,0,0,0,0,0,0,0,0,0,0,0,0,0,0,0,0,0,0,0,0,0,0,0,0,0,0,0,0,0,0,0,0,0,0,0,0,0,0,0,0,0,0,0,0,0,0,0,0,0,0,0,0,0,0,0,0,0,0,0,0,0,0,0,0,0,0,0,0,0,0,0,0,0,0,0,0,0,0,0,0,0,0,0,0,0,0,0,0,0,0,0,0,0,0,0,0,0,0,0,0,0,0,0,0,0,0,0,0,0,0,0,0.0
1/31/20,0,0,0,0,0,0,0,0,0,0,0,0,0,0,0,0,0,0,0,0,0,0,0,0,0,0,0,0,0,0,0,0,0,0,0,0,0,0,0,0,0,0,0,0,0,0,0,0,0,0,0,0,0,0,0,0,0,0,0,0,0,0,0,0,0,0,0,0,0,0,0,0,0,0,0,0,0,0,0,0,0,0,0,0,0,0,0,0,0,0,0,0,0,0,0,0,0,0,0,0,0,0,0,0,0,0,0,0,0,0,0,0,0,0,0,0,0,0,0,0,0.0
2/1/20,0,0,0,0,0,0,0,0,0,0,0,0,0,0,0,0,0,0,0,0,0,0,0,0,0,0,0,0,0,0,0,0,0,0,0,0,0,0,0,0,0,0,0,0,0,0,0,0,0,0,0,0,0,0,0,0,0,0,0,0,0,0,0,0,0,0,0,0,0,0,0,0,0,0,0,0,0,0,0,0,0,0,0,0,0,0,0,0,0,0,0,0,0,0,0,0,0,0,0,0,0,0,0,0,0,0,0,0,0,0,0,0,0,0,0,0,0,0,0,0,0.0
2/2/20,0,0,0,0,0,0,0,0,0,0,0,0,0,0,0,0,0,0,0,0,0,0,0,0,0,0,0,0,0,0,0,0,0,0,0,0,0,0,0,0,0,0,0,0,0,0,0,0,0,0,0,0,0,0,0,0,0,0,0,0,0,0,0,0,0,0,0,0,0,0,0,0,0,0,0,0,0,0,0,0,0,0,0,0,0,0,0,0,0,0,0,0,0,0,0,0,0,0,0,0,0,0,0,0,0,0,0,0,0,0,0,0,0,0,0,0,0,0,0,0,0.0
2/3/20,0,0,0,0,0,0,0,0,0,0,0,0,0,0,0,0,0,0,0,0,0,0,0,0,0,0,0,0,0,0,0,0,0,0,0,0,0,0,0,0,0,0,0,0,0,0,0,0,0,0,0,0,0,0,0,0,0,0,0,0,0,0,0,0,0,0,0,0,0,0,0,0,0,0,0,0,0,0,0,0,0,0,0,0,0,0,0,0,0,0,0,0,0,0,0,0,0,0,0,0,0,0,0,0,0,0,0,0,0,0,0,0,0,0,0,0,0,0,0,0,0.0
2/4/20,0,0,0,0,0,0,0,0,0,0,0,0,0,0,0,0,0,0,0,0,0,0,0,0,0,0,0,0,0,0,0,0,0,0,0,0,0,0,0,0,0,0,0,0,0,0,0,0,0,0,0,0,0,0,0,0,0,0,0,0,0,0,0,0,0,0,0,0,0,0,0,0,0,0,0,0,0,0,0,0,0,0,0,0,0,0,0,0,0,0,0,0,0,0,0,0,0,0,0,0,0,0,0,0,0,0,0,0,0,0,0,0,0,0,0,0,0,0,0,0,0.0
2/5/20,0,0,0,0,0,0,0,0,0,0,0,0,0,0,0,0,0,0,0,0,0,0,0,0,0,0,0,0,0,0,0,0,0,0,0,0,0,0,0,0,0,0,0,0,0,0,0,0,0,0,0,0,0,0,0,0,0,0,0,0,0,0,0,0,0,0,0,0,0,0,0,0,0,0,0,0,0,0,0,0,0,0,0,0,0,0,0,0,0,0,0,0,0,0,0,0,0,0,0,0,0,0,0,0,0,0,0,0,0,0,0,0,0,0,0,0,0,0,0,0,0.0
2/6/20,0,0,0,0,0,0,0,0,0,0,0,0,0,0,0,0,0,0,0,0,0,0,0,0,0,0,0,0,0,0,0,0,0,0,0,0,0,0,0,0,0,0,0,0,0,0,0,0,0,0,0,0,0,0,0,0,0,0,0,0,0,0,0,0,0,0,0,0,0,0,0,0,0,0,0,0,0,0,0,0,0,0,0,0,0,0,0,0,0,0,0,0,0,0,0,0,0,0,0,0,0,0,0,0,0,0,0,0,0,0,0,0,0,0,0,0,0,0,0,0,0.0
2/7/20,0,0,0,0,0,0,0,0,0,0,0,0,0,0,0,0,0,0,0,0,0,0,0,0,0,0,0,0,0,0,0,0,0,0,0,0,0,0,0,0,0,0,0,0,0,0,0,0,0,0,0,0,0,0,0,0,0,0,0,0,0,0,0,0,0,0,0,0,0,0,0,0,0,0,0,0,0,0,0,0,0,0,0,0,0,0,0,0,0,0,0,0,0,0,0,0,0,0,0,0,0,0,0,0,0,0,0,0,0,0,0,0,0,0,0,0,0,0,0,0,0.0
2/8/20,0,0,0,0,0,0,0,0,0,0,0,0,0,0,0,0,0,0,0,0,0,0,0,0,0,0,0,0,0,0,0,0,0,0,0,0,0,0,0,0,0,0,0,0,0,0,0,0,0,0,0,0,0,0,0,0,0,0,0,0,0,0,0,0,0,0,0,0,0,0,0,0,0,0,0,0,0,0,0,0,0,0,0,0,0,0,0,0,0,0,0,0,0,0,0,0,0,0,0,0,0,0,0,0,0,0,0,0,0,0,0,0,0,0,0,0,0,0,0,0,0.0
2/9/20,0,0,0,0,0,0,0,0,0,0,0,0,0,0,0,0,0,0,0,0,0,0,0,0,0,0,0,0,0,0,0,0,0,0,0,0,0,0,0,0,0,0,0,0,0,0,0,0,0,0,0,0,0,0,0,0,0,0,0,0,0,0,0,0,0,0,0,0,0,0,0,0,0,0,0,0,0,0,0,0,0,0,0,0,0,0,0,0,0,0,0,0,0,0,0,0,0,0,0,0,0,0,0,0,0,0,0,0,0,0,0,0,0,0,0,0,0,0,0,0,0.0
2/10/20,0,0,0,0,0,0,0,0,0,0,0,0,0,0,0,0,0,0,0,0,0,0,0,0,0,0,0,0,0,0,0,0,0,0,0,0,0,0,0,0,0,0,0,0,0,0,0,0,0,0,0,0,0,0,0,0,0,0,0,0,0,0,0,0,0,0,0,0,0,0,0,0,0,0,0,0,0,0,0,0,0,0,0,0,0,0,0,0,0,0,0,0,0,0,0,0,0,0,0,0,0,0,0,0,0,0,0,0,0,0,0,0,0,0,0,0,0,0,0,0,0.0
2/11/20,0,0,0,0,0,0,0,0,0,0,0,0,0,0,0,0,0,0,0,0,0,0,0,0,0,0,0,0,0,0,0,0,0,0,0,0,0,0,0,0,0,0,0,0,0,0,0,0,0,0,0,0,0,0,0,0,0,0,0,0,0,0,0,0,0,0,0,0,0,0,0,0,0,0,0,0,0,0,0,0,0,0,0,0,0,0,0,0,0,0,0,0,0,0,0,0,0,0,0,0,0,0,0,0,0,0,0,0,0,0,0,0,0,0,0,0,0,0,0,0,0.0
2/12/20,0,0,0,0,0,0,0,0,0,0,0,0,0,0,0,0,0,0,0,0,0,0,0,0,0,0,0,0,0,0,0,0,0,0,0,0,0,0,0,0,0,0,0,0,0,0,0,0,0,0,0,0,0,0,0,0,0,0,0,0,0,0,0,0,0,0,0,0,0,0,0,0,0,0,0,0,0,0,0,0,0,0,0,0,0,0,0,0,0,0,0,0,0,0,0,0,0,0,0,0,0,0,0,0,0,0,0,0,0,0,0,0,0,0,0,0,0,0,0,0,0.0
2/13/20,0,0,0,0,0,0,0,0,0,0,0,0,0,0,0,0,0,0,0,0,0,0,0,0,0,0,0,0,0,0,0,0,0,0,0,0,0,0,0,0,0,0,0,0,0,0,0,0,0,0,0,0,0,0,0,0,0,0,0,0,0,0,0,0,0,0,0,0,0,0,0,0,0,0,0,0,0,0,0,0,0,0,0,0,0,0,0,0,0,0,0,0,0,0,0,0,0,0,0,0,0,0,0,0,0,0,0,0,0,0,0,0,0,0,0,0,0,0,0,0,0.0
2/14/20,0,0,0,0,0,0,0,0,0,0,0,0,0,0,0,0,0,0,0,0,0,0,0,0,0,0,0,0,0,0,0,0,0,0,0,0,0,0,0,0,0,0,0,0,0,0,0,0,0,0,0,0,0,0,0,0,0,0,0,0,0,0,0,0,0,0,0,0,0,0,0,0,0,0,0,0,0,0,0,0,0,0,0,0,0,0,0,0,0,0,0,0,0,0,0,0,0,0,0,0,0,0,0,0,0,0,0,0,0,0,0,0,0,0,0,0,0,0,0,0,0.0
2/15/20,0,0,0,0,0,0,0,0,0,0,0,0,0,0,0,0,0,0,0,0,0,0,0,0,0,0,0,0,0,0,0,0,0,0,0,0,0,0,0,0,0,0,0,0,0,0,0,0,0,0,0,0,0,0,0,0,0,0,0,0,0,0,0,0,0,0,0,0,0,0,0,0,0,0,0,0,0,0,0,0,0,0,0,0,0,0,0,0,0,0,0,0,0,0,0,0,0,0,0,0,0,0,0,0,0,0,0,0,0,0,0,0,0,0,0,0,0,0,0,0,0.0
2/16/20,0,0,0,0,0,0,0,0,0,0,0,0,0,0,0,0,0,0,0,0,0,0,0,0,0,0,0,0,0,0,0,0,0,0,0,0,0,0,0,0,0,0,0,0,0,0,0,0,0,0,0,0,0,0,0,0,0,0,0,0,0,0,0,0,0,0,0,0,0,0,0,0,0,0,0,0,0,0,0,0,0,0,0,0,0,0,0,0,0,0,0,0,0,0,0,0,0,0,0,0,0,0,0,0,0,0,0,0,0,0,0,0,0,0,0,0,0,0,0,0,0.0
2/17/20,0,0,0,0,0,0,0,0,0,0,0,0,0,0,0,0,0,0,0,0,0,0,0,0,0,0,0,0,0,0,0,0,0,0,0,0,0,0,0,0,0,0,0,0,0,0,0,0,0,0,0,0,0,0,0,0,0,0,0,0,0,0,0,0,0,0,0,0,0,0,0,0,0,0,0,0,0,0,0,0,0,0,0,0,0,0,0,0,0,0,0,0,0,0,0,0,0,0,0,0,0,0,0,0,0,0,0,0,0,0,0,0,0,0,0,0,0,0,0,0,0.0
2/18/20,0,0,0,0,0,0,0,0,0,0,0,0,0,0,0,0,0,0,0,0,0,0,0,0,0,0,0,0,0,0,0,0,0,0,0,0,0,0,0,0,0,0,0,0,0,0,0,0,0,0,0,0,0,0,0,0,0,0,0,0,0,0,0,0,0,0,0,0,0,0,0,0,0,0,0,0,0,0,0,0,0,0,0,0,0,0,0,0,0,0,0,0,0,0,0,0,0,0,0,0,0,0,0,0,0,0,0,0,0,0,0,0,0,0,0,0,0,0,0,0,0.0
2/19/20,0,0,0,0,0,0,0,0,0,0,0,0,0,0,0,0,0,0,0,0,0,0,0,0,0,0,0,0,0,0,0,0,0,0,0,0,0,0,0,0,0,0,0,0,0,0,0,0,0,0,0,0,0,0,0,0,0,0,0,0,0,0,0,0,0,0,0,0,0,0,0,0,0,0,0,0,0,0,0,0,0,0,0,0,0,0,0,0,0,0,0,0,0,0,0,0,0,0,0,0,0,0,0,0,0,0,0,0,0,0,0,0,0,0,0,0,0,0,0,0,0.0
2/20/20,0,0,0,0,0,0,0,0,0,0,0,0,0,0,0,0,0,0,0,0,0,0,0,0,0,0,0,0,0,0,0,0,0,0,0,0,0,0,0,0,0,0,0,0,0,0,0,0,0,0,0,0,0,0,0,0,0,0,0,0,0,0,0,0,0,0,0,0,0,0,0,0,0,0,0,0,0,0,0,0,0,0,0,0,0,0,0,0,0,0,0,0,0,0,0,0,0,0,0,0,0,0,0,0,0,0,0,0,0,0,0,0,0,0,0,0,0,0,0,0,0.0
2/21/20,0,0,0,0,0,0,0,0,0,0,0,0,0,0,0,0,0,0,0,0,0,0,0,0,0,0,0,0,0,0,0,0,0,0,0,0,0,0,0,0,0,0,0,0,0,0,0,0,0,0,0,0,0,0,0,0,0,0,0,0,0,0,0,0,0,0,0,0,0,0,0,0,0,0,0,0,0,0,0,0,0,0,0,0,0,0,0,0,0,0,0,0,0,0,0,0,0,0,0,0,0,0,0,0,0,0,0,0,0,0,0,0,0,0,0,0,0,0,0,0,0.0
2/22/20,0,0,0,0,0,0,0,0,0,0,0,0,0,0,0,0,0,0,0,0,0,0,0,0,0,0,0,0,0,0,0,0,0,0,0,0,0,0,0,0,0,0,0,0,0,0,0,0,0,0,0,0,0,0,0,0,0,0,0,0,0,0,0,0,0,0,0,0,0,0,0,0,0,0,0,0,0,0,0,0,0,0,0,0,0,0,0,0,0,0,0,0,0,0,0,0,0,0,0,0,0,0,0,0,0,0,0,0,0,0,0,0,0,0,0,0,0,0,0,0,0.0
2/23/20,0,0,0,0,0,0,0,0,0,0,0,0,0,0,0,0,0,0,0,0,0,0,0,0,0,0,0,0,0,0,0,0,0,0,0,0,0,0,0,0,0,0,0,0,0,0,0,0,0,0,0,0,0,0,0,0,0,0,0,0,0,0,0,0,0,0,0,0,0,0,0,0,0,0,0,0,0,0,0,0,0,0,0,0,0,0,0,0,0,0,0,0,0,0,0,0,0,0,0,0,0,0,0,0,0,0,0,0,0,0,0,0,0,0,0,0,0,0,0,0,0.0
2/24/20,0,0,0,0,0,0,0,0,0,0,0,0,0,0,0,0,0,0,0,0,0,0,0,0,0,0,0,0,0,0,0,0,0,0,0,0,0,0,0,0,0,0,0,0,0,0,0,0,0,0,0,0,0,0,0,0,0,0,0,0,0,0,0,0,0,0,0,0,0,0,0,0,0,0,0,0,0,0,0,0,0,0,0,0,0,0,0,0,0,0,0,0,0,0,0,0,0,0,0,0,0,0,0,0,0,0,0,0,0,0,0,0,0,0,0,0,0,0,0,0,0.0
2/25/20,0,0,0,0,0,0,0,0,0,0,0,0,0,0,0,0,0,0,0,0,0,0,0,0,0,0,0,0,0,0,0,0,0,0,0,0,0,0,0,0,0,0,0,0,0,0,0,0,0,0,0,0,0,0,0,0,0,0,0,0,0,0,0,0,0,0,0,0,0,0,0,0,0,0,0,0,0,0,0,0,0,0,0,0,0,0,0,0,0,0,0,0,0,0,0,0,0,0,0,0,0,0,0,0,0,0,0,0,0,0,0,0,0,0,0,0,0,0,0,0,0.0
2/26/20,0,0,0,0,0,0,0,0,0,0,0,0,0,0,0,0,0,0,0,0,0,0,0,0,0,0,0,0,0,0,0,0,0,0,0,0,0,0,0,0,0,0,0,0,0,0,0,0,0,0,0,0,0,0,0,0,0,0,0,0,0,0,0,0,0,0,0,0,0,0,0,0,0,0,0,0,0,0,0,0,0,0,0,0,0,0,0,0,0,0,0,0,0,0,0,0,0,0,0,0,0,0,0,0,0,0,0,0,0,0,0,0,0,0,0,0,0,0,0,0,0.0
2/27/20,0,0,0,0,0,0,0,0,0,0,0,0,0,0,0,0,0,0,0,0,0,0,0,0,0,0,0,0,0,0,0,0,0,0,0,0,0,0,0,0,0,0,0,0,0,0,0,0,0,0,0,0,0,0,0,0,0,0,0,0,0,0,0,0,0,0,0,0,0,0,0,0,0,0,0,0,0,0,0,0,0,0,0,0,0,0,0,0,0,0,0,0,0,0,0,0,0,0,0,0,0,0,0,0,0,0,0,0,0,0,0,0,0,0,0,0,0,0,0,0,0.0
2/28/20,0,0,0,0,0,0,0,0,0,0,0,0,0,0,0,0,0,0,0,0,0,0,0,0,0,0,0,0,0,0,0,0,0,0,0,0,0,0,0,0,0,0,0,0,0,0,0,0,0,0,0,0,0,0,0,0,0,0,0,0,0,0,0,0,0,0,0,0,0,0,0,0,0,0,0,0,0,0,0,0,0,0,0,0,0,0,0,0,0,0,0,0,0,0,0,0,0,0,0,0,0,0,0,0,0,0,0,0,0,0,0,0,0,0,0,0,0,0,0,0,0.0
2/29/20,0,0,0,0,0,0,0,0,0,0,0,0,0,0,0,0,0,0,0,0,0,0,0,0,0,0,0,0,0,0,0,0,0,0,0,0,0,0,0,0,0,0,0,0,0,0,0,0,0,0,0,0,0,0,0,0,0,0,0,0,0,0,0,0,0,0,0,0,0,0,0,0,0,0,0,0,0,0,0,0,0,0,0,0,0,0,0,0,0,0,0,0,0,0,0,0,0,0,0,0,0,0,0,0,0,0,0,0,0,0,0,0,0,0,0,0,0,0,0,0,0.0
3/1/20,0,0,0,0,0,0,0,0,0,0,0,0,0,0,0,0,0,0,0,0,0,0,0,0,0,0,0,0,0,0,0,0,0,0,0,0,0,0,0,0,0,0,0,0,0,0,0,0,0,0,0,0,0,0,0,0,0,0,0,0,0,0,0,0,0,0,0,0,0,0,0,0,0,0,0,0,0,0,0,0,0,0,0,0,0,0,0,0,0,0,0,0,0,0,0,0,0,0,0,0,0,0,0,0,0,0,0,0,0,0,0,0,0,0,0,0,0,0,0,0,0.0
3/2/20,0,0,0,0,0,0,0,0,0,0,0,0,0,0,0,0,0,0,0,0,0,0,0,0,0,0,0,0,0,0,0,0,0,0,0,0,0,0,0,0,0,0,0,0,0,0,0,0,0,0,0,0,0,0,0,0,0,0,0,0,0,0,0,0,0,0,0,0,0,0,0,0,0,0,0,0,0,0,0,0,0,0,0,0,0,0,0,0,0,0,0,0,0,0,0,0,0,0,0,0,0,0,0,0,0,0,0,0,0,0,0,0,0,0,0,0,0,0,0,0,0.0
3/3/20,0,0,0,0,0,0,0,0,0,0,0,0,0,0,0,0,0,0,0,0,0,0,0,0,0,0,0,0,0,0,0,0,0,0,0,0,0,0,0,0,0,0,0,0,0,0,0,0,0,0,0,0,0,0,0,0,0,0,0,0,0,0,0,0,0,0,0,0,0,0,0,0,0,0,0,0,0,0,0,0,0,0,0,0,0,0,0,0,0,0,0,0,0,0,0,0,0,0,0,0,0,0,0,0,0,0,0,0,0,0,0,0,0,0,0,0,0,0,0,0,0.0
3/4/20,0,0,0,0,0,0,0,0,0,0,0,0,0,0,0,0,0,0,0,0,0,0,0,0,0,0,0,0,0,0,0,0,0,0,0,0,0,0,0,0,0,0,0,0,0,0,0,0,0,0,0,0,0,0,0,0,0,0,0,0,0,0,0,0,0,0,0,0,0,0,0,0,0,0,0,0,0,0,0,0,0,0,0,0,0,0,0,0,0,0,0,0,0,0,0,0,0,0,0,0,0,0,0,0,0,0,0,0,0,0,0,0,0,0,0,0,0,0,0,0,0.0
3/5/20,0,0,0,0,0,0,0,0,0,0,0,0,0,0,0,0,0,0,0,0,0,0,0,0,0,0,0,0,0,0,0,0,0,0,0,0,0,0,0,0,0,0,0,0,0,0,0,0,0,0,0,0,0,0,0,0,0,0,0,0,0,0,0,0,0,0,0,0,0,0,0,0,0,0,0,0,0,0,0,0,0,0,0,0,0,0,0,0,0,0,0,0,0,0,0,0,0,0,0,0,0,0,0,0,0,0,0,0,0,0,0,0,0,0,0,0,0,0,0,0,0.0
3/6/20,0,0,0,0,0,0,0,0,0,0,0,0,0,0,0,0,0,0,0,0,0,0,0,0,0,0,0,0,0,0,0,0,0,1,0,0,0,0,0,0,0,0,0,0,0,0,0,0,0,0,0,0,0,0,0,0,0,0,0,0,0,0,0,0,0,0,0,0,0,0,0,0,0,0,0,0,0,0,0,0,0,0,0,0,0,0,0,0,0,0,0,0,0,0,0,0,0,0,0,0,0,0,0,0,0,0,0,0,0,0,0,0,0,0,0,0,0,0,0,0,1.0
3/7/20,0,0,0,0,0,0,0,0,0,0,0,0,0,0,0,0,0,0,0,0,0,0,0,0,0,0,0,0,0,0,0,0,0,1,0,0,0,0,0,0,0,0,0,0,0,0,0,0,0,0,0,0,0,0,0,0,0,0,0,0,0,0,0,0,0,0,0,0,0,0,0,0,0,0,0,0,0,0,0,0,0,0,0,0,0,0,0,0,0,0,0,0,0,0,0,0,0,0,0,0,0,0,0,0,0,0,0,0,0,0,0,0,0,0,0,0,0,0,0,0,1.0
3/8/20,0,0,0,0,0,0,0,0,0,0,0,0,0,0,0,0,0,0,0,0,0,0,0,0,0,0,0,0,0,0,0,0,0,1,0,0,0,0,0,0,0,0,0,0,0,0,0,0,0,0,0,0,0,0,0,0,0,0,0,0,0,0,0,0,0,0,0,0,0,0,0,0,0,0,0,0,0,0,0,0,0,0,0,0,0,0,0,0,0,0,0,0,0,0,0,0,0,0,0,0,0,0,0,0,0,0,0,0,0,0,0,0,0,0,0,0,0,0,0,0,1.0
3/9/20,0,0,0,0,0,0,0,0,0,0,0,0,0,0,0,0,0,0,0,0,0,0,0,0,0,0,0,0,0,0,0,0,0,1,0,0,0,0,0,0,0,0,0,0,0,0,0,0,2,0,0,0,0,0,0,1,0,0,0,0,0,0,0,0,0,0,0,0,0,0,0,0,0,0,0,0,0,0,0,0,0,0,0,0,0,0,0,0,0,0,0,0,0,0,0,0,0,0,0,0,0,0,0,0,0,0,0,0,0,0,0,0,0,0,0,0,0,0,0,0,4.0
3/10/20,0,0,0,0,0,0,0,0,0,0,0,0,0,0,0,0,0,0,0,0,0,0,0,0,0,0,0,0,0,0,0,0,0,2,0,0,0,0,0,0,0,0,0,0,0,0,0,0,2,0,0,0,0,0,0,1,0,0,0,0,0,0,0,0,0,0,0,0,0,0,0,0,0,0,0,0,0,0,0,0,0,0,0,0,0,0,0,0,0,0,0,0,0,0,0,0,0,0,0,0,0,0,0,0,0,0,0,0,0,0,0,0,0,0,0,0,0,0,0,0,5.0
3/11/20,0,0,0,0,0,0,0,0,0,0,0,0,0,0,0,0,0,0,0,0,0,0,0,0,0,0,0,0,0,0,0,0,0,2,0,0,0,0,0,0,0,0,0,0,0,0,0,0,5,0,0,0,0,0,0,1,0,0,0,0,0,0,0,0,0,0,0,0,0,0,0,0,0,0,0,0,0,0,0,0,0,0,0,0,0,0,0,0,0,0,0,0,0,0,0,0,0,0,0,0,0,0,0,0,0,0,0,0,0,0,0,0,0,0,0,0,0,0,0,0,8.0
3/12/20,0,0,0,0,0,0,0,0,0,0,0,0,0,0,0,0,0,0,0,0,0,0,0,0,0,0,0,0,0,0,0,0,0,3,0,0,0,0,0,0,0,0,0,0,0,0,0,0,5,0,0,0,0,0,0,2,0,0,0,0,0,0,0,0,0,0,0,0,0,0,0,0,0,0,0,0,0,0,0,0,0,0,0,0,0,0,0,0,0,0,0,0,0,0,0,0,0,0,0,0,0,0,0,0,0,0,0,0,0,0,0,0,0,0,0,0,0,0,0,0,10.0
3/13/20,0,0,0,0,0,0,0,0,0,0,0,0,0,0,0,0,0,0,0,0,0,0,0,0,0,0,0,0,0,0,0,0,0,3,0,0,0,0,0,0,0,0,0,0,0,0,0,0,5,0,0,0,0,0,0,2,0,0,0,0,0,0,0,0,0,0,0,0,0,0,0,0,0,0,0,0,0,0,0,0,0,0,0,0,0,0,2,0,0,0,0,0,0,0,0,0,0,0,0,0,0,0,0,0,0,0,0,0,0,0,0,0,0,0,0,0,0,0,0,0,12.0
3/14/20,0,0,0,0,0,0,0,0,0,0,0,0,0,0,0,0,0,0,0,0,0,0,0,0,0,0,0,0,0,0,0,0,0,3,0,0,0,0,0,0,0,0,0,0,0,0,0,0,6,0,0,0,0,0,0,4,0,0,0,0,0,0,0,0,0,0,0,0,0,0,0,0,0,0,0,0,0,0,0,0,0,0,0,0,0,0,2,0,0,1,0,0,0,0,0,0,0,0,0,0,0,0,0,0,0,0,0,0,0,0,0,0,0,0,0,0,0,0,0,0,16.0
3/15/20,0,0,0,0,0,0,0,0,0,0,0,0,0,0,0,0,0,0,0,0,0,0,0,0,0,0,0,0,0,0,0,0,0,5,0,0,0,0,0,0,0,0,0,0,0,0,0,0,6,0,0,0,0,0,0,4,0,0,0,0,0,0,0,0,0,0,0,0,0,0,0,0,0,0,0,0,0,0,0,0,0,0,0,0,0,0,2,0,0,1,0,0,0,0,0,0,0,0,0,0,0,0,0,0,0,0,0,0,0,0,0,0,0,0,0,0,0,0,0,0,18.0
3/16/20,0,0,0,0,0,0,0,0,1,0,0,0,0,0,0,0,0,0,0,0,0,0,0,0,1,0,0,0,0,0,0,0,0,5,0,0,0,0,0,0,0,0,0,0,0,0,0,0,6,0,0,0,0,0,0,6,0,0,0,0,0,0,0,0,0,0,0,0,0,0,0,0,0,0,0,0,0,0,0,0,0,0,0,0,0,0,1,0,0,1,0,0,0,0,0,0,0,0,0,0,0,0,0,0,0,0,0,0,0,0,0,0,0,0,0,0,0,0,0,0,21.0
3/17/20,0,0,0,0,0,0,0,0,1,0,0,0,0,0,0,0,0,0,0,0,0,0,0,0,1,0,0,0,0,0,0,0,0,7,0,0,0,0,0,0,0,0,0,0,0,0,0,0,6,0,0,0,0,0,0,7,0,0,0,0,0,0,0,0,0,0,0,0,0,0,0,1,0,0,0,0,0,0,0,0,0,0,0,0,0,0,2,0,0,1,0,0,0,0,0,0,0,0,0,0,0,0,0,0,0,0,0,0,0,0,0,0,0,0,0,0,0,0,0,0,26.0
3/18/20,0,0,0,0,0,0,0,0,1,0,0,0,0,0,0,0,0,0,0,0,0,0,0,0,1,0,0,0,0,0,0,0,0,8,0,0,0,0,0,0,0,0,0,0,0,0,0,0,6,0,0,0,0,0,0,8,0,0,0,0,0,0,0,0,0,0,0,0,0,0,0,1,0,0,0,0,0,0,0,0,0,0,0,0,0,0,2,0,0,1,0,0,0,0,0,0,0,0,0,0,0,0,0,0,0,0,0,0,0,0,0,0,0,0,0,0,0,0,0,0,28.0
3/19/20,0,0,0,0,0,0,0,0,1,0,0,0,0,0,0,0,0,0,0,0,0,0,0,0,1,0,0,0,0,1,0,0,0,8,0,0,0,0,0,0,0,0,0,0,0,0,0,0,6,0,1,0,0,0,0,8,0,0,1,0,0,0,0,0,0,0,0,0,0,0,0,1,0,0,0,0,0,0,0,0,0,0,0,0,0,0,2,0,0,1,0,0,0,0,0,0,0,0,0,0,0,0,0,0,0,0,0,0,0,0,0,0,0,0,0,0,0,0,0,0,31.0
3/20/20,0,0,1,0,0,0,0,0,2,0,0,0,0,0,0,0,0,1,0,0,0,0,0,1,2,0,0,0,0,1,0,0,0,10,0,0,1,0,0,0,0,0,0,0,0,0,1,0,7,0,2,0,0,0,0,25,0,0,1,0,0,0,0,0,0,0,0,0,0,0,0,1,0,0,0,0,0,0,0,0,0,0,0,0,0,0,2,0,0,1,0,0,1,0,0,0,0,0,0,2,0,0,0,0,0,0,0,0,0,0,0,0,0,2,0,0,0,0,0,0,64.0
3/21/20,0,0,1,0,0,0,0,0,2,0,0,0,0,0,0,0,0,1,0,0,0,0,0,1,2,0,0,0,0,1,0,0,0,10,0,0,1,0,0,0,0,0,0,0,0,0,1,0,7,0,2,0,0,0,0,25,0,0,1,0,0,0,0,0,0,0,0,0,0,0,0,1,0,0,0,0,0,0,0,0,0,0,0,0,0,0,2,0,0,1,0,0,1,0,0,0,0,0,0,2,0,0,0,0,0,0,0,0,0,0,0,0,0,2,0,0,0,0,0,0,64.0
3/22/20,0,0,1,0,0,0,0,0,2,0,0,0,0,0,0,0,0,1,0,0,0,0,0,1,2,0,0,0,0,1,0,0,0,10,0,0,1,0,0,0,0,0,0,0,0,0,1,0,7,0,2,0,0,0,0,25,0,0,1,0,0,0,0,0,0,0,0,0,0,0,0,1,0,0,0,0,0,0,0,0,0,0,0,0,0,0,2,0,0,1,0,0,1,0,0,0,0,0,0,2,0,0,0,0,0,0,0,0,0,0,0,0,0,2,0,0,0,0,0,0,64.0
3/23/20,0,0,2,0,0,0,0,0,2,0,0,0,1,0,0,0,0,1,0,0,0,0,0,2,2,0,0,0,0,11,0,0,0,15,0,0,2,0,0,0,0,0,0,0,0,0,2,0,8,0,2,0,0,0,0,33,1,0,5,0,0,0,0,0,0,0,0,0,0,0,0,1,2,0,0,0,1,0,0,0,0,0,1,0,0,0,2,0,2,1,0,0,1,0,0,0,0,0,0,3,0,0,0,0,0,0,0,1,0,0,0,0,0,4,0,0,0,0,0,0,108.0
3/24/20,0,0,2,0,0,0,0,1,2,0,0,0,1,0,0,0,0,1,1,0,0,0,0,2,2,0,0,0,0,11,0,0,0,15,0,0,2,0,0,0,0,0,0,0,0,0,2,0,8,0,2,0,0,0,0,33,1,0,5,0,0,0,1,0,0,0,0,0,0,0,1,1,2,0,0,0,1,0,1,0,0,0,1,0,0,0,2,0,2,1,0,0,1,0,0,0,0,0,0,3,0,0,0,0,1,0,1,1,0,0,0,0,0,4,0,0,1,0,0,0,116.0
3/25/20,0,1,2,0,0,0,0,1,2,0,0,0,2,0,0,0,0,1,1,0,0,0,0,2,2,0,0,0,0,14,0,0,0,28,0,0,2,0,0,0,0,0,0,0,0,0,2,0,10,0,2,0,0,0,0,35,1,0,8,0,0,0,1,0,0,0,0,0,0,0,1,1,2,0,0,0,1,0,2,0,0,0,1,0,0,0,2,0,2,1,0,0,1,0,0,0,0,0,0,3,0,0,0,0,1,0,1,1,0,0,0,0,0,5,0,0,1,0,0,0,143.0
3/26/20,0,1,2,0,0,0,0,1,2,0,0,0,2,0,0,0,0,1,1,0,0,0,0,2,2,0,0,0,0,14,0,0,0,28,0,0,2,0,0,0,0,0,0,0,0,0,2,0,10,0,2,0,0,0,0,35,1,0,8,0,0,0,1,0,0,0,0,0,0,0,1,1,2,0,0,0,1,0,2,0,0,0,1,0,0,0,2,0,2,1,0,0,1,0,0,0,0,0,0,3,0,0,0,0,1,0,1,1,0,0,0,0,0,5,0,0,1,0,0,0,143.0
3/27/20,0,1,2,0,0,0,0,1,2,0,0,0,2,0,0,0,0,1,1,0,0,0,0,2,2,0,0,0,0,14,0,0,0,28,0,0,2,0,0,0,0,0,0,0,0,0,2,0,10,0,2,0,0,0,0,35,1,0,8,0,0,0,1,0,0,0,0,0,0,0,1,1,2,0,0,0,1,0,2,0,0,0,1,0,0,0,2,0,2,1,0,0,1,0,0,0,0,0,0,3,0,0,0,0,1,0,1,1,0,0,0,0,0,5,0,0,1,0,0,0,143.0
3/28/20,0,1,2,0,0,0,0,5,2,0,0,0,2,0,0,0,0,1,3,0,0,0,0,2,2,0,0,0,0,20,0,0,0,28,0,0,2,0,0,0,0,0,0,0,0,1,2,0,10,0,3,0,0,0,0,103,1,0,12,0,0,0,1,0,0,0,0,0,0,0,1,1,2,0,0,0,1,0,2,0,1,0,1,0,0,0,2,0,2,1,0,0,1,0,0,0,0,0,0,3,0,0,0,0,1,0,1,1,0,0,0,0,0,5,0,0,1,0,0,0,230.0
3/29/20,0,1,2,0,1,0,0,5,2,0,1,1,2,2,2,1,0,2,4,0,1,0,0,6,6,0,0,0,0,27,0,0,0,67,0,1,6,0,0,0,1,0,2,0,0,1,5,0,11,0,3,0,0,11,0,97,10,0,17,0,0,1,2,0,0,0,0,0,0,0,2,1,7,0,0,0,2,1,3,1,1,0,2,2,0,0,2,0,4,2,1,0,3,0,0,0,0,0,0,7,0,0,0,0,5,1,2,2,0,0,0,0,1,9,1,1,2,0,0,3,369.0
3/30/20,0,1,2,0,1,0,0,5,2,0,1,1,2,2,2,1,0,3,4,0,1,0,0,6,6,0,0,0,0,27,0,0,0,82,0,1,6,0,0,0,1,0,2,0,0,1,5,0,11,0,3,0,0,17,0,116,11,0,19,0,0,1,2,0,0,0,0,0,0,0,2,1,8,0,0,0,2,1,5,1,1,0,2,2,0,0,2,0,7,3,1,0,3,0,0,0,0,0,0,7,0,0,0,0,6,1,4,2,0,0,0,0,1,12,1,1,2,0,0,3,426.0
3/31/20,0,2,2,0,1,0,0,8,2,4,4,1,2,2,6,1,0,3,8,0,2,0,0,7,8,0,0,0,0,34,2,0,0,110,0,0,6,0,0,0,1,0,2,0,0,1,6,0,11,0,5,0,0,17,0,206,13,0,20,0,0,1,2,1,0,0,0,1,0,0,3,1,10,0,1,1,1,1,8,1,1,0,2,2,0,0,2,0,10,3,1,0,6,0,0,1,0,0,1,8,0,1,0,0,6,2,9,2,2,0,0,0,2,13,1,3,2,0,0,5,614.0
4/1/20,0,2,2,0,1,0,0,8,2,4,4,1,2,2,6,1,0,3,8,0,2,0,0,7,8,0,0,0,0,34,2,0,0,110,0,0,6,0,0,0,1,0,2,0,0,1,6,0,11,0,5,0,0,17,0,206,13,0,20,0,0,1,2,1,0,0,0,1,0,0,3,1,10,0,1,1,1,1,8,1,1,0,2,2,0,0,2,0,10,3,1,0,6,0,0,1,0,0,1,8,0,1,0,0,6,2,9,2,2,0,0,0,2,13,1,3,2,0,0,5,614.0
4/2/20,0,2,2,0,1,0,0,8,2,4,4,1,2,2,6,1,0,3,8,0,2,0,0,7,8,0,0,0,0,34,2,0,0,116,0,0,6,0,0,0,1,0,2,0,0,1,6,0,11,0,5,0,0,27,0,228,13,0,25,0,0,1,2,1,0,0,0,1,0,0,3,1,10,0,1,1,1,1,8,1,1,0,2,2,0,0,2,0,10,3,1,0,6,0,0,1,0,0,1,8,0,1,0,0,6,2,9,2,2,0,0,0,2,13,1,3,2,0,0,5,657.0
4/3/20,0,2,2,0,1,0,0,8,2,4,4,1,2,2,6,1,0,3,8,0,2,0,0,7,8,0,0,0,0,34,2,0,0,116,0,0,6,0,0,0,1,0,2,0,0,1,6,0,11,0,5,0,0,27,0,228,13,0,25,0,0,1,2,1,0,0,0,1,0,0,3,1,10,0,1,1,1,1,8,1,1,0,2,2,0,0,2,0,10,3,1,0,6,0,0,1,0,0,1,8,0,1,0,0,6,2,9,2,2,0,0,0,2,13,1,3,2,0,0,5,657.0
4/4/20,3,2,3,0,1,1,0,11,4,13,7,1,1,0,11,1,3,5,12,0,2,1,0,23,11,0,1,1,1,55,5,0,0,120,0,0,7,0,0,0,2,2,2,0,1,1,9,0,11,0,6,2,0,33,0,299,15,1,33,0,0,3,2,1,0,0,0,2,0,0,4,4,11,0,3,2,1,2,10,1,1,2,3,3,0,0,5,0,0,4,1,1,6,0,0,1,3,1,1,12,0,1,0,1,12,7,13,2,2,0,0,0,2,18,2,4,3,0,0,8,888.0
4/5/20,3,2,3,0,0,1,0,12,4,13,7,1,1,2,11,1,2,5,12,0,2,1,0,30,11,0,1,1,1,55,5,0,0,122,0,0,7,0,0,0,2,2,2,0,1,1,9,0,12,0,6,2,0,34,0,304,16,1,33,0,0,3,2,1,0,0,0,2,0,0,4,4,11,0,3,3,1,2,13,1,1,2,3,4,0,0,5,0,0,4,1,1,7,0,0,2,3,1,1,13,0,2,0,1,14,7,13,2,2,0,0,0,2,21,2,4,3,0,0,9,921.0
4/6/20,3,2,3,0,0,1,0,12,4,13,7,1,1,2,11,1,2,5,12,0,2,1,0,30,11,0,1,1,1,55,5,0,0,122,0,0,7,0,0,0,2,2,2,0,1,1,9,0,12,0,6,2,0,34,0,304,16,1,33,0,0,3,2,1,0,0,0,2,0,0,4,4,11,0,3,3,1,2,13,1,1,2,3,4,0,0,5,0,0,4,1,1,7,0,0,2,3,1,1,13,0,2,0,1,14,7,13,2,2,0,0,0,2,21,2,4,3,0,0,9,921.0
4/7/20,3,2,3,0,1,1,0,21,4,15,7,1,1,2,11,1,2,5,13,0,2,1,0,32,11,0,1,2,1,58,5,0,0,123,0,0,7,0,0,0,2,2,2,0,2,1,9,0,12,0,6,2,0,36,0,319,16,1,36,0,0,3,2,1,0,1,0,2,0,0,4,4,12,0,3,5,1,2,13,1,1,2,3,4,0,0,6,0,27,4,1,1,8,0,0,2,3,1,1,13,0,4,0,1,14,8,13,2,2,0,0,0,2,21,2,4,3,0,0,8,997.0
4/8/20,3,2,3,0,1,1,0,21,4,15,7,1,1,2,11,1,2,5,13,0,2,1,0,32,11,0,1,2,1,58,5,0,0,123,0,0,7,0,0,0,2,2,2,0,2,1,9,0,12,0,6,2,0,36,0,319,16,1,36,0,0,3,2,1,0,1,0,2,0,0,4,4,12,0,3,5,1,2,13,1,1,2,3,4,0,0,6,0,27,4,1,1,8,0,0,2,3,1,1,13,0,4,0,1,14,8,13,2,2,0,0,0,2,21,2,4,3,0,0,8,997.0
4/9/20,6,3,3,1,1,1,0,23,4,17,9,1,1,3,14,2,5,8,29,0,2,1,0,45,11,0,1,3,1,61,5,0,0,148,0,0,10,0,0,0,3,5,2,1,2,2,9,0,14,1,9,3,0,57,3,380,18,1,54,0,0,3,5,1,0,1,1,2,0,0,5,6,14,0,4,8,1,3,16,3,2,2,3,4,0,2,7,0,26,7,1,4,11,0,0,3,3,1,1,26,0,6,0,4,15,11,14,3,3,3,0,0,3,24,3,4,3,1,0,9,1265.0
4/10/20,6,3,3,1,1,1,0,23,4,17,9,1,1,3,14,2,5,8,29,0,2,1,0,45,11,0,1,3,1,79,5,0,0,148,0,0,10,0,0,0,3,5,2,1,2,2,9,0,14,1,23,3,0,57,3,380,18,1,54,0,0,3,5,1,0,1,1,2,0,0,5,6,14,0,4,8,1,3,16,3,5,2,3,4,0,2,7,0,26,7,1,8,11,0,0,3,3,1,1,26,0,6,0,4,15,11,14,3,3,3,0,0,3,24,3,4,7,1,0,9,1308.0
4/11/20,6,3,3,1,1,1,0,23,4,17,9,1,1,3,14,2,5,8,29,0,2,1,0,45,11,0,1,3,1,79,5,0,0,148,0,0,10,0,0,0,3,5,2,1,2,2,9,0,14,1,23,3,0,57,3,380,18,1,54,0,0,3,5,1,0,1,1,2,0,0,5,6,14,0,4,8,1,3,16,3,5,2,3,4,0,2,7,0,26,7,1,8,11,0,0,3,3,1,1,26,0,6,0,4,15,11,14,3,3,3,0,0,3,24,3,4,7,1,0,9,1308.0
4/12/20,11,4,3,1,5,2,0,48,4,26,13,6,2,3,27,11,10,14,47,0,2,1,0,62,17,0,3,3,3,81,6,0,0,179,1,1,10,0,1,0,13,9,4,2,5,2,21,0,14,1,29,4,0,87,5,495,26,1,91,1,1,3,9,1,0,1,1,2,1,0,5,12,18,0,11,11,4,5,21,8,7,2,3,9,0,2,8,0,28,10,1,8,16,0,0,3,3,4,2,33,0,8,1,8,22,18,17,6,3,6,0,2,5,49,3,4,8,4,0,17,1851.0
4/13/20,11,4,3,1,5,2,0,48,4,26,13,6,2,3,27,11,10,14,47,0,2,1,0,62,17,0,3,3,3,81,6,0,0,179,1,1,10,0,1,0,13,9,4,2,5,2,21,0,14,1,29,4,0,87,5,550,26,1,91,1,1,3,9,1,0,1,1,2,1,0,5,12,18,0,11,11,4,5,21,8,7,2,3,9,0,2,8,0,28,10,1,8,16,0,0,3,3,4,2,33,0,8,1,8,22,18,17,6,3,6,0,2,5,49,3,4,8,4,0,17,1906.0
4/14/20,43,2,3,2,5,3,0,58,4,23,14,5,3,3,34,22,9,16,45,0,2,3,0,69,18,0,2,3,2,87,6,0,0,197,2,1,11,0,1,0,14,13,5,1,5,2,24,0,15,1,23,4,0,87,12,531,28,1,99,1,1,3,9,1,0,1,1,2,1,0,5,12,20,0,10,11,1,5,23,7,6,2,3,9,0,2,8,1,45,13,1,8,18,0,2,3,4,5,1,31,0,9,1,7,26,18,16,6,4,7,4,1,5,47,3,4,7,5,0,16,2025.0
4/15/20,43,2,4,2,5,3,0,56,4,24,12,5,1,3,30,24,10,15,47,0,2,3,1,71,18,0,2,3,2,89,7,0,0,206,2,0,11,0,1,1,14,16,5,1,7,1,25,0,14,1,20,3,0,91,23,573,29,1,106,1,1,4,11,1,0,2,1,2,1,1,10,13,21,0,11,12,1,6,24,9,6,2,3,9,0,3,8,1,47,13,1,7,19,0,2,3,4,5,1,31,0,9,1,8,21,19,17,9,4,8,4,1,5,52,3,5,9,5,0,16,2132.0
4/16/20,45,3,5,4,6,3,0,67,7,27,12,7,1,4,31,27,10,22,53,0,2,5,1,72,18,0,2,3,2,106,7,0,0,209,2,4,11,0,1,3,16,24,6,1,11,6,27,0,14,1,26,3,0,97,37,600,30,1,112,1,3,4,12,1,0,2,1,2,3,1,9,13,21,0,12,12,2,6,28,9,7,2,3,9,0,3,9,1,55,14,1,9,22,0,2,5,4,6,1,33,0,11,1,12,21,21,19,8,4,10,4,1,6,71,3,6,11,7,0,20,2358.0
4/17/20,45,4,5,3,6,3,0,73,5,29,13,7,1,5,31,51,11,22,55,0,2,4,1,78,18,0,2,3,2,105,7,0,0,210,2,4,12,0,1,3,16,28,8,1,10,5,29,0,16,1,25,3,0,104,43,599,31,1,121,2,4,5,13,1,0,2,1,2,4,1,8,13,21,0,13,12,2,6,27,9,7,2,3,9,0,3,9,1,54,13,1,9,23,0,2,5,4,6,1,34,0,11,2,11,22,22,20,8,4,9,4,2,6,71,3,6,12,8,0,18,2435.0
4/18/20,47,4,7,3,6,3,0,74,7,29,13,7,2,6,31,62,11,21,55,0,2,4,1,79,18,0,2,3,2,109,7,0,0,218,2,4,21,0,1,1,16,41,8,1,10,6,29,0,16,1,28,3,0,109,43,689,33,1,128,3,4,5,13,1,0,2,1,2,4,1,8,13,21,0,13,12,2,6,29,9,7,2,3,9,0,3,9,1,58,13,1,13,23,0,2,5,4,6,1,35,0,11,2,12,23,23,21,8,5,11,4,2,8,87,3,6,13,8,0,19,2634.0
4/19/20,53,4,6,4,6,3,0,81,7,29,13,7,1,6,33,73,11,21,56,0,2,4,1,79,18,1,2,3,3,125,7,0,0,219,2,4,13,1,1,1,16,51,14,1,10,6,29,0,16,1,28,4,0,111,55,814,32,1,149,3,5,5,13,1,0,2,1,3,4,1,8,13,21,0,13,12,2,6,29,10,8,3,3,9,0,3,9,1,75,13,1,17,22,0,2,5,4,6,1,35,0,11,1,15,23,23,21,9,5,9,4,2,8,95,3,6,13,8,0,18,2881.0
4/20/20,54,4,6,4,6,3,0,81,7,29,13,7,1,6,33,72,11,21,58,0,2,4,1,79,18,1,2,3,3,130,7,0,0,219,2,4,13,1,1,1,16,63,16,1,10,6,29,0,16,2,33,4,0,112,57,867,32,1,156,3,5,5,13,1,0,2,1,3,4,1,8,13,21,0,13,14,2,6,29,10,8,3,3,9,0,3,9,1,76,13,1,17,22,0,2,5,4,6,1,35,0,11,1,15,22,22,21,9,4,9,4,2,8,101,3,6,13,8,0,18,2977.0
4/21/20,54,4,7,4,7,3,0,86,7,29,13,7,1,6,33,74,12,22,60,0,2,4,1,79,19,1,2,3,3,130,7,0,0,219,2,4,13,1,1,1,17,68,16,1,10,6,30,0,16,2,36,4,0,144,57,925,32,1,169,3,5,5,14,1,0,2,1,3,4,1,8,14,21,0,13,16,3,6,30,10,8,3,3,10,0,3,9,1,76,13,1,17,24,0,2,5,5,6,1,36,0,11,2,16,22,24,22,9,4,9,4,2,8,112,3,6,13,8,0,18,3131.0
4/22/20,60,5,7,4,8,3,0,93,6,30,13,7,2,6,34,91,12,22,64,0,2,4,1,86,19,1,2,3,4,134,7,0,0,223,2,4,14,1,1,1,19,84,23,1,10,6,32,0,17,2,40,3,1,150,57,954,31,1,179,4,5,5,14,1,0,2,1,3,4,1,8,14,23,0,13,20,3,6,30,11,9,3,3,11,0,3,9,1,74,14,1,25,24,0,2,5,5,6,1,38,0,11,2,16,22,23,22,9,4,9,4,2,8,131,3,7,16,10,0,19,3306.0
4/23/20,63,5,7,4,8,3,0,94,6,30,13,7,2,6,36,92,12,24,64,1,2,4,1,86,19,1,2,3,4,133,7,0,0,223,2,4,14,1,1,1,18,84,25,1,10,6,32,0,17,2,40,3,2,157,58,1008,31,1,214,4,5,5,13,1,0,2,1,3,4,1,8,14,23,0,13,23,3,6,30,11,9,3,3,11,0,3,9,1,72,14,1,26,24,0,2,5,3,6,1,38,0,11,2,16,22,23,22,9,4,9,4,2,8,130,4,6,16,10,0,19,3412.0
4/24/20,80,6,7,5,9,3,0,98,7,31,17,7,2,7,40,98,13,26,70,1,2,4,1,85,19,1,2,3,4,145,11,0,0,226,2,6,15,1,1,1,18,89,37,1,10,6,32,0,18,2,44,3,2,170,58,1121,31,1,223,3,5,5,13,1,0,2,1,3,4,1,8,14,26,0,13,23,3,6,31,11,10,4,3,11,0,3,10,1,91,17,1,34,24,0,3,5,3,8,1,39,0,11,2,16,23,26,22,9,5,10,4,2,8,165,4,6,16,10,0,19,3721.0
4/25/20,83,7,7,5,13,4,0,103,7,33,17,7,2,7,43,103,13,29,73,1,2,4,1,85,19,1,2,3,4,147,13,0,0,235,2,6,15,1,1,2,18,109,42,1,11,6,34,0,18,2,45,4,2,174,58,1121,32,1,226,3,5,5,14,1,0,2,1,3,4,1,8,14,27,0,14,27,3,6,34,11,11,6,3,11,0,3,10,1,96,17,1,38,24,0,3,5,6,8,1,41,0,11,2,16,23,26,23,10,6,10,5,2,8,184,5,6,19,10,0,19,3857.0
4/26/20,83,7,8,7,13,4,0,113,7,33,17,7,2,8,48,104,13,31,79,1,2,4,1,85,19,1,2,3,5,154,15,0,0,238,2,10,16,1,1,2,18,114,60,1,11,6,35,0,18,2,45,6,1,183,60,1120,34,2,227,3,5,5,14,1,0,2,2,3,4,1,8,14,29,0,15,31,3,6,43,11,12,7,3,11,0,4,10,1,111,19,1,38,27,0,3,5,6,9,1,41,0,11,2,16,25,28,24,10,6,11,5,3,8,219,5,6,20,11,0,19,4027.0
4/27/20,77,8,8,7,15,4,0,116,7,33,17,7,2,8,50,103,13,31,81,2,2,4,1,86,19,1,2,3,5,157,17,0,0,239,2,10,16,1,1,2,18,119,60,1,11,6,37,0,17,2,49,6,1,187,60,1140,34,2,230,3,6,5,14,1,0,2,2,3,4,4,8,14,29,0,16,33,3,6,44,11,12,9,3,11,0,4,10,1,111,19,1,38,27,0,2,6,6,9,1,41,0,11,2,16,24,28,24,10,6,11,5,3,8,234,5,6,19,11,0,19,4098.0
4/28/20,79,9,8,9,15,4,0,125,7,33,17,7,2,8,51,113,13,31,85,2,2,5,1,86,19,1,3,4,5,169,17,0,0,242,2,12,16,1,1,2,20,122,60,1,11,6,37,0,17,2,58,6,1,191,59,1224,37,3,247,3,6,5,14,1,0,2,2,3,5,4,8,13,29,0,16,34,3,6,48,11,12,11,3,11,0,4,11,1,114,20,1,40,28,1,2,6,6,11,1,43,0,11,2,16,24,28,24,10,8,12,8,3,8,263,5,7,21,11,0,17,4325.0
4/29/20,79,12,8,9,16,4,0,125,7,33,17,7,2,9,51,114,13,31,86,2,2,5,1,86,20,1,3,4,5,182,19,0,0,246,2,13,16,1,1,2,20,124,62,1,11,6,37,0,17,3,58,6,1,192,59,1281,40,3,248,3,6,5,15,1,0,2,2,3,5,4,8,13,29,0,16,34,3,6,48,11,13,11,3,11,1,5,11,1,116,21,1,40,29,1,2,6,6,11,1,43,0,11,2,16,24,28,27,12,8,12,9,3,8,313,5,9,21,11,0,18,4487.0
4/30/20,81,13,8,9,17,4,0,138,8,31,17,7,2,9,53,116,13,34,89,2,2,5,1,86,21,1,3,4,5,188,26,0,0,248,2,13,16,2,1,2,21,131,65,1,11,6,40,0,17,3,58,6,1,196,59,1307,41,3,276,4,6,5,17,1,0,4,2,3,5,4,10,13,28,0,16,34,3,6,55,11,15,12,3,11,1,5,11,1,123,22,1,39,29,1,2,6,12,11,1,43,0,11,2,16,24,30,27,13,8,12,9,3,8,332,5,9,22,11,0,18,4655.0
5/1/20,81,14,8,10,17,4,0,144,8,31,17,9,2,9,55,141,13,34,92,2,2,5,1,88,21,1,3,4,5,194,26,0,0,254,2,14,16,2,1,2,21,137,69,1,11,6,44,0,17,4,62,6,1,201,59,1352,41,3,286,4,6,5,17,1,0,4,2,3,5,5,11,13,29,0,17,34,3,6,58,11,15,12,3,11,1,5,12,1,125,23,1,49,32,1,2,6,13,13,1,43,0,11,2,16,24,30,28,13,8,12,9,3,8,344,5,9,22,11,0,18,4829.0
5/2/20,81,14,8,10,17,4,0,144,8,31,17,9,2,9,55,141,12,34,92,2,2,5,1,88,21,1,3,4,5,194,26,0,0,254,2,14,16,2,1,2,21,137,69,1,11,6,44,0,17,4,62,6,1,201,59,1352,40,3,286,4,6,5,17,1,0,4,2,3,5,5,11,13,29,0,17,34,3,6,58,11,15,12,3,11,1,5,12,1,125,23,1,49,32,1,2,5,13,13,1,43,0,10,2,16,24,30,28,13,8,12,9,3,8,344,5,7,22,11,0,18,4823.0
5/3/20,81,14,9,10,18,4,0,170,8,31,17,9,2,9,56,143,12,35,95,2,2,6,1,90,20,1,3,4,5,217,26,0,0,287,2,12,17,2,1,2,25,138,79,1,12,6,48,0,17,4,65,8,1,206,59,1403,40,3,308,4,6,5,17,1,0,4,3,3,5,6,13,13,29,0,17,34,3,6,59,11,16,14,3,11,1,6,12,1,132,24,1,51,33,1,2,5,14,13,1,43,0,10,2,16,24,32,29,13,8,12,9,3,8,369,5,7,23,11,0,18,5068.0
5/4/20,81,14,9,8,20,4,0,171,9,31,17,9,2,9,56,167,12,35,97,2,2,6,1,90,20,1,3,4,5,223,26,0,0,295,2,12,17,1,1,2,25,141,84,1,12,6,49,0,18,6,67,8,4,203,59,1419,40,3,317,4,6,5,17,1,0,4,3,3,5,6,14,13,30,0,17,33,3,6,62,11,16,15,3,11,1,6,11,1,132,24,1,53,33,1,2,5,14,13,1,43,0,11,2,16,24,31,28,14,8,12,9,3,8,400,5,8,24,11,0,18,5187.0
5/5/20,81,16,9,8,22,4,0,191,8,31,17,9,2,9,68,181,12,35,103,2,2,6,1,91,20,1,3,4,5,242,36,0,0,298,2,12,16,1,1,2,26,143,91,1,12,6,52,0,18,8,73,8,5,204,60,1497,40,3,340,4,8,5,19,1,0,4,3,3,5,6,15,13,31,0,17,33,3,6,63,11,16,15,3,11,1,6,11,1,442,24,1,62,36,1,2,5,14,13,1,43,0,12,2,17,25,33,31,15,8,13,9,3,9,426,5,8,25,11,0,17,5765.0
5/6/20,82,19,9,8,22,4,0,196,8,31,16,9,2,11,72,183,12,35,107,2,2,6,1,92,20,1,3,4,5,247,38,0,0,306,2,12,16,1,1,2,27,142,90,1,12,6,55,0,18,8,72,8,5,211,60,1535,40,3,353,4,6,6,20,1,0,4,3,3,6,6,15,13,31,0,17,33,3,6,65,11,16,17,3,10,1,6,11,1,446,24,1,62,35,1,2,5,14,14,1,43,0,13,2,17,24,34,31,16,8,13,9,3,10,447,5,8,26,11,0,17,5893.0
5/7/20,84,25,9,8,24,4,0,197,8,32,16,10,2,11,74,188,12,35,110,2,2,6,1,92,20,1,3,4,5,258,41,0,0,328,2,13,16,1,1,2,27,145,93,1,12,6,56,1,18,8,75,8,5,212,60,1578,40,4,360,4,6,6,20,1,0,4,3,3,6,6,24,13,33,0,17,33,3,6,68,11,16,17,3,10,2,6,11,1,446,28,1,65,36,1,2,5,14,15,1,43,0,13,2,17,32,35,32,16,9,13,9,3,10,486,5,8,27,11,0,17,6091.0
5/8/20,84,25,9,8,24,4,0,203,8,32,16,10,2,13,79,192,12,36,114,3,2,6,1,93,20,2,3,4,5,260,45,0,0,342,2,15,16,1,1,3,29,146,93,1,12,6,61,1,18,8,75,8,5,213,56,1610,41,4,372,4,6,6,21,1,0,5,3,5,5,6,35,14,33,0,17,33,3,6,68,11,16,18,3,11,2,6,11,1,452,29,1,65,37,1,2,5,14,15,1,43,0,13,3,18,32,44,32,16,9,13,9,3,10,512,5,8,26,11,0,17,6250.0
5/9/20,86,25,9,8,28,5,0,210,8,32,17,10,2,13,82,195,12,37,115,3,2,6,1,93,20,2,3,4,5,260,45,0,0,368,1,15,17,1,1,3,30,148,95,1,12,6,61,1,19,8,77,9,5,214,56,1642,46,5,383,4,7,6,22,1,0,5,3,5,5,6,46,14,34,0,17,34,3,7,69,12,16,18,3,11,2,6,11,1,453,30,1,68,38,1,2,5,14,15,1,43,0,13,3,18,32,49,32,16,9,14,9,3,10,530,5,8,26,11,0,17,6406.0
5/10/20,86,25,9,8,28,5,0,210,8,32,17,10,2,13,82,195,12,37,115,3,2,6,1,93,20,2,3,4,5,260,45,0,0,368,1,15,17,1,1,3,30,148,95,1,12,6,61,1,19,8,77,9,5,214,56,1642,46,5,383,4,7,6,22,1,0,5,3,5,5,6,46,14,34,0,17,34,3,7,69,12,16,18,3,11,2,6,11,1,453,30,1,68,38,1,2,5,14,15,1,43,0,13,3,18,32,49,32,16,9,14,9,3,10,530,5,8,26,11,0,17,6406.0
5/11/20,88,29,9,8,28,6,0,232,8,33,17,9,2,13,83,201,12,40,118,3,2,6,1,95,20,2,3,4,5,270,45,0,0,392,1,15,17,1,1,3,31,149,98,1,13,6,61,1,19,8,80,10,5,214,56,1691,47,5,401,4,7,6,21,1,0,5,3,6,5,6,57,14,34,0,17,34,3,7,72,13,17,18,3,11,2,6,11,1,457,31,1,72,37,1,2,6,16,15,1,44,0,13,6,18,32,52,32,17,9,15,9,3,10,573,5,8,29,12,0,18,6646.0
5/12/20,88,30,10,8,30,7,0,238,8,37,17,9,2,13,86,200,12,43,120,3,2,7,1,95,20,2,3,4,5,274,45,0,0,409,1,15,18,1,1,4,31,149,99,1,13,6,63,1,19,9,80,10,5,214,56,1713,49,5,408,4,7,6,21,1,0,5,3,6,5,7,69,14,35,0,17,34,3,7,73,13,17,18,3,12,3,6,13,1,457,31,1,73,41,1,2,6,16,18,1,45,0,13,6,18,33,54,32,16,9,15,9,3,10,637,5,8,29,12,0,19,6822.0
5/13/20,88,30,10,8,30,7,0,238,8,37,17,9,2,13,86,200,12,43,120,3,2,7,1,95,20,2,3,4,5,274,45,0,0,409,1,15,18,1,1,4,31,149,99,1,13,6,63,1,19,9,80,10,5,214,56,1713,49,5,408,4,7,6,21,1,0,5,3,6,5,7,69,14,35,0,17,34,3,7,73,13,17,18,3,12,3,6,13,1,457,31,1,73,41,1,2,6,16,18,1,45,0,13,6,18,33,54,32,16,9,15,9,3,10,637,5,8,29,12,0,19,6822.0
5/14/20,91,33,10,10,34,7,0,276,8,38,18,9,2,14,89,205,12,43,128,3,2,7,2,95,20,2,3,4,5,277,46,0,0,467,2,16,18,1,2,4,31,152,101,1,13,7,72,1,19,16,83,11,5,215,57,1741,50,5,432,4,7,6,21,2,0,6,5,8,5,7,77,14,41,0,17,34,3,8,76,13,18,18,3,12,3,6,16,1,457,32,1,85,50,1,2,6,18,22,1,47,0,12,6,19,33,54,35,16,9,15,9,3,10,730,5,8,31,12,0,19,7194.0
5/15/20,92,37,10,10,34,7,0,285,8,38,18,9,2,14,92,212,12,43,129,3,2,8,2,95,20,2,3,4,5,287,49,0,0,530,1,16,18,1,2,4,32,152,103,1,13,7,71,1,19,15,85,12,5,215,57,1772,50,5,437,4,7,6,21,2,0,5,5,8,7,7,80,14,42,0,17,35,3,8,80,13,18,18,3,12,3,6,16,1,464,32,1,108,50,1,2,6,19,23,1,47,0,12,6,19,34,65,35,16,9,17,9,3,10,751,5,8,32,12,0,19,7413.0
5/16/20,92,38,10,10,34,7,0,316,8,38,18,9,2,14,93,217,12,46,131,3,2,8,2,95,20,2,3,4,5,287,50,0,0,550,1,16,20,1,2,4,32,152,103,1,13,7,73,1,19,15,87,12,5,215,57,1865,50,5,444,4,8,6,21,1,0,6,5,8,7,7,87,14,43,1,17,35,3,8,81,13,19,20,3,12,3,6,16,1,465,32,1,113,55,1,2,6,19,28,1,49,0,12,6,23,34,75,37,16,9,17,9,3,10,776,6,8,32,12,0,19,7657.0
5/17/20,92,38,10,10,34,7,0,316,8,38,18,9,2,14,93,217,12,46,131,3,2,8,2,95,20,2,3,4,5,287,50,0,0,550,1,16,20,1,2,4,32,152,103,1,13,7,73,1,19,15,87,12,5,215,57,1865,50,5,444,4,8,6,21,1,0,6,5,8,7,7,87,14,43,1,17,35,3,8,81,13,19,20,3,12,3,6,16,1,465,32,1,113,55,1,2,6,19,28,1,49,0,12,6,23,34,75,37,16,9,17,9,3,10,776,6,8,32,12,0,19,7657.0
5/18/20,95,39,13,10,34,7,1,355,8,39,18,10,2,14,98,217,12,46,134,3,3,8,2,97,21,2,3,4,5,293,50,0,0,564,3,16,18,2,3,3,35,154,107,1,13,6,84,1,19,16,91,12,5,214,57,1916,52,5,472,4,8,6,21,1,0,6,5,8,7,7,92,14,49,1,17,36,3,8,85,13,18,20,4,12,3,6,16,1,470,33,1,116,54,2,2,6,20,28,1,50,0,12,6,22,33,76,38,16,9,17,9,3,10,810,5,8,32,12,0,19,7903.0
5/19/20,94,41,13,10,34,7,1,361,8,39,19,10,2,15,99,217,12,47,135,3,3,9,2,98,21,3,3,4,5,296,50,0,0,596,3,16,20,2,3,3,35,154,109,1,13,6,85,1,19,16,91,13,5,215,57,1959,51,5,479,4,8,6,21,1,0,6,5,7,7,7,94,14,50,1,17,36,3,8,85,13,18,20,4,12,3,6,16,1,468,34,1,117,57,1,2,6,20,28,1,50,0,12,6,22,33,78,39,16,9,17,9,3,10,828,5,8,32,13,1,19,8036.0
5/20/20,94,43,15,9,38,7,1,359,8,39,20,10,2,17,101,217,12,48,137,3,4,9,2,98,35,3,3,4,5,296,51,1,0,591,2,16,22,2,3,3,36,152,110,1,13,6,88,1,18,18,91,13,5,215,59,1968,51,5,486,4,8,6,21,1,0,6,4,7,7,7,101,14,45,1,17,36,3,8,85,13,18,20,6,12,3,6,17,1,468,34,1,117,59,1,2,6,19,28,1,50,0,13,7,22,34,82,43,16,9,17,9,3,10,863,5,8,32,13,1,19,8135.0
5/21/20,95,44,15,9,38,8,1,368,9,39,20,10,2,16,101,218,12,49,141,5,6,9,2,98,36,3,3,4,5,299,51,1,0,596,2,16,24,3,3,4,36,152,119,1,13,6,88,1,18,17,93,13,5,216,60,1994,50,5,503,4,8,6,21,1,0,6,4,7,8,8,108,14,45,1,17,36,3,8,85,13,19,20,6,12,4,7,17,1,468,35,1,117,60,1,2,7,19,28,1,51,0,13,7,22,34,84,43,16,10,16,9,4,10,878,5,8,32,13,1,19,8258.0
5/22/20,96,44,15,9,40,8,1,379,9,39,20,11,2,16,101,219,12,49,144,5,6,9,2,101,37,3,3,5,5,300,53,1,0,603,2,16,24,3,5,4,36,152,120,1,13,6,90,1,18,17,93,14,5,218,60,2021,50,5,520,4,8,6,21,1,0,6,4,7,8,8,113,14,45,1,18,37,3,8,85,13,19,21,8,12,4,7,17,1,468,36,1,117,60,1,2,7,19,28,1,53,0,13,7,22,34,89,44,16,10,16,9,5,10,906,5,8,32,13,1,25,8398.0
5/23/20,96,47,15,9,42,8,1,387,9,39,20,11,3,16,104,218,12,49,146,5,7,9,2,103,37,4,3,5,5,305,54,1,0,619,2,16,24,3,8,4,36,157,121,1,13,6,96,1,18,20,95,14,5,218,60,2050,51,5,527,4,8,7,21,1,0,6,4,7,8,8,115,14,45,2,18,37,3,8,87,13,19,21,8,12,4,14,21,1,471,35,1,120,60,1,2,7,19,28,1,55,0,13,7,22,34,92,44,16,11,16,9,5,10,920,6,8,32,13,1,25,8542.0
5/24/20,96,47,15,9,42,8,1,387,9,39,20,11,3,16,104,218,12,49,146,5,7,9,2,103,37,4,3,5,5,305,54,1,0,619,2,16,24,3,8,4,36,157,121,1,13,6,96,1,18,20,95,14,5,218,60,2050,51,5,527,4,8,7,21,1,0,6,4,7,8,8,115,14,45,2,18,37,3,8,87,13,19,21,8,12,4,14,21,1,471,35,1,120,60,1,2,7,19,28,1,55,0,13,7,22,34,92,44,16,11,16,9,5,10,920,6,8,32,13,1,25,8542.0
5/25/20,96,47,15,9,42,8,1,387,9,39,20,11,3,16,104,218,12,49,146,5,7,9,2,103,37,4,3,5,5,305,54,1,0,619,2,16,24,3,8,4,36,157,121,1,13,6,96,1,18,20,95,14,5,218,60,2050,51,5,527,4,8,7,21,1,0,6,4,7,8,8,115,14,45,2,18,37,3,8,87,13,19,21,8,12,4,14,21,1,471,35,1,120,60,1,2,7,19,28,1,55,0,13,7,22,34,92,44,16,11,16,9,5,10,920,6,8,32,13,1,25,8542.0
5/26/20,96,56,15,10,43,8,1,392,9,39,22,11,3,16,105,224,12,48,148,5,7,9,2,104,38,7,3,5,5,308,56,1,0,644,3,16,25,3,8,5,39,157,124,1,13,7,97,1,18,21,99,18,5,219,61,2219,55,5,537,4,8,7,21,2,0,6,4,7,8,8,125,14,47,2,18,37,3,8,89,13,21,21,8,13,4,15,22,1,474,36,1,128,65,1,2,7,19,28,1,54,0,13,7,22,35,132,49,17,11,17,9,5,10,949,6,8,32,13,1,26,8922.0
5/27/20,96,56,15,10,44,8,1,403,10,39,23,11,3,17,109,226,12,48,150,5,7,9,2,106,38,7,3,5,5,312,56,1,0,650,3,16,25,4,12,5,39,159,124,1,14,7,98,1,18,21,103,19,5,219,61,2253,56,5,541,4,8,7,21,2,0,6,4,7,8,9,125,14,47,2,19,37,3,8,89,13,22,21,10,13,4,16,22,1,475,38,3,138,70,1,2,8,19,28,1,56,0,13,7,23,35,138,49,17,11,17,10,5,10,950,6,8,32,13,1,26,9048.0
5/28/20,96,63,16,10,44,8,1,409,10,39,23,11,3,17,109,227,12,48,153,5,10,9,2,107,38,7,3,5,5,313,56,1,0,661,3,16,28,5,15,5,39,159,124,1,14,7,99,1,18,21,103,19,5,221,61,2267,56,5,547,4,8,7,21,2,1,6,4,7,8,9,128,14,47,2,20,37,3,9,95,13,22,21,10,13,4,16,23,1,482,38,3,141,72,2,2,8,19,28,1,56,0,13,7,23,35,140,49,19,11,17,10,5,10,964,6,8,32,13,1,26,9156.0
5/29/20,97,70,18,10,45,9,1,423,10,39,23,11,3,17,111,228,12,50,164,5,11,9,3,109,39,7,3,6,5,316,56,1,0,702,3,16,35,6,33,5,41,162,124,1,14,7,100,1,18,21,106,19,5,221,61,2329,57,5,566,4,8,7,21,2,1,6,4,7,8,9,139,14,50,2,20,38,3,9,95,13,22,21,10,13,6,16,23,1,482,41,3,141,74,2,2,8,19,29,1,56,0,13,7,23,35,156,51,19,11,17,10,5,11,995,6,8,32,13,1,27,9439.0
5/30/20,97,70,18,12,45,9,1,436,11,39,25,12,3,17,111,228,12,50,173,5,12,11,3,110,41,7,3,6,5,317,56,1,0,714,3,16,38,7,36,5,42,165,124,1,14,7,102,1,18,22,110,22,5,221,61,2437,62,5,585,4,8,8,21,2,1,6,4,7,8,9,145,15,55,2,21,38,3,9,95,13,22,22,10,13,6,17,24,1,483,41,3,144,83,2,2,9,19,29,1,58,0,13,7,24,35,164,52,22,11,17,10,6,11,1007,6,8,32,13,1,27,9698.0
5/31/20,97,70,18,12,45,9,1,436,11,39,25,12,3,17,111,228,12,50,173,5,12,11,3,110,41,7,3,6,5,317,56,1,0,714,3,16,38,7,36,5,42,165,124,1,14,7,102,1,18,22,110,22,5,221,61,2437,62,5,585,4,8,8,21,2,1,6,4,7,8,9,145,15,55,2,21,38,3,9,95,13,22,22,10,13,6,17,24,1,483,41,3,144,83,2,2,9,19,29,1,58,0,13,7,24,35,164,52,22,11,17,10,6,11,1007,6,8,32,13,1,27,9698.0
6/1/20,97,93,20,12,47,9,1,459,11,40,25,13,3,17,115,232,12,52,182,5,14,12,3,111,42,7,4,6,5,324,56,1,0,760,3,16,38,7,37,5,42,166,126,1,14,7,103,4,21,24,111,22,5,222,61,2519,65,5,608,4,8,8,21,3,1,6,4,7,8,9,150,15,55,2,21,38,3,9,97,13,22,22,10,13,6,20,25,1,484,41,3,148,99,3,2,10,19,30,1,58,0,13,7,24,35,175,54,22,11,17,10,6,12,1038,6,8,32,13,1,27,10032.0
6/2/20,97,92,22,12,49,9,1,467,11,40,26,13,3,17,119,232,12,52,185,5,14,12,3,111,42,7,4,7,5,323,56,1,1,770,3,17,55,7,43,5,42,167,126,1,14,7,106,4,23,23,112,22,5,222,61,2562,68,5,614,4,10,8,21,4,1,6,4,7,8,9,152,15,55,2,24,38,3,9,97,13,22,22,10,14,6,21,25,1,484,42,3,148,100,3,2,11,21,30,1,61,0,13,7,24,35,178,54,22,12,17,10,6,15,1045,6,8,32,13,1,29,10178.0
6/3/20,97,96,21,12,49,9,1,492,11,40,26,13,3,17,119,235,12,53,191,5,14,14,5,114,43,7,4,7,5,330,57,1,1,803,2,17,63,8,46,5,46,166,127,1,14,7,109,4,23,23,112,22,5,224,61,2612,67,5,638,4,10,8,21,4,1,6,3,7,8,9,155,15,54,2,25,37,3,10,99,13,22,22,10,14,7,21,25,3,479,44,3,148,103,3,2,11,22,30,1,61,0,13,7,25,35,184,55,24,13,18,10,6,15,1067,7,8,33,13,1,29,10402.0
6/4/20,97,100,21,12,50,9,2,505,12,41,28,13,3,17,119,235,12,53,194,5,15,14,5,118,53,7,5,7,5,337,57,1,1,808,2,17,68,8,46,5,47,166,132,2,14,7,111,4,27,23,117,22,5,224,61,2760,67,5,653,4,10,9,21,4,1,6,3,7,9,9,158,15,57,2,27,37,3,10,107,13,22,23,10,14,7,25,25,3,479,44,3,150,105,3,2,11,22,32,1,60,0,13,7,26,37,184,55,24,13,23,11,6,15,1081,7,8,34,13,1,31,10696.0
6/5/20,98,102,22,12,53,9,2,508,12,42,28,14,3,19,119,236,12,54,194,5,15,14,8,123,58,8,5,7,5,339,58,1,1,840,2,17,73,10,46,5,47,166,134,2,14,7,119,4,28,24,118,23,5,224,61,2843,69,5,663,4,10,9,21,5,1,6,3,7,11,9,164,15,57,2,31,37,3,12,111,13,22,23,10,15,7,25,25,3,480,44,4,151,109,3,2,14,22,34,1,64,0,13,7,30,37,214,55,24,13,23,11,6,15,1099,8,9,34,13,1,32,10968.0
6/6/20,99,102,25,13,53,9,2,516,14,42,28,14,3,19,121,237,12,55,196,5,15,17,8,127,58,8,5,7,5,340,58,1,1,854,2,17,77,11,46,5,47,166,135,2,14,7,120,4,28,27,119,24,5,224,61,3043,73,5,671,4,10,11,21,5,1,6,3,7,11,9,168,17,59,2,34,37,3,12,112,13,22,23,10,15,7,25,30,3,485,45,4,151,109,3,2,14,22,36,1,65,0,13,8,30,37,216,54,25,13,23,11,6,15,1112,8,9,34,13,1,33,11280.0
6/7/20,99,102,25,13,53,9,2,516,14,42,28,14,3,19,121,237,12,55,196,5,15,17,8,127,58,8,5,7,5,340,58,1,1,854,2,17,77,11,46,5,47,166,135,2,14,7,120,4,28,27,119,24,5,224,61,3043,73,5,671,4,10,11,21,5,1,6,3,7,11,9,168,17,59,2,34,37,3,12,112,13,22,23,10,15,7,25,30,3,485,45,4,151,109,3,2,14,22,36,1,65,0,13,8,30,37,216,54,25,13,23,11,6,15,1112,8,9,34,13,1,33,11280.0
6/8/20,98,105,25,13,55,9,2,522,16,42,28,14,3,19,121,238,12,55,198,5,15,17,8,127,59,10,5,7,5,342,60,1,1,902,2,17,81,12,46,5,51,166,135,2,14,7,119,8,28,27,119,24,5,224,61,3104,73,5,680,4,10,11,22,5,1,6,3,7,11,9,170,17,61,2,34,37,3,13,112,13,22,23,10,15,7,27,30,3,486,45,4,155,111,3,2,14,22,36,1,65,0,13,8,30,38,219,54,25,14,23,11,6,15,1127,8,9,34,13,1,35,11469.0
6/9/20,100,116,25,13,56,9,3,527,19,43,28,14,3,19,124,239,12,56,197,5,16,17,8,131,60,10,5,7,5,341,62,1,1,920,2,17,84,12,49,6,51,167,135,2,14,7,122,8,28,27,119,24,5,224,61,3186,74,5,680,4,10,11,22,5,1,6,3,7,14,9,173,17,70,2,36,37,3,13,113,13,22,23,10,15,7,27,30,4,486,45,4,154,112,4,2,14,22,38,2,65,0,13,11,32,38,233,56,25,15,23,12,6,15,1157,8,9,34,14,1,42,11700.0
6/10/20,101,120,25,13,59,9,3,532,21,43,28,14,3,19,127,240,12,56,198,5,16,17,8,136,62,12,5,7,5,343,63,1,1,956,2,17,88,12,51,6,51,167,135,2,14,7,125,8,31,26,120,24,5,225,61,3226,80,5,681,4,10,11,22,5,1,6,3,8,14,9,176,17,70,2,37,37,3,15,113,13,23,23,10,15,7,27,31,4,484,47,4,157,113,4,2,14,22,38,3,66,0,13,11,36,39,233,58,25,15,23,13,6,15,1179,8,9,34,15,1,45,11877.0
6/11/20,101,123,25,13,59,9,3,535,21,43,28,14,3,20,127,240,12,57,201,5,16,17,9,136,63,12,5,7,5,347,63,1,2,970,2,17,88,12,51,9,51,167,135,2,14,7,127,8,32,26,121,24,5,225,62,3229,79,5,683,4,10,11,22,5,1,6,3,8,14,9,178,17,71,2,38,40,3,15,113,13,23,23,10,16,7,27,31,4,484,47,4,158,113,4,2,14,22,38,3,68,0,13,11,36,39,233,57,25,15,23,14,5,15,1184,8,10,34,15,1,46,11938.0
6/12/20,101,127,25,14,61,10,3,538,22,43,28,14,3,21,128,243,12,57,201,5,16,17,10,137,68,12,5,7,5,350,63,1,3,995,4,17,92,12,51,9,52,168,136,2,14,9,133,8,32,30,124,25,5,225,63,3278,79,5,681,4,10,11,25,5,1,6,3,9,15,9,187,17,72,4,41,41,3,16,116,13,23,23,10,16,7,27,33,6,482,47,4,162,112,4,2,14,23,38,4,71,0,14,13,37,40,256,57,25,16,23,16,4,16,1208,10,10,34,17,1,45,12157.0
6/13/20,101,132,25,14,65,10,4,539,24,44,30,14,3,23,131,243,12,57,207,5,17,18,10,138,73,13,5,7,5,353,65,1,5,1026,4,19,96,12,57,10,53,173,137,3,16,9,133,11,34,30,129,26,5,228,63,3323,82,6,690,4,11,11,29,5,1,6,3,13,15,9,195,18,76,4,42,41,3,16,117,13,23,24,10,16,7,29,37,6,481,48,4,162,113,4,2,14,23,47,4,71,0,14,13,37,41,268,59,26,16,23,17,4,17,1248,14,10,36,17,1,48,12434.0
6/14/20,101,132,25,14,65,10,4,539,24,44,30,14,3,23,131,243,12,57,207,5,17,18,10,138,73,13,5,7,5,353,65,1,5,1026,4,19,96,12,57,10,53,173,137,3,16,9,133,11,34,30,129,26,5,228,63,3323,82,6,690,4,11,11,29,5,1,6,3,13,15,9,195,18,76,4,42,41,3,16,117,13,23,24,10,16,7,29,37,6,481,48,4,162,113,4,2,14,23,47,4,71,0,14,13,37,41,268,59,26,16,23,17,4,17,1248,14,10,36,17,1,48,12434.0
6/15/20,101,135,25,14,66,10,4,541,25,44,30,14,4,23,135,244,12,60,207,5,17,18,10,138,77,17,5,7,5,360,67,2,5,1064,6,19,98,12,57,11,53,175,137,3,16,9,133,13,34,30,133,26,5,229,63,3363,83,6,690,4,11,11,30,5,1,6,4,14,15,9,199,18,77,4,42,44,3,16,123,13,23,24,10,16,8,31,37,6,482,48,4,164,113,4,2,14,24,48,5,72,0,14,15,38,43,277,59,26,17,23,17,4,19,1275,14,10,37,17,1,51,12636.0
6/16/20,101,135,25,14,66,10,4,541,25,44,30,14,4,23,135,244,12,60,207,5,17,18,10,138,77,17,5,7,5,360,67,2,5,1064,6,19,98,12,57,11,53,175,137,3,16,9,133,13,34,30,133,26,5,229,63,3363,83,6,690,4,11,11,30,5,1,6,4,14,15,9,199,18,77,4,42,44,3,16,123,13,23,24,10,16,8,31,37,6,482,48,4,164,113,4,2,14,24,48,5,72,0,14,15,38,43,277,59,26,17,23,17,4,19,1275,14,10,37,17,1,51,12636.0
6/17/20,102,137,27,14,67,10,4,552,26,44,30,14,4,23,136,246,12,61,212,5,25,21,10,139,78,23,5,7,5,368,69,2,5,1106,9,22,105,12,57,13,53,176,137,2,16,11,135,15,37,31,140,27,5,231,74,3451,88,7,699,4,12,11,47,5,1,7,5,15,15,9,201,18,82,4,43,47,3,17,126,13,24,24,10,16,8,31,40,7,482,49,4,168,114,5,2,14,25,53,5,73,0,15,15,38,45,281,60,26,21,23,17,4,20,1299,15,10,37,18,1,55,12981.0
6/18/20,103,136,27,14,68,10,4,557,26,45,31,15,4,23,138,246,12,63,213,5,26,20,11,138,79,27,5,7,5,370,71,2,5,1120,10,22,108,14,57,14,53,180,137,3,16,11,135,15,53,32,141,28,5,230,81,3481,90,7,706,4,12,11,48,5,1,7,6,16,15,8,201,18,86,4,45,48,3,18,129,13,24,24,10,17,8,32,41,7,482,50,4,168,114,5,2,14,25,54,5,74,0,16,15,38,57,314,61,28,25,23,18,4,22,1302,17,10,37,19,2,58,13179.0
6/19/20,104,145,27,14,70,10,4,561,26,47,31,15,4,23,141,247,12,63,219,5,26,21,11,144,80,30,5,7,5,373,71,2,5,1135,12,25,108,15,57,16,53,183,137,4,16,11,135,16,54,33,143,28,5,231,85,3528,95,8,709,4,13,11,52,5,1,7,6,16,17,8,201,18,91,5,45,50,3,18,134,13,24,24,10,17,8,32,41,7,491,50,5,171,116,5,2,14,38,59,5,74,0,16,17,38,60,347,62,28,25,23,20,4,24,1323,17,10,37,19,2,60,13433.0
6/20/20,105,145,27,14,70,10,4,566,27,48,31,16,4,24,144,246,12,65,225,5,29,21,13,145,84,31,5,7,5,375,71,2,5,1147,12,26,109,15,57,16,53,183,137,6,16,11,134,16,58,35,144,28,5,232,90,3561,96,9,717,4,13,11,54,5,1,7,8,16,17,8,202,18,94,5,46,50,3,24,134,13,24,24,10,17,8,32,44,7,492,53,5,171,116,5,2,14,39,62,5,75,0,16,17,38,66,358,62,29,29,23,22,5,25,1339,18,12,38,19,1,60,13609.0
6/21/20,105,152,27,14,71,10,5,568,27,49,32,16,4,24,144,246,13,66,227,5,29,21,13,145,87,32,5,7,6,381,71,2,5,1153,12,26,109,15,57,16,53,183,137,6,19,11,134,17,59,36,144,29,5,233,90,3582,98,9,723,4,13,11,55,5,1,7,8,17,18,8,202,18,94,5,46,50,4,24,143,14,24,24,10,17,8,34,45,7,492,53,5,171,117,5,2,14,41,63,5,77,0,17,17,38,67,361,62,29,29,23,22,5,25,1357,18,12,39,20,1,61,13729.0
6/22/20,105,152,27,14,71,10,5,571,27,49,34,16,4,24,145,246,13,68,232,5,29,21,13,147,89,32,5,7,6,382,71,2,5,1156,12,26,112,16,57,16,53,185,137,6,20,11,134,17,59,36,144,29,5,233,90,3609,99,10,726,4,13,11,55,5,1,8,8,17,20,8,202,18,95,5,48,52,4,24,148,14,24,24,10,17,8,34,45,7,492,54,5,171,117,5,2,14,43,63,5,77,0,17,17,38,67,365,62,29,29,23,23,5,25,1361,21,12,39,21,1,61,13818.0
6/23/20,108,156,26,14,74,11,6,575,27,49,36,17,4,24,148,246,13,71,234,5,30,21,13,163,91,37,5,8,6,404,73,2,5,1200,13,26,120,16,58,16,54,185,137,4,21,15,134,18,65,37,150,30,5,240,92,3651,100,10,735,4,15,11,57,5,1,8,13,16,21,8,206,17,100,5,48,53,5,25,149,15,24,25,12,17,8,34,44,7,492,60,5,172,119,6,2,15,49,68,5,82,0,18,18,39,75,370,65,31,34,24,23,6,25,1376,21,13,39,23,2,63,14127.0
6/24/20,108,157,26,14,76,11,6,580,27,54,37,17,6,24,148,247,13,71,236,5,30,21,13,183,94,39,5,8,6,407,74,3,5,1240,14,26,120,16,58,16,55,188,137,4,22,15,136,18,65,39,154,31,5,241,94,3682,100,10,741,5,16,11,63,5,1,8,13,16,21,8,208,17,103,5,48,53,5,28,150,16,24,25,12,17,9,34,46,8,492,65,5,173,126,6,2,15,53,68,5,83,0,18,18,39,76,378,69,33,34,24,23,6,25,1398,21,13,39,24,2,63,14349.0
6/25/20,110,159,26,14,82,11,6,588,28,55,38,17,7,24,148,247,13,75,238,5,30,22,14,183,96,44,5,8,6,414,74,3,4,1293,14,26,123,18,58,17,57,190,137,4,28,16,138,18,66,39,155,32,5,242,96,3714,101,10,759,7,16,11,71,5,1,8,14,18,24,8,210,17,106,5,49,53,5,28,151,17,24,25,12,17,9,34,46,8,494,67,5,174,126,6,2,15,55,68,5,84,0,18,18,39,79,391,69,33,38,24,23,6,26,1426,21,13,40,24,2,64,14604.0
6/26/20,111,163,26,14,84,12,7,590,29,59,38,17,8,24,149,247,13,78,242,5,35,22,15,186,96,46,5,8,6,421,74,3,4,1326,15,26,123,19,59,17,57,192,137,4,28,17,140,18,66,39,155,33,5,247,100,3765,101,10,777,7,20,15,79,6,1,8,14,18,24,9,211,19,107,5,49,53,5,28,153,17,24,25,12,23,9,34,46,8,494,67,5,176,129,6,2,15,56,71,6,88,0,18,19,39,83,400,72,33,37,25,23,6,28,1455,21,13,40,24,2,64,14859.0
6/27/20,111,165,26,14,84,13,8,594,30,60,38,17,8,24,148,252,13,79,246,5,37,22,15,188,98,53,5,8,6,428,74,3,4,1372,17,27,128,21,61,19,57,196,137,4,28,17,145,21,68,39,156,33,5,250,104,3820,104,10,785,7,63,15,84,6,1,8,15,21,25,9,211,19,112,5,49,54,5,29,155,17,24,25,12,23,9,34,47,8,495,69,5,183,129,6,2,15,57,71,6,89,0,19,22,40,82,405,73,36,37,25,24,6,29,1481,22,13,40,25,2,65,15165.0
6/28/20,111,165,26,14,84,13,8,594,30,61,38,17,8,24,148,253,13,79,248,5,37,22,15,190,98,53,5,8,6,428,74,3,4,1378,18,27,128,21,61,20,57,199,137,4,28,17,145,22,68,39,156,33,5,250,104,3829,104,10,787,7,63,15,85,7,1,8,15,21,25,10,213,20,114,5,49,55,5,29,159,17,24,25,12,23,9,35,47,8,496,69,5,183,129,6,2,16,57,76,6,89,0,19,22,40,82,406,75,36,38,25,24,6,29,1491,22,13,40,25,2,66,15230.0
6/29/20,115,165,26,14,85,13,8,594,30,61,38,17,8,24,149,255,13,79,249,5,37,22,18,192,98,53,5,8,6,431,75,3,4,1387,18,27,128,23,61,21,57,200,137,4,28,17,146,23,68,40,157,33,5,250,104,3852,104,10,787,7,64,15,90,7,1,8,15,22,25,10,216,20,115,5,51,56,5,30,161,18,24,25,12,23,9,35,48,8,498,70,5,184,129,6,2,16,57,76,6,94,0,19,22,43,83,408,76,36,38,25,24,6,29,1508,23,14,40,27,2,67,15345.0
6/30/20,117,166,26,14,86,15,8,597,31,62,38,17,8,24,150,256,15,81,256,5,37,23,19,193,98,59,5,9,6,433,75,3,4,1432,20,29,135,23,61,23,57,206,138,4,28,18,155,23,70,40,156,33,5,254,108,3901,104,10,794,7,66,15,102,8,1,8,14,23,28,10,217,20,118,5,51,58,5,31,166,18,24,26,13,23,9,35,52,8,499,74,5,186,130,6,2,17,57,84,6,94,0,21,22,45,87,414,77,36,41,25,26,6,29,1533,23,15,41,28,2,67,15622.0
7/1/20,121,168,26,14,86,15,8,602,32,62,39,17,8,24,151,257,15,82,262,5,37,25,19,195,98,62,5,9,6,435,75,3,4,1467,21,29,138,23,65,24,58,207,138,5,28,18,164,24,73,41,160,35,5,255,109,3942,106,9,800,8,69,15,111,8,1,8,14,22,28,10,220,20,122,5,52,59,7,31,168,18,24,26,13,23,10,36,52,8,505,76,5,187,130,6,2,17,57,86,7,94,1,21,22,46,91,418,78,37,42,25,26,6,29,1547,24,15,41,28,3,67,15838.0
7/2/20,123,170,27,14,90,15,9,606,33,64,40,17,8,24,152,256,15,85,267,5,37,26,19,204,98,64,5,9,6,440,75,3,4,1495,21,31,140,23,65,25,58,214,139,5,30,18,171,26,73,42,161,36,5,262,113,3991,108,9,807,10,71,15,114,8,1,9,14,22,29,10,222,20,126,6,52,60,8,31,170,18,25,28,13,24,11,38,52,8,506,77,6,187,131,6,3,17,62,91,7,99,1,21,22,46,97,420,78,37,43,25,26,6,29,1558,24,15,41,29,4,68,16075.0
7/3/20,126,171,29,14,92,18,13,615,34,67,40,17,9,25,154,257,15,86,270,5,42,29,21,210,99,68,5,9,6,452,75,3,4,1510,21,32,144,24,65,26,59,219,140,5,33,19,177,27,74,42,163,36,5,265,114,4034,111,10,814,11,73,15,124,9,1,10,14,22,30,10,227,20,130,6,52,60,8,33,172,18,26,28,13,24,11,40,56,9,510,81,8,188,139,7,3,19,62,99,8,100,1,21,23,47,99,433,80,38,43,26,26,6,29,1583,25,16,42,32,4,73,16372.0
7/4/20,126,171,29,14,92,18,13,615,34,67,40,17,9,25,154,257,15,86,270,5,42,29,21,210,99,68,5,9,6,452,75,3,4,1510,21,32,144,24,65,26,59,219,140,5,33,19,177,27,74,42,163,36,5,265,114,4034,111,10,814,11,73,15,124,9,1,10,14,22,30,10,227,20,130,6,52,60,8,33,172,18,26,28,13,24,11,40,56,9,510,81,8,188,139,7,3,19,62,99,8,100,1,21,23,47,99,433,80,38,43,26,26,6,29,1583,25,16,42,32,4,73,16372.0
7/5/20,126,171,29,14,92,18,13,615,34,67,40,17,9,25,154,257,15,86,270,5,42,29,21,210,99,68,5,9,6,452,75,3,4,1510,21,32,144,24,65,26,59,219,140,5,33,19,177,27,74,42,163,36,5,265,114,4034,111,10,814,11,73,15,124,9,1,10,14,22,30,10,227,20,130,6,52,60,8,33,172,18,26,28,13,24,11,40,56,9,510,81,8,188,139,7,3,19,62,99,8,100,1,21,23,47,99,433,80,38,43,26,26,6,29,1583,25,16,42,32,4,73,16372.0
7/6/20,129,176,29,16,97,18,21,646,35,69,43,17,10,28,159,258,17,93,293,7,61,31,26,223,102,72,6,9,6,458,74,3,4,1588,25,35,146,24,65,28,60,231,140,5,36,19,202,31,79,46,166,38,7,271,115,4173,116,10,833,11,80,16,133,10,1,10,15,22,36,10,233,21,143,6,55,65,9,36,178,18,26,29,13,25,13,42,58,10,520,90,9,200,144,8,3,20,68,104,8,106,1,27,23,53,101,524,79,40,45,26,26,6,29,1632,27,20,45,40,4,74,17151.0
7/7/20,130,180,29,15,98,18,43,660,35,71,43,17,12,28,165,260,17,94,299,7,63,32,29,240,103,76,6,9,6,467,74,3,4,1647,25,37,149,24,65,29,60,233,140,8,40,19,214,32,79,46,169,39,7,278,115,4233,118,10,844,12,81,17,143,11,1,10,17,22,39,11,238,21,152,7,57,65,9,39,181,18,26,30,13,25,13,42,61,11,520,93,9,201,149,9,3,21,69,107,8,106,1,27,23,56,107,528,80,40,45,26,26,7,30,1651,27,20,45,41,4,75,17519.0
7/8/20,131,181,30,15,104,18,57,672,36,71,43,17,12,28,166,262,21,98,303,7,63,32,33,243,104,79,6,10,6,469,75,3,5,1696,25,38,153,24,66,32,61,246,140,8,40,22,223,33,81,46,173,40,7,284,115,4312,121,10,852,14,88,17,158,11,1,11,18,22,42,13,241,21,160,7,58,66,10,39,181,18,27,30,13,26,14,42,61,11,528,97,11,204,153,10,3,21,73,113,8,117,1,30,24,58,112,537,80,41,46,26,26,7,30,1672,28,19,48,47,4,76,17918.0
7/9/20,131,183,30,15,107,18,69,683,37,73,43,17,12,28,166,262,29,102,307,9,65,32,33,248,104,80,6,11,6,483,75,3,5,1736,25,38,156,25,67,33,62,250,143,8,40,22,229,33,81,47,178,41,7,291,115,4395,125,10,857,14,88,17,165,11,1,11,18,22,42,14,244,21,169,7,60,66,10,39,184,18,27,31,13,29,14,44,61,12,532,102,11,204,159,10,3,21,74,115,9,117,1,31,24,58,113,545,85,41,46,26,26,9,30,1685,28,20,49,49,4,76,18241.0
7/10/20,136,185,30,16,116,18,74,694,38,78,43,19,15,29,169,264,31,108,314,10,69,37,39,251,105,81,6,11,6,493,76,3,5,1778,26,39,159,26,67,37,62,270,146,8,40,25,246,35,81,47,190,43,7,297,115,4458,127,11,864,15,92,19,177,11,1,11,19,22,48,14,245,21,178,7,63,68,12,39,192,18,27,31,13,29,15,44,63,12,532,108,13,205,163,10,3,22,81,118,9,120,1,32,24,58,117,559,86,43,46,26,26,13,30,1709,30,20,52,49,4,80,18668.0
7/11/20,141,190,31,17,124,21,92,712,41,81,43,19,15,29,173,264,32,107,323,10,77,37,41,277,112,82,6,11,6,499,76,3,6,1814,27,40,163,27,68,39,64,287,147,9,44,26,259,37,81,47,199,43,7,305,116,4522,135,11,879,16,94,19,187,11,1,11,19,22,51,16,245,21,183,7,63,69,12,39,193,18,28,32,14,29,16,48,64,13,534,114,13,217,167,10,3,22,83,120,10,125,1,32,30,62,126,565,87,48,51,28,28,15,31,1722,30,20,53,51,4,81,19118.0
7/12/20,142,189,31,18,128,21,103,726,44,86,47,19,15,30,173,265,34,111,330,11,85,38,41,285,113,82,7,12,7,499,76,3,6,1834,30,40,163,28,68,39,67,305,147,10,44,27,266,37,81,48,203,44,7,305,117,4561,138,11,886,17,94,19,188,11,1,11,20,22,53,17,246,23,187,7,63,70,12,39,203,18,28,33,14,30,17,50,64,15,537,115,12,218,173,10,3,22,86,120,10,127,1,32,30,62,127,569,88,48,52,28,29,15,32,1733,30,20,55,54,4,83,19380.0
7/13/20,142,191,31,18,129,21,105,733,46,93,48,19,15,30,174,266,34,111,333,11,85,38,41,297,114,85,9,12,7,511,77,3,6,1912,31,40,164,28,68,39,69,313,147,10,44,32,274,37,81,48,210,45,7,305,117,4588,143,11,890,20,95,19,187,11,1,11,20,22,56,19,247,23,193,7,65,72,12,39,206,18,28,33,15,30,17,50,65,15,542,116,12,221,174,10,3,22,91,120,10,127,1,32,31,62,127,573,88,49,52,27,30,15,32,1742,32,20,55,54,4,84,19642.0
7/14/20,149,193,34,22,135,22,114,755,47,101,48,20,15,30,180,267,34,117,342,13,88,48,49,309,117,88,9,12,8,518,81,5,7,1940,31,44,168,29,68,40,70,328,150,13,45,32,286,45,82,50,214,45,7,317,117,4661,147,12,909,23,106,21,191,13,1,11,21,24,61,23,253,23,210,7,68,74,12,40,210,18,29,35,14,31,17,53,76,20,543,119,12,224,178,11,3,23,98,128,13,130,1,34,34,68,131,577,90,52,55,27,31,16,32,1808,35,23,55,57,6,86,20212.0
7/15/20,151,195,34,22,137,22,121,763,48,105,50,20,15,31,184,268,36,119,343,13,96,54,68,321,117,97,9,13,8,534,82,5,7,2001,31,43,169,29,69,42,70,334,152,13,45,33,299,58,86,50,221,49,8,321,118,4709,154,12,927,23,113,21,210,14,1,12,21,24,61,23,254,24,221,7,70,81,12,40,215,19,29,38,14,31,17,53,76,20,552,126,13,234,181,13,3,23,106,129,15,134,1,34,34,68,133,580,93,53,59,27,31,16,33,1830,36,26,57,62,6,91,20674.0
7/16/20,157,196,34,22,144,23,132,785,49,106,52,21,16,33,186,269,38,121,351,13,97,56,79,320,119,98,7,14,8,539,82,5,7,2008,33,49,169,30,71,42,71,349,156,13,47,33,307,61,86,52,221,50,10,322,118,4778,155,12,944,23,117,25,217,14,1,13,22,24,65,23,261,25,232,7,76,82,12,40,222,19,31,40,18,31,17,53,76,20,564,130,13,259,186,13,3,24,111,131,17,134,1,37,36,70,137,586,94,57,61,27,32,18,33,1850,38,28,57,64,6,93,21082.0
7/17/20,157,198,34,25,150,23,141,801,52,111,57,22,16,35,190,276,38,125,365,13,100,58,89,334,120,105,9,18,8,553,82,6,7,2046,36,51,176,31,71,43,73,357,156,14,48,33,323,64,87,54,221,52,12,337,118,4861,166,13,961,24,122,25,225,14,1,13,22,25,69,23,264,25,250,7,78,87,13,40,227,19,34,42,18,32,18,57,80,21,564,134,13,268,195,16,3,25,114,131,20,138,2,38,38,74,136,591,95,58,65,27,36,20,34,1879,38,31,59,65,6,95,21605.0
7/18/20,158,198,34,25,160,23,154,811,54,115,58,24,16,37,195,276,41,129,373,13,106,58,92,339,120,111,10,19,11,562,82,7,7,2062,38,54,181,31,72,44,75,373,157,14,50,34,336,65,88,56,224,56,12,345,118,4962,169,13,981,24,127,25,245,14,1,13,22,25,71,24,266,25,254,7,79,88,13,42,226,19,34,44,19,32,18,58,86,22,565,137,14,281,300,20,3,26,117,143,21,141,2,40,39,74,153,598,96,59,67,27,37,20,34,1911,39,32,60,69,6,96,22178.0
7/19/20,163,199,35,25,171,23,159,837,54,116,58,24,16,37,197,280,41,133,391,14,126,69,100,361,121,114,12,19,15,570,82,7,8,2111,41,57,186,31,72,45,77,382,158,14,53,35,355,78,91,57,232,61,14,353,118,5170,180,16,1053,26,140,27,251,15,2,13,26,26,73,25,269,25,258,7,79,92,15,43,243,19,35,49,19,32,18,61,89,23,571,145,17,291,396,22,4,28,122,156,29,153,2,40,44,75,168,613,108,62,69,28,37,25,37,1985,39,35,63,71,6,97,23155.0
7/20/20,164,199,36,25,172,23,160,839,55,122,60,24,16,38,198,280,41,133,396,14,125,70,103,366,121,115,12,20,16,575,82,7,8,2147,41,57,187,31,72,45,79,387,159,17,57,35,360,83,95,57,233,61,14,353,118,5263,179,16,1061,26,142,27,253,16,3,13,26,26,73,26,270,25,258,7,81,92,15,44,245,20,35,50,19,32,18,61,89,23,574,147,17,292,398,22,4,28,123,156,30,156,2,40,44,76,169,620,108,62,72,28,37,25,37,1992,39,36,63,72,6,98,23410.0
7/21/20,169,204,41,25,194,23,166,851,55,126,62,24,18,38,211,281,41,135,409,15,125,72,115,366,122,119,14,21,20,586,84,7,8,2173,40,61,190,35,73,46,79,390,162,22,59,36,379,105,99,59,246,62,16,357,122,5441,186,17,1078,28,142,28,263,20,3,13,26,26,75,27,275,25,280,7,84,94,18,44,259,20,35,51,19,33,19,63,89,24,580,151,16,294,409,23,4,28,128,160,33,162,2,44,46,78,174,628,113,63,73,30,38,25,40,2013,42,41,66,75,7,100,24056.0
7/22/20,171,205,41,26,214,24,174,871,60,129,62,24,18,38,221,283,41,139,421,16,128,75,122,367,122,121,14,21,20,595,84,7,8,2205,40,61,198,36,74,48,80,397,163,22,63,38,394,107,105,60,247,64,16,359,123,5519,192,17,1100,27,143,31,273,21,3,16,26,26,75,27,278,25,287,9,85,98,20,45,267,21,35,52,19,34,20,65,89,24,584,159,16,300,413,24,4,28,141,166,31,164,2,44,46,79,193,635,113,63,73,30,38,25,40,2057,43,42,69,77,7,103,24540.0
7/23/20,171,205,42,26,218,25,191,880,60,132,89,24,18,39,229,284,41,142,435,16,133,76,125,380,122,126,14,22,20,608,86,7,8,2233,42,66,200,36,77,49,80,411,165,22,63,39,404,126,107,61,256,68,16,363,124,5635,204,18,1116,30,147,35,292,22,3,19,28,27,75,28,282,26,295,10,86,100,20,45,270,21,35,55,19,36,20,70,92,24,586,162,17,310,445,25,5,28,144,173,30,164,2,44,46,79,205,639,115,65,73,30,44,25,42,2105,45,44,71,82,7,104,25143.0
7/24/20,177,206,42,28,233,26,213,906,61,134,94,25,19,39,245,286,42,144,447,16,134,79,130,385,126,131,15,22,21,613,87,8,9,2309,44,70,200,39,77,51,83,414,166,23,64,39,419,143,107,67,268,68,16,367,125,5836,215,18,1143,31,157,38,305,22,3,19,29,27,81,32,286,26,299,10,88,103,23,46,284,23,37,60,21,37,21,72,94,25,590,166,20,318,453,28,5,29,151,182,32,171,2,46,48,81,220,651,118,71,75,31,44,27,44,2146,47,44,73,89,7,106,25928.0
7/25/20,182,210,47,28,247,27,221,922,63,137,98,27,19,41,257,286,42,150,458,16,134,79,134,402,128,132,16,23,24,633,87,7,10,2358,43,74,211,39,77,56,84,423,166,24,64,40,437,157,107,68,276,73,16,371,125,6080,230,19,1179,31,159,39,317,25,3,20,34,29,82,32,288,26,305,14,89,110,24,46,292,25,37,68,22,37,24,77,96,27,595,173,20,324,468,28,6,30,153,191,34,179,2,46,54,85,250,659,121,74,80,31,45,27,45,2199,48,49,73,93,8,109,26761.0
7/26/20,183,211,49,28,250,28,230,929,63,140,101,27,20,41,261,286,42,153,460,17,134,80,135,409,128,134,16,23,27,633,87,7,10,2381,45,75,213,41,77,57,84,434,166,24,65,40,445,162,108,68,281,74,16,374,127,6135,233,24,1194,31,162,40,321,27,3,20,35,29,83,32,288,27,308,14,91,112,25,46,294,26,38,68,23,37,25,79,97,28,597,175,20,329,478,28,6,32,154,194,36,182,2,46,57,86,261,662,123,77,80,31,45,27,46,2223,49,50,73,94,8,114,27079.0
7/27/20,183,211,51,28,262,29,234,934,64,146,108,27,20,43,267,286,42,155,463,17,134,80,136,409,132,134,16,23,30,655,87,7,10,2474,45,75,216,41,77,59,85,435,166,24,69,42,452,163,110,68,284,74,16,374,127,6320,242,26,1201,32,167,42,322,27,3,21,37,29,84,32,288,28,312,14,92,112,26,46,296,27,38,71,24,37,27,83,97,28,598,177,20,330,497,29,6,32,158,194,38,183,2,47,58,87,262,663,124,77,81,31,45,27,49,2244,49,52,74,96,8,115,27583.0
7/28/20,185,212,53,28,276,31,239,946,64,152,113,28,21,43,273,287,42,155,468,18,135,85,138,420,132,136,17,23,30,661,87,7,10,2498,46,75,223,45,77,63,87,449,167,24,74,42,461,175,111,72,291,80,19,377,131,6450,245,29,1224,32,174,44,332,31,3,21,40,29,87,32,293,28,331,15,94,112,28,48,303,27,38,72,24,38,33,83,100,28,603,177,20,331,503,29,9,32,160,196,38,189,2,48,62,87,268,668,126,82,86,31,45,27,50,2261,52,53,74,102,9,118,28108.0
7/29/20,192,214,60,29,290,31,260,957,66,157,121,28,22,43,277,287,43,157,475,18,136,90,141,455,137,139,18,23,31,671,88,7,11,2562,46,75,227,46,77,64,89,456,169,25,74,42,477,177,111,72,295,83,20,386,133,6549,251,29,1239,32,179,44,341,32,3,21,41,29,90,32,294,28,338,16,97,113,29,48,306,27,38,77,26,38,38,83,103,28,604,178,20,336,518,41,9,32,167,206,40,211,3,52,64,90,286,671,130,84,91,31,45,28,50,2305,53,54,74,106,9,120,28727.0
7/30/20,197,215,67,30,302,32,262,965,66,164,125,28,24,48,284,290,45,166,483,18,138,91,144,469,143,141,22,23,32,685,89,7,11,2604,49,78,238,47,77,67,90,471,171,28,80,43,495,178,113,73,310,87,24,390,137,6687,258,29,1252,34,188,45,361,32,3,23,45,31,92,32,297,29,344,16,97,115,29,48,313,28,38,78,28,51,42,86,104,28,607,181,20,336,530,42,9,33,170,211,41,222,3,56,67,93,298,688,134,87,95,31,48,32,52,2327,54,54,77,112,9,127,29385.0
7/31/20,201,216,72,30,315,32,267,984,68,165,129,29,24,49,300,291,45,175,494,22,140,94,148,470,148,142,23,26,33,689,89,7,12,2654,53,80,245,49,77,67,93,494,175,29,88,43,511,193,113,76,314,88,33,396,140,6888,264,32,1269,38,194,46,367,32,3,25,46,33,96,32,297,29,370,18,101,120,29,52,325,33,38,81,29,70,46,87,110,28,609,186,20,339,542,42,9,34,177,212,42,236,3,60,67,95,311,699,136,94,100,31,48,32,53,2372,55,50,79,114,9,127,30151.0
8/1/20,201,217,74,30,324,34,270,1006,69,166,131,29,25,51,311,291,49,178,517,26,140,95,149,472,152,142,23,26,37,699,91,7,12,2697,54,81,250,56,79,67,97,501,176,30,88,45,517,198,115,77,319,89,33,403,140,7040,278,37,1297,40,200,47,373,33,3,26,49,33,98,32,300,30,380,19,102,124,29,53,328,35,38,82,29,73,50,88,110,28,610,187,20,339,546,42,9,36,184,219,44,239,3,60,68,95,318,703,138,96,100,33,48,32,53,2404,59,50,79,133,9,127,30723.0
8/2/20,203,217,75,30,328,35,274,1018,69,171,134,29,26,52,315,292,49,192,523,26,141,95,154,475,156,143,26,26,40,712,93,7,12,2777,55,81,255,59,79,68,100,508,179,30,89,47,521,200,116,77,323,91,33,403,142,7131,290,39,1317,40,201,49,374,33,4,26,49,35,99,32,301,30,383,20,105,124,30,53,330,36,38,85,29,74,50,88,113,29,611,189,20,340,555,42,10,36,187,219,48,258,3,61,68,100,323,708,138,97,101,33,49,32,53,2427,62,52,81,136,9,129,31185.0
8/3/20,203,217,75,31,334,35,281,1021,69,174,137,29,26,52,315,295,49,196,525,31,142,95,154,476,156,143,27,26,40,715,95,8,12,2807,56,83,257,60,79,68,101,511,181,30,89,47,522,207,116,80,324,94,34,403,143,7206,300,39,1323,45,201,51,374,33,4,26,51,36,99,32,302,30,396,23,110,125,30,53,334,37,38,85,29,74,51,88,113,30,612,190,20,340,575,42,10,36,189,219,50,260,3,61,68,100,330,711,139,102,101,33,50,32,54,2451,64,53,81,144,11,133,31508.0
8/4/20,203,217,77,31,342,36,285,1048,71,179,142,29,26,52,318,296,49,198,542,32,145,98,154,478,162,144,27,26,40,723,96,8,17,2851,57,84,260,62,79,69,106,522,186,31,94,49,533,212,117,84,328,100,35,412,143,7414,308,40,1351,47,216,51,392,34,4,27,52,37,99,33,303,30,411,30,113,128,32,53,344,37,40,91,29,77,53,89,114,30,618,197,20,341,582,43,10,36,193,224,49,263,3,61,69,100,346,720,142,107,104,33,53,32,57,2485,65,53,83,148,11,135,32197.0
8/5/20,204,220,80,31,352,36,287,1054,73,182,144,30,28,55,329,297,49,202,548,33,148,99,157,481,168,145,27,26,40,735,96,8,18,2910,57,89,269,69,79,71,107,525,187,31,102,49,553,214,117,88,330,105,37,414,143,7518,318,43,1362,48,222,52,397,36,5,28,53,37,99,33,310,32,426,31,117,128,33,53,348,37,41,91,29,80,56,90,115,30,622,203,20,344,586,43,12,41,200,233,50,263,3,61,69,100,356,725,145,110,105,34,53,32,58,2537,66,53,83,155,11,142,32741.0
8/6/20,205,224,81,32,355,36,298,1062,75,184,149,30,28,57,333,298,49,217,551,36,150,101,161,481,168,148,28,28,46,740,99,8,18,2943,58,93,278,71,80,71,107,534,192,31,103,49,566,219,119,88,334,110,39,416,145,7666,325,46,1369,49,228,53,406,36,5,28,56,37,100,33,315,33,444,34,119,131,34,53,355,37,43,93,29,80,57,93,116,30,622,205,20,345,596,44,12,43,203,233,51,268,3,62,69,101,356,732,146,112,106,34,54,33,62,2556,72,53,84,162,12,148,33254.0
8/7/20,204,224,82,33,360,37,303,1076,75,185,149,30,28,65,348,292,49,220,557,42,150,102,162,489,164,149,28,29,46,750,100,8,18,2984,58,94,291,75,79,74,112,541,194,31,106,50,576,223,119,93,337,119,41,416,149,7823,337,48,1378,49,232,54,419,36,6,28,58,38,101,33,320,34,456,34,120,137,35,53,365,37,42,100,28,81,57,93,120,32,619,207,20,353,612,46,13,45,213,233,53,268,3,65,70,102,362,740,147,111,107,34,55,33,65,2580,76,53,88,161,13,149,33796.0
8/8/20,203,226,83,36,362,37,312,1097,78,190,155,33,28,67,363,294,52,230,567,42,158,101,175,500,166,150,29,30,49,765,101,11,21,3071,58,94,296,79,79,75,115,558,197,31,110,50,604,231,121,96,343,121,42,421,150,7984,340,50,1402,54,232,55,432,36,7,30,60,40,102,33,327,33,492,39,121,137,36,54,366,38,42,99,28,82,58,94,120,31,620,215,20,358,620,48,13,45,222,250,53,279,3,69,69,108,373,770,149,113,113,35,53,33,65,2617,80,54,88,167,14,155,34578.0
8/9/20,201,226,84,35,364,37,312,1104,81,190,154,34,31,70,374,293,53,242,569,43,158,101,188,501,166,152,32,31,57,765,106,11,22,3120,59,95,302,84,80,78,117,558,201,36,110,50,619,232,121,99,344,120,48,421,150,8084,340,49,1410,57,235,54,433,36,6,30,59,41,105,35,328,32,505,39,119,137,36,54,366,40,42,94,28,83,60,94,121,31,626,216,20,356,632,48,12,44,224,249,53,298,3,71,70,108,377,773,150,120,131,35,54,32,65,2630,85,66,88,163,14,155,34982.0
8/10/20,205,226,84,35,364,37,312,1104,83,191,154,34,31,74,373,293,53,244,571,43,158,101,189,502,166,152,36,31,57,765,108,11,22,3149,59,95,315,83,80,79,121,560,202,37,110,50,629,232,121,100,344,120,49,421,150,8188,344,49,1416,60,235,56,433,36,6,31,59,41,106,35,328,32,516,39,124,138,36,54,367,41,42,94,28,83,60,94,121,31,626,218,20,356,632,48,12,44,226,249,59,309,3,71,70,111,378,774,150,121,137,35,54,32,65,2641,86,67,89,163,14,156,35254.0
8/11/20,210,227,87,36,375,37,318,1111,84,193,157,33,31,75,382,298,53,254,582,45,159,101,193,511,166,157,37,32,57,769,108,11,27,3182,60,96,323,85,81,80,124,560,206,38,110,50,655,232,121,103,351,129,53,428,150,8279,350,64,1431,62,243,56,453,36,7,31,60,41,116,35,332,32,549,40,124,139,37,55,372,42,42,95,28,84,61,94,124,30,627,221,20,357,633,50,12,46,232,251,60,319,3,72,75,116,388,779,152,123,141,35,54,32,67,2670,86,69,89,166,14,157,35793.0
8/12/20,215,230,89,36,383,41,324,1117,86,195,161,33,32,76,401,298,53,257,592,45,164,104,201,523,167,159,38,32,63,793,112,14,27,3241,62,106,329,90,81,83,126,574,213,40,121,50,683,239,123,108,360,129,55,431,151,8802,356,66,1449,66,254,60,456,37,7,32,62,53,117,35,341,32,583,41,124,140,37,54,377,42,43,99,28,86,62,96,128,30,629,230,20,361,640,54,13,47,247,252,62,338,3,74,84,124,407,786,152,128,144,34,56,33,70,2702,92,73,90,168,16,165,36945.0
8/13/20,218,233,89,36,404,41,327,1126,90,196,163,33,33,79,421,300,55,270,603,46,164,104,204,529,167,181,39,32,62,805,112,14,27,3299,62,115,343,93,82,84,126,576,214,52,125,52,703,243,123,109,365,134,56,433,154,8976,361,73,1472,70,262,61,466,37,6,33,62,54,118,35,352,32,603,49,123,142,38,54,391,48,43,101,28,87,63,98,129,32,633,245,20,362,645,64,14,48,251,253,67,358,3,77,87,130,415,797,156,136,150,34,57,34,70,2721,93,76,90,168,17,170,37686.0
8/14/20,220,233,89,37,421,41,336,1143,91,197,167,37,32,80,434,302,55,273,605,50,170,104,209,532,179,184,40,32,63,807,112,14,27,3342,64,114,348,97,82,90,127,574,214,54,130,52,730,257,123,109,370,136,57,438,154,9149,366,80,1490,73,264,65,476,37,6,33,63,84,118,36,351,32,623,49,124,147,41,56,397,49,44,102,28,87,64,99,130,33,633,247,20,364,653,64,15,50,251,253,68,367,3,84,88,136,421,801,160,138,150,34,58,34,73,2737,96,76,91,168,16,175,38298.0
8/15/20,224,234,90,37,429,41,338,1149,97,201,168,37,33,84,440,303,55,289,612,50,170,105,213,532,186,185,42,34,66,824,115,15,27,3385,64,119,349,98,82,91,127,580,219,57,139,52,744,253,123,109,371,142,58,439,155,9350,372,83,1507,75,268,66,480,38,5,34,65,84,119,36,354,32,630,49,129,155,41,56,401,52,44,103,28,91,65,104,139,35,633,253,21,365,663,65,15,51,254,270,68,376,3,86,88,139,426,817,167,138,153,35,59,35,73,2773,101,77,92,170,16,177,38930.0
8/16/20,224,234,90,37,429,41,338,1149,97,201,168,37,33,84,440,303,55,289,612,50,170,105,213,532,186,185,42,34,66,824,115,15,27,3385,64,119,349,98,82,91,127,580,219,57,139,52,744,253,123,109,371,142,58,439,155,9350,372,83,1507,75,268,66,480,38,5,34,65,84,119,36,354,32,630,49,129,155,41,56,401,52,44,103,28,91,65,104,139,35,633,253,21,365,663,65,15,51,254,270,68,376,3,86,88,139,426,817,167,138,153,35,59,35,73,2773,101,77,92,170,16,177,38930.0
8/17/20,233,236,92,37,432,41,350,1157,99,203,172,37,33,87,448,304,57,294,622,50,170,105,213,540,189,190,48,34,67,827,115,15,27,3460,64,119,357,101,82,93,128,582,220,57,147,54,750,257,123,110,376,146,62,440,158,9629,377,84,1526,79,269,67,480,38,7,38,67,86,121,37,359,32,676,53,142,155,42,59,409,54,44,103,28,92,66,107,141,36,639,255,21,365,675,65,16,51,256,270,69,385,3,92,88,140,437,820,173,141,158,38,60,35,76,2802,102,80,95,170,18,183,39691.0
8/18/20,233,236,94,38,437,41,351,1174,98,203,177,37,33,88,467,306,59,303,629,51,170,105,216,543,195,191,50,34,68,833,115,15,27,3493,64,121,375,101,85,96,129,586,226,61,152,55,776,260,132,114,383,145,62,452,161,9749,386,90,1545,82,288,70,488,39,6,39,66,86,121,37,360,32,686,54,141,157,41,61,414,56,44,107,28,95,69,107,154,36,641,272,21,365,682,68,17,52,260,276,70,395,3,97,88,146,463,827,179,142,159,38,61,36,76,2828,104,80,96,173,19,185,40299.0
8/19/20,237,237,95,38,455,42,354,1183,100,205,178,37,34,89,488,309,60,302,633,51,170,107,218,560,205,191,51,34,69,846,115,16,27,3534,64,126,400,103,85,95,130,591,228,65,156,55,789,264,137,115,389,147,64,455,161,9901,393,98,1555,83,293,71,497,39,6,39,66,86,123,38,362,32,696,55,153,165,44,67,425,56,45,108,28,95,74,108,160,37,640,279,21,366,692,69,18,52,264,279,70,409,3,100,88,146,484,841,179,145,161,38,61,38,76,2859,108,80,96,173,19,185,40926.0
8/20/20,237,239,97,38,460,51,357,1193,102,208,182,37,36,90,508,309,62,308,643,55,175,108,219,631,208,192,51,34,70,859,116,18,28,3589,64,127,405,108,85,96,131,602,230,66,157,55,799,266,137,116,395,152,64,466,169,10054,397,98,1589,83,305,75,505,39,7,38,66,87,128,38,367,32,709,55,161,169,45,67,437,56,46,110,28,99,75,108,160,37,641,291,21,368,700,70,22,56,263,288,70,417,3,101,89,146,486,847,183,146,167,38,61,38,77,2901,109,81,96,172,23,185,41626.0
8/21/20,239,239,101,38,464,51,364,1206,102,211,183,37,38,91,526,310,62,326,646,55,175,109,221,665,220,195,56,38,73,861,115,19,28,3599,64,129,416,109,85,99,130,606,233,92,160,55,810,265,138,117,399,152,63,468,167,10249,404,100,1599,83,305,76,508,39,8,37,66,97,130,38,369,34,716,60,164,173,46,69,445,57,49,113,28,105,76,110,170,40,644,305,21,370,733,71,25,55,263,288,70,426,3,107,89,148,488,854,185,149,173,43,63,38,77,2918,113,82,96,173,23,189,42265.0
8/22/20,244,241,103,39,471,52,367,1218,104,214,186,37,39,91,537,310,62,345,650,55,184,110,223,690,220,196,59,38,75,876,116,19,28,3662,65,132,428,109,87,99,132,614,237,95,166,55,833,264,139,118,406,155,63,472,172,10490,411,101,1616,87,306,76,511,40,11,38,66,116,130,39,377,34,757,60,155,174,49,71,453,59,50,117,28,105,77,111,170,40,647,312,22,372,743,74,25,58,268,298,70,437,3,107,89,150,498,866,188,152,176,45,63,39,79,2969,115,83,96,173,26,196,43066.0
8/23/20,244,241,103,39,471,52,367,1218,104,214,186,37,39,91,537,310,62,345,650,55,184,110,223,690,220,196,59,38,75,876,116,19,28,3662,65,132,428,109,87,99,132,614,237,95,166,55,833,264,139,118,406,155,63,472,172,10490,411,101,1616,87,306,76,511,40,11,38,66,116,130,39,377,34,757,60,155,174,49,71,453,59,50,117,28,105,77,111,170,40,647,312,22,372,743,74,25,58,268,298,70,437,3,107,89,150,498,866,188,152,176,45,63,39,79,2969,115,83,96,173,26,196,43066.0
8/24/20,247,245,104,39,472,53,368,1231,104,218,189,37,49,91,548,311,64,369,654,56,187,111,228,697,227,197,60,38,79,895,116,19,29,3833,65,136,433,109,88,102,132,617,239,101,169,56,847,267,139,118,410,156,63,479,178,10703,416,101,1644,88,312,77,513,40,11,38,67,115,132,42,378,34,805,60,165,177,49,71,460,61,51,122,29,104,77,114,170,40,648,315,22,376,757,75,25,59,269,298,70,448,3,108,89,151,504,872,193,160,181,46,68,41,81,2998,116,86,97,178,27,202,43898.0
8/25/20,248,243,107,41,475,53,371,1239,105,221,189,37,49,92,556,312,65,371,658,57,187,110,230,716,232,197,61,38,79,898,116,20,28,3881,65,139,442,111,89,108,132,623,243,105,182,56,860,273,139,120,411,157,66,487,187,10888,420,101,1656,88,317,78,523,40,13,38,68,116,132,42,391,34,828,60,167,183,49,79,469,69,50,121,31,106,80,115,174,41,651,318,22,376,770,75,26,62,272,298,71,458,4,110,103,155,513,872,198,161,183,52,71,41,81,3076,116,86,97,179,26,201,44568.0
8/26/20,250,244,113,41,483,53,372,1248,105,221,196,37,51,92,580,311,68,379,663,58,188,113,234,757,235,199,63,43,82,913,116,20,30,3901,65,140,448,112,89,109,132,625,244,111,185,56,870,273,146,121,410,158,66,495,198,11018,428,105,1666,88,321,78,529,40,12,39,68,137,132,43,393,34,859,62,172,183,51,80,472,72,51,121,30,107,80,124,177,41,652,322,22,378,779,75,26,62,275,299,72,467,4,110,112,158,539,877,199,162,186,100,74,43,83,3120,118,86,95,182,27,201,45230.0
8/27/20,255,248,114,41,483,53,386,1255,107,224,200,37,54,93,591,315,68,383,670,59,190,113,238,824,236,201,68,47,84,923,116,20,32,3946,67,140,451,115,90,110,132,630,245,127,187,56,885,278,150,123,414,159,66,498,202,11167,435,110,1680,89,346,81,545,43,12,40,67,147,134,44,401,34,881,62,171,183,51,83,479,76,52,123,31,107,80,129,178,41,651,322,22,379,790,79,30,64,279,299,72,480,4,112,124,168,558,882,202,163,193,107,74,43,86,3176,118,89,97,186,27,201,45978.0
8/28/20,257,252,114,41,490,56,387,1266,110,227,201,37,54,93,603,317,70,389,675,59,190,113,241,851,237,205,69,48,86,941,117,21,34,4037,68,143,457,116,92,116,133,633,251,142,189,56,898,283,150,123,418,159,66,502,209,11353,439,115,1695,88,350,82,554,44,13,40,70,148,134,45,408,34,937,66,173,185,53,86,486,82,53,123,30,107,82,129,182,43,657,326,22,382,799,80,31,63,282,300,76,497,4,114,153,171,563,890,204,163,197,109,78,43,90,3211,119,94,97,193,26,202,46757.0
8/29/20,259,252,114,42,496,65,395,1280,112,234,202,37,55,95,605,320,72,390,684,59,191,113,243,858,242,205,71,48,86,950,117,25,37,4083,69,145,461,118,93,119,136,638,255,148,192,56,912,290,151,129,423,161,66,510,216,11615,450,117,1704,88,355,83,562,43,13,40,72,160,137,46,416,37,964,67,174,186,55,88,497,87,53,123,33,110,82,138,190,45,659,331,22,385,808,80,32,63,286,314,76,510,6,118,159,171,566,896,205,166,201,138,81,43,94,3275,121,94,98,195,26,203,47577.0
8/30/20,260,253,115,42,499,65,395,1290,113,239,208,37,55,95,617,320,79,395,692,60,191,113,245,861,243,214,71,50,87,953,117,25,41,4153,70,145,466,120,93,119,136,643,258,155,195,56,915,293,151,130,423,161,66,512,223,11741,457,117,1710,89,356,83,561,43,12,40,73,162,138,46,419,37,1001,67,174,187,55,89,504,89,53,124,33,111,82,139,190,45,659,331,22,385,810,80,34,63,287,314,76,516,6,121,159,174,572,900,207,169,203,139,85,46,95,3284,122,95,98,195,27,207,48031.0
8/31/20,260,253,115,42,499,65,395,1296,114,241,208,37,55,99,621,320,79,413,701,61,189,116,247,861,249,214,71,52,88,961,117,25,43,4188,71,145,466,120,93,122,136,646,259,158,199,57,917,299,151,130,424,162,66,514,226,11851,457,121,1716,89,357,83,565,43,12,40,73,163,139,47,420,38,1020,67,173,188,55,89,510,94,53,125,33,112,81,140,192,46,660,332,22,386,819,81,34,63,287,317,75,536,6,122,159,175,572,902,207,169,203,139,86,46,95,3305,122,95,99,197,27,210,48396.0
9/1/20,263,254,118,43,504,66,400,1307,116,245,210,37,56,100,633,322,84,419,711,61,192,120,247,869,255,221,71,60,89,978,118,25,45,4266,73,148,481,120,95,128,136,648,261,162,210,59,939,306,155,131,430,162,68,518,243,11987,461,124,1720,89,361,87,584,44,12,40,73,167,141,48,423,40,1085,67,172,193,58,97,516,98,53,126,34,122,82,144,199,47,662,334,23,386,838,80,34,64,289,318,75,547,6,123,167,186,587,909,215,169,205,146,90,46,98,3344,124,97,108,203,27,213,49185.0
9/2/20,267,255,119,43,512,68,409,1321,119,254,216,37,56,100,643,322,84,423,711,61,191,127,249,872,259,221,71,67,89,991,118,28,53,4326,72,150,483,122,93,131,137,656,268,168,225,59,945,315,158,134,438,164,68,523,255,12192,471,127,1756,92,367,90,588,46,13,41,75,176,141,52,427,41,1107,68,174,199,59,99,525,103,54,128,34,124,82,150,201,49,662,363,25,388,842,83,34,65,291,324,76,559,8,129,175,191,604,915,219,171,207,151,94,48,103,3388,124,97,109,207,27,215,49991.0
9/3/20,270,256,118,44,522,68,420,1323,123,261,216,38,57,100,647,326,85,433,722,61,193,130,253,881,260,225,70,76,91,1016,118,29,57,4394,72,150,498,123,92,129,137,659,274,189,232,63,961,319,159,138,457,162,69,527,269,12394,472,128,1776,92,372,91,594,46,12,41,78,180,142,54,442,41,1174,69,176,200,59,99,536,106,62,130,34,128,84,157,203,50,662,374,25,387,854,84,35,66,292,326,80,578,9,130,179,194,614,923,225,168,208,155,96,47,121,3476,127,99,113,212,28,214,50885.0
9/4/20,272,258,121,45,523,68,423,1339,128,270,219,37,57,102,668,324,87,440,728,61,194,127,255,885,262,225,71,78,90,1040,118,31,59,4446,73,151,507,124,92,131,139,663,288,196,248,64,973,320,158,141,476,166,69,530,279,12617,477,128,1792,93,371,92,611,46,14,42,77,183,144,54,444,43,1196,69,184,202,58,107,545,112,62,132,35,131,86,162,203,50,667,381,27,393,861,85,36,65,293,329,81,614,9,134,182,195,625,933,231,173,210,157,101,49,142,3498,127,100,117,214,28,219,51677.0
9/5/20,277,261,122,45,530,68,423,1351,129,280,220,37,57,103,671,324,89,445,733,62,195,128,257,890,269,227,75,79,90,1056,119,31,60,4522,73,155,510,124,92,131,141,665,291,200,259,65,985,320,158,142,486,167,70,532,285,12818,480,128,1806,94,377,94,625,47,13,42,79,195,145,59,449,43,1228,69,187,204,57,110,554,113,62,136,35,140,87,168,210,50,668,394,27,395,873,85,37,69,294,336,85,623,9,135,183,198,628,939,234,173,213,160,103,49,155,3600,130,101,119,218,29,222,52464.0
9/6/20,277,262,122,45,531,68,424,1355,129,287,220,37,57,103,685,324,91,448,735,63,195,129,258,891,270,226,75,79,90,1060,119,31,61,4545,73,155,513,124,92,131,141,665,293,206,269,65,989,321,158,144,494,166,70,535,287,12911,486,128,1811,96,377,94,626,47,14,42,79,197,146,59,452,43,1232,69,190,206,57,110,561,114,63,137,35,140,87,173,210,50,674,397,27,395,879,85,37,69,294,337,85,631,9,137,184,198,630,943,236,174,216,160,103,49,160,3617,132,102,119,220,28,222,52774.0
9/7/20,277,263,123,45,531,68,430,1361,131,290,221,37,57,103,690,324,92,453,744,64,195,129,260,891,272,226,76,80,90,1064,119,31,61,4592,73,156,513,126,92,132,142,670,302,209,276,64,993,321,158,145,502,166,71,535,292,12960,492,128,1817,96,379,97,626,47,13,42,79,198,146,60,452,43,1234,69,190,208,58,110,562,115,63,137,35,142,87,173,210,50,675,398,27,396,881,85,37,69,294,346,85,633,9,137,184,201,630,944,238,174,218,162,103,49,169,3648,132,102,119,222,29,222,53064.0
9/8/20,277,264,123,45,535,68,430,1364,131,298,221,37,58,104,694,324,93,452,743,64,195,129,261,890,272,226,77,81,90,1064,119,31,61,4651,73,156,516,127,92,131,142,670,301,210,277,64,998,321,158,146,502,167,71,535,293,13004,496,128,1819,96,380,96,626,47,13,42,79,199,148,61,453,43,1245,69,191,220,58,110,564,116,63,138,35,145,87,173,210,51,676,404,27,396,879,85,37,69,293,348,84,634,9,140,185,201,634,945,239,174,222,162,108,50,171,3691,133,104,119,222,29,222,53319.0
9/9/20,281,263,124,45,543,69,431,1377,134,302,224,37,58,106,697,326,94,454,750,64,194,133,262,922,274,233,79,91,90,1072,120,31,62,4695,74,158,526,128,92,132,145,674,305,212,280,65,1010,327,163,152,520,174,72,547,301,13106,506,128,1831,96,382,97,653,47,13,42,80,199,150,64,461,44,1268,71,192,222,61,113,572,121,62,140,35,148,90,175,210,51,681,412,27,403,886,86,37,74,295,354,84,640,10,146,187,206,649,955,240,177,224,165,118,50,181,3728,134,104,120,229,29,222,53977.0
9/10/20,280,265,127,46,552,69,440,1387,136,315,225,37,66,108,709,326,95,462,756,64,194,137,262,936,276,237,81,94,90,1090,120,32,66,4754,75,159,536,129,93,132,145,675,318,219,290,66,1023,328,163,156,529,173,72,551,308,13281,516,130,1844,97,391,99,668,51,14,42,81,201,151,66,466,45,1316,71,195,225,61,113,579,123,63,143,39,150,91,176,214,51,688,419,29,403,909,86,37,74,298,356,85,649,11,147,187,214,658,963,243,183,229,167,125,50,188,3800,136,107,121,229,30,224,54772.0
9/11/20,281,267,130,46,554,69,445,1398,142,332,232,37,66,112,718,327,99,478,768,66,194,141,266,979,282,237,92,96,90,1101,120,32,68,4837,75,162,547,128,93,133,144,682,332,226,299,66,1057,343,164,157,540,173,72,561,321,13445,523,135,1851,98,392,101,677,53,14,42,87,202,157,69,473,46,1363,74,199,236,61,118,594,126,63,146,39,152,92,181,217,50,688,435,29,407,922,87,37,76,304,360,85,675,11,151,187,218,668,974,245,184,234,168,128,51,193,3870,138,112,123,232,30,229,55704.0
9/12/20,281,289,132,46,570,70,447,1406,144,340,237,37,68,112,727,328,101,485,772,66,195,144,266,1000,284,237,95,98,92,1125,123,32,68,4886,75,162,559,129,93,138,145,684,341,229,305,67,1083,347,164,157,559,175,71,566,323,13579,534,136,1860,102,394,104,687,53,14,44,93,207,160,70,479,57,1388,74,203,235,61,118,600,128,63,156,40,162,94,181,219,50,689,438,29,408,942,89,37,78,306,360,85,681,12,152,188,220,676,977,245,188,237,168,134,51,200,3928,139,113,128,237,30,230,56415.0
9/13/20,281,294,132,46,584,71,450,1417,145,348,237,37,68,115,729,328,102,487,779,66,195,145,266,1002,285,257,98,98,92,1142,123,32,72,4951,75,162,566,130,94,139,146,687,344,230,310,67,1091,351,164,158,573,175,71,568,323,13697,539,136,1872,107,409,104,690,53,15,45,94,207,161,70,481,59,1398,77,205,236,62,118,611,128,63,159,40,165,96,183,220,50,694,440,29,410,951,89,37,83,308,369,86,687,12,153,188,225,683,978,248,188,245,169,137,51,210,3942,139,116,130,237,30,233,56945.0
9/14/20,282,296,133,48,585,71,450,1423,146,351,237,38,70,116,739,329,104,494,783,68,195,145,265,1004,286,261,99,99,92,1146,123,32,74,4991,75,162,566,131,96,139,146,691,345,231,315,67,1102,352,165,158,575,175,72,568,326,13784,539,136,1877,110,408,104,699,53,15,45,96,210,164,72,481,59,1406,78,205,237,62,118,618,128,63,162,40,165,98,185,220,50,701,443,29,410,955,89,37,88,310,369,87,691,12,154,188,226,689,983,248,188,250,170,138,52,212,3944,140,120,132,241,30,237,57282.0
9/15/20,282,296,132,48,594,72,454,1436,153,357,241,39,76,116,749,331,109,498,787,68,195,149,265,1007,293,263,101,113,92,1163,124,32,75,5046,75,165,577,133,96,139,149,693,350,234,318,69,1135,353,165,158,583,175,73,577,332,13896,545,136,1894,113,416,106,704,52,15,47,96,211,165,73,531,56,1438,79,210,239,62,118,633,131,64,166,41,171,100,188,221,50,707,451,29,412,976,89,37,88,311,373,88,697,12,154,194,230,695,994,252,189,265,174,144,52,214,3991,140,124,132,246,30,238,58000.0
9/16/20,289,298,136,50,607,74,457,1447,157,365,244,40,77,120,780,329,123,501,803,70,195,150,264,1021,294,268,101,114,93,1184,125,32,93,5072,75,166,582,133,96,140,149,696,359,240,328,70,1154,356,167,160,593,177,73,587,333,14020,551,137,1903,118,421,108,720,52,15,50,101,214,171,76,547,59,1470,79,213,244,72,114,646,132,67,170,41,174,103,193,227,51,717,455,29,412,1005,89,37,88,319,377,89,706,12,156,197,233,703,1003,258,190,273,177,147,55,217,4028,140,123,133,258,30,242,58764.0
