Date,Acadia,Allen,Ascension,Assumption,Avoyelles,Beauregard,Bienville,Bossier,Caddo,Calcasieu,Caldwell,Cameron,Catahoula,Claiborne,Concordia,De Soto,East Baton Rouge,East Carroll,East Feliciana,Evangeline,Franklin,Grant,Iberia,Iberville,Jackson,Jefferson,Jefferson Davis,LaSalle,Lafayette,Lafourche,Lincoln,Livingston,Madison,Morehouse,Natchitoches,Orleans,Ouachita,Plaquemines,Pointe Coupee,Rapides,Red River,Richland,Sabine,St. Bernard,St. Charles,St. Helena,St. James,St. John the Baptist,St. Landry,St. Martin,St. Mary,St. Tammany,Tangipahoa,Tensas,Terrebonne,Union,Vermilion,Vernon,Washington,Webster,West Baton Rouge,West Carroll,West Feliciana,Winn,Total
1/22/20,0,0,0,0,0,0,0,0,0,0,0,0,0,0,0,0,0,0,0,0,0,0,0,0,0,0,0,0,0,0,0,0,0,0,0,0,0,0,0,0,0,0,0,0,0,0,0,0,0,0,0,0,0,0,0,0,0,0,0,0,0,0,0,0,0.0
1/23/20,0,0,0,0,0,0,0,0,0,0,0,0,0,0,0,0,0,0,0,0,0,0,0,0,0,0,0,0,0,0,0,0,0,0,0,0,0,0,0,0,0,0,0,0,0,0,0,0,0,0,0,0,0,0,0,0,0,0,0,0,0,0,0,0,0.0
1/24/20,0,0,0,0,0,0,0,0,0,0,0,0,0,0,0,0,0,0,0,0,0,0,0,0,0,0,0,0,0,0,0,0,0,0,0,0,0,0,0,0,0,0,0,0,0,0,0,0,0,0,0,0,0,0,0,0,0,0,0,0,0,0,0,0,0.0
1/25/20,0,0,0,0,0,0,0,0,0,0,0,0,0,0,0,0,0,0,0,0,0,0,0,0,0,0,0,0,0,0,0,0,0,0,0,0,0,0,0,0,0,0,0,0,0,0,0,0,0,0,0,0,0,0,0,0,0,0,0,0,0,0,0,0,0.0
1/26/20,0,0,0,0,0,0,0,0,0,0,0,0,0,0,0,0,0,0,0,0,0,0,0,0,0,0,0,0,0,0,0,0,0,0,0,0,0,0,0,0,0,0,0,0,0,0,0,0,0,0,0,0,0,0,0,0,0,0,0,0,0,0,0,0,0.0
1/27/20,0,0,0,0,0,0,0,0,0,0,0,0,0,0,0,0,0,0,0,0,0,0,0,0,0,0,0,0,0,0,0,0,0,0,0,0,0,0,0,0,0,0,0,0,0,0,0,0,0,0,0,0,0,0,0,0,0,0,0,0,0,0,0,0,0.0
1/28/20,0,0,0,0,0,0,0,0,0,0,0,0,0,0,0,0,0,0,0,0,0,0,0,0,0,0,0,0,0,0,0,0,0,0,0,0,0,0,0,0,0,0,0,0,0,0,0,0,0,0,0,0,0,0,0,0,0,0,0,0,0,0,0,0,0.0
1/29/20,0,0,0,0,0,0,0,0,0,0,0,0,0,0,0,0,0,0,0,0,0,0,0,0,0,0,0,0,0,0,0,0,0,0,0,0,0,0,0,0,0,0,0,0,0,0,0,0,0,0,0,0,0,0,0,0,0,0,0,0,0,0,0,0,0.0
1/30/20,0,0,0,0,0,0,0,0,0,0,0,0,0,0,0,0,0,0,0,0,0,0,0,0,0,0,0,0,0,0,0,0,0,0,0,0,0,0,0,0,0,0,0,0,0,0,0,0,0,0,0,0,0,0,0,0,0,0,0,0,0,0,0,0,0.0
1/31/20,0,0,0,0,0,0,0,0,0,0,0,0,0,0,0,0,0,0,0,0,0,0,0,0,0,0,0,0,0,0,0,0,0,0,0,0,0,0,0,0,0,0,0,0,0,0,0,0,0,0,0,0,0,0,0,0,0,0,0,0,0,0,0,0,0.0
2/1/20,0,0,0,0,0,0,0,0,0,0,0,0,0,0,0,0,0,0,0,0,0,0,0,0,0,0,0,0,0,0,0,0,0,0,0,0,0,0,0,0,0,0,0,0,0,0,0,0,0,0,0,0,0,0,0,0,0,0,0,0,0,0,0,0,0.0
2/2/20,0,0,0,0,0,0,0,0,0,0,0,0,0,0,0,0,0,0,0,0,0,0,0,0,0,0,0,0,0,0,0,0,0,0,0,0,0,0,0,0,0,0,0,0,0,0,0,0,0,0,0,0,0,0,0,0,0,0,0,0,0,0,0,0,0.0
2/3/20,0,0,0,0,0,0,0,0,0,0,0,0,0,0,0,0,0,0,0,0,0,0,0,0,0,0,0,0,0,0,0,0,0,0,0,0,0,0,0,0,0,0,0,0,0,0,0,0,0,0,0,0,0,0,0,0,0,0,0,0,0,0,0,0,0.0
2/4/20,0,0,0,0,0,0,0,0,0,0,0,0,0,0,0,0,0,0,0,0,0,0,0,0,0,0,0,0,0,0,0,0,0,0,0,0,0,0,0,0,0,0,0,0,0,0,0,0,0,0,0,0,0,0,0,0,0,0,0,0,0,0,0,0,0.0
2/5/20,0,0,0,0,0,0,0,0,0,0,0,0,0,0,0,0,0,0,0,0,0,0,0,0,0,0,0,0,0,0,0,0,0,0,0,0,0,0,0,0,0,0,0,0,0,0,0,0,0,0,0,0,0,0,0,0,0,0,0,0,0,0,0,0,0.0
2/6/20,0,0,0,0,0,0,0,0,0,0,0,0,0,0,0,0,0,0,0,0,0,0,0,0,0,0,0,0,0,0,0,0,0,0,0,0,0,0,0,0,0,0,0,0,0,0,0,0,0,0,0,0,0,0,0,0,0,0,0,0,0,0,0,0,0.0
2/7/20,0,0,0,0,0,0,0,0,0,0,0,0,0,0,0,0,0,0,0,0,0,0,0,0,0,0,0,0,0,0,0,0,0,0,0,0,0,0,0,0,0,0,0,0,0,0,0,0,0,0,0,0,0,0,0,0,0,0,0,0,0,0,0,0,0.0
2/8/20,0,0,0,0,0,0,0,0,0,0,0,0,0,0,0,0,0,0,0,0,0,0,0,0,0,0,0,0,0,0,0,0,0,0,0,0,0,0,0,0,0,0,0,0,0,0,0,0,0,0,0,0,0,0,0,0,0,0,0,0,0,0,0,0,0.0
2/9/20,0,0,0,0,0,0,0,0,0,0,0,0,0,0,0,0,0,0,0,0,0,0,0,0,0,0,0,0,0,0,0,0,0,0,0,0,0,0,0,0,0,0,0,0,0,0,0,0,0,0,0,0,0,0,0,0,0,0,0,0,0,0,0,0,0.0
2/10/20,0,0,0,0,0,0,0,0,0,0,0,0,0,0,0,0,0,0,0,0,0,0,0,0,0,0,0,0,0,0,0,0,0,0,0,0,0,0,0,0,0,0,0,0,0,0,0,0,0,0,0,0,0,0,0,0,0,0,0,0,0,0,0,0,0.0
2/11/20,0,0,0,0,0,0,0,0,0,0,0,0,0,0,0,0,0,0,0,0,0,0,0,0,0,0,0,0,0,0,0,0,0,0,0,0,0,0,0,0,0,0,0,0,0,0,0,0,0,0,0,0,0,0,0,0,0,0,0,0,0,0,0,0,0.0
2/12/20,0,0,0,0,0,0,0,0,0,0,0,0,0,0,0,0,0,0,0,0,0,0,0,0,0,0,0,0,0,0,0,0,0,0,0,0,0,0,0,0,0,0,0,0,0,0,0,0,0,0,0,0,0,0,0,0,0,0,0,0,0,0,0,0,0.0
2/13/20,0,0,0,0,0,0,0,0,0,0,0,0,0,0,0,0,0,0,0,0,0,0,0,0,0,0,0,0,0,0,0,0,0,0,0,0,0,0,0,0,0,0,0,0,0,0,0,0,0,0,0,0,0,0,0,0,0,0,0,0,0,0,0,0,0.0
2/14/20,0,0,0,0,0,0,0,0,0,0,0,0,0,0,0,0,0,0,0,0,0,0,0,0,0,0,0,0,0,0,0,0,0,0,0,0,0,0,0,0,0,0,0,0,0,0,0,0,0,0,0,0,0,0,0,0,0,0,0,0,0,0,0,0,0.0
2/15/20,0,0,0,0,0,0,0,0,0,0,0,0,0,0,0,0,0,0,0,0,0,0,0,0,0,0,0,0,0,0,0,0,0,0,0,0,0,0,0,0,0,0,0,0,0,0,0,0,0,0,0,0,0,0,0,0,0,0,0,0,0,0,0,0,0.0
2/16/20,0,0,0,0,0,0,0,0,0,0,0,0,0,0,0,0,0,0,0,0,0,0,0,0,0,0,0,0,0,0,0,0,0,0,0,0,0,0,0,0,0,0,0,0,0,0,0,0,0,0,0,0,0,0,0,0,0,0,0,0,0,0,0,0,0.0
2/17/20,0,0,0,0,0,0,0,0,0,0,0,0,0,0,0,0,0,0,0,0,0,0,0,0,0,0,0,0,0,0,0,0,0,0,0,0,0,0,0,0,0,0,0,0,0,0,0,0,0,0,0,0,0,0,0,0,0,0,0,0,0,0,0,0,0.0
2/18/20,0,0,0,0,0,0,0,0,0,0,0,0,0,0,0,0,0,0,0,0,0,0,0,0,0,0,0,0,0,0,0,0,0,0,0,0,0,0,0,0,0,0,0,0,0,0,0,0,0,0,0,0,0,0,0,0,0,0,0,0,0,0,0,0,0.0
2/19/20,0,0,0,0,0,0,0,0,0,0,0,0,0,0,0,0,0,0,0,0,0,0,0,0,0,0,0,0,0,0,0,0,0,0,0,0,0,0,0,0,0,0,0,0,0,0,0,0,0,0,0,0,0,0,0,0,0,0,0,0,0,0,0,0,0.0
2/20/20,0,0,0,0,0,0,0,0,0,0,0,0,0,0,0,0,0,0,0,0,0,0,0,0,0,0,0,0,0,0,0,0,0,0,0,0,0,0,0,0,0,0,0,0,0,0,0,0,0,0,0,0,0,0,0,0,0,0,0,0,0,0,0,0,0.0
2/21/20,0,0,0,0,0,0,0,0,0,0,0,0,0,0,0,0,0,0,0,0,0,0,0,0,0,0,0,0,0,0,0,0,0,0,0,0,0,0,0,0,0,0,0,0,0,0,0,0,0,0,0,0,0,0,0,0,0,0,0,0,0,0,0,0,0.0
2/22/20,0,0,0,0,0,0,0,0,0,0,0,0,0,0,0,0,0,0,0,0,0,0,0,0,0,0,0,0,0,0,0,0,0,0,0,0,0,0,0,0,0,0,0,0,0,0,0,0,0,0,0,0,0,0,0,0,0,0,0,0,0,0,0,0,0.0
2/23/20,0,0,0,0,0,0,0,0,0,0,0,0,0,0,0,0,0,0,0,0,0,0,0,0,0,0,0,0,0,0,0,0,0,0,0,0,0,0,0,0,0,0,0,0,0,0,0,0,0,0,0,0,0,0,0,0,0,0,0,0,0,0,0,0,0.0
2/24/20,0,0,0,0,0,0,0,0,0,0,0,0,0,0,0,0,0,0,0,0,0,0,0,0,0,0,0,0,0,0,0,0,0,0,0,0,0,0,0,0,0,0,0,0,0,0,0,0,0,0,0,0,0,0,0,0,0,0,0,0,0,0,0,0,0.0
2/25/20,0,0,0,0,0,0,0,0,0,0,0,0,0,0,0,0,0,0,0,0,0,0,0,0,0,0,0,0,0,0,0,0,0,0,0,0,0,0,0,0,0,0,0,0,0,0,0,0,0,0,0,0,0,0,0,0,0,0,0,0,0,0,0,0,0.0
2/26/20,0,0,0,0,0,0,0,0,0,0,0,0,0,0,0,0,0,0,0,0,0,0,0,0,0,0,0,0,0,0,0,0,0,0,0,0,0,0,0,0,0,0,0,0,0,0,0,0,0,0,0,0,0,0,0,0,0,0,0,0,0,0,0,0,0.0
2/27/20,0,0,0,0,0,0,0,0,0,0,0,0,0,0,0,0,0,0,0,0,0,0,0,0,0,0,0,0,0,0,0,0,0,0,0,0,0,0,0,0,0,0,0,0,0,0,0,0,0,0,0,0,0,0,0,0,0,0,0,0,0,0,0,0,0.0
2/28/20,0,0,0,0,0,0,0,0,0,0,0,0,0,0,0,0,0,0,0,0,0,0,0,0,0,0,0,0,0,0,0,0,0,0,0,0,0,0,0,0,0,0,0,0,0,0,0,0,0,0,0,0,0,0,0,0,0,0,0,0,0,0,0,0,0.0
2/29/20,0,0,0,0,0,0,0,0,0,0,0,0,0,0,0,0,0,0,0,0,0,0,0,0,0,0,0,0,0,0,0,0,0,0,0,0,0,0,0,0,0,0,0,0,0,0,0,0,0,0,0,0,0,0,0,0,0,0,0,0,0,0,0,0,0.0
3/1/20,0,0,0,0,0,0,0,0,0,0,0,0,0,0,0,0,0,0,0,0,0,0,0,0,0,0,0,0,0,0,0,0,0,0,0,0,0,0,0,0,0,0,0,0,0,0,0,0,0,0,0,0,0,0,0,0,0,0,0,0,0,0,0,0,0.0
3/2/20,0,0,0,0,0,0,0,0,0,0,0,0,0,0,0,0,0,0,0,0,0,0,0,0,0,0,0,0,0,0,0,0,0,0,0,0,0,0,0,0,0,0,0,0,0,0,0,0,0,0,0,0,0,0,0,0,0,0,0,0,0,0,0,0,0.0
3/3/20,0,0,0,0,0,0,0,0,0,0,0,0,0,0,0,0,0,0,0,0,0,0,0,0,0,0,0,0,0,0,0,0,0,0,0,0,0,0,0,0,0,0,0,0,0,0,0,0,0,0,0,0,0,0,0,0,0,0,0,0,0,0,0,0,0.0
3/4/20,0,0,0,0,0,0,0,0,0,0,0,0,0,0,0,0,0,0,0,0,0,0,0,0,0,0,0,0,0,0,0,0,0,0,0,0,0,0,0,0,0,0,0,0,0,0,0,0,0,0,0,0,0,0,0,0,0,0,0,0,0,0,0,0,0.0
3/5/20,0,0,0,0,0,0,0,0,0,0,0,0,0,0,0,0,0,0,0,0,0,0,0,0,0,0,0,0,0,0,0,0,0,0,0,0,0,0,0,0,0,0,0,0,0,0,0,0,0,0,0,0,0,0,0,0,0,0,0,0,0,0,0,0,0.0
3/6/20,0,0,0,0,0,0,0,0,0,0,0,0,0,0,0,0,0,0,0,0,0,0,0,0,0,0,0,0,0,0,0,0,0,0,0,0,0,0,0,0,0,0,0,0,0,0,0,0,0,0,0,0,0,0,0,0,0,0,0,0,0,0,0,0,0.0
3/7/20,0,0,0,0,0,0,0,0,0,0,0,0,0,0,0,0,0,0,0,0,0,0,0,0,0,0,0,0,0,0,0,0,0,0,0,0,0,0,0,0,0,0,0,0,0,0,0,0,0,0,0,0,0,0,0,0,0,0,0,0,0,0,0,0,0.0
3/8/20,0,0,0,0,0,0,0,0,0,0,0,0,0,0,0,0,0,0,0,0,0,0,0,0,0,0,0,0,0,0,0,0,0,0,0,0,0,0,0,0,0,0,0,0,0,0,0,0,0,0,0,0,0,0,0,0,0,0,0,0,0,0,0,0,0.0
3/9/20,0,0,0,0,0,0,0,0,0,0,0,0,0,0,0,0,0,0,0,0,0,0,0,0,0,0,0,0,0,0,0,0,0,0,0,0,0,0,0,0,0,0,0,0,0,0,0,0,0,0,0,0,0,0,0,0,0,0,0,0,0,0,0,0,0.0
3/10/20,0,0,0,0,0,0,0,0,0,0,0,0,0,0,0,0,0,0,0,0,0,0,0,0,0,0,0,0,0,0,0,0,0,0,0,0,0,0,0,0,0,0,0,0,0,0,0,0,0,0,0,0,0,0,0,0,0,0,0,0,0,0,0,0,0.0
3/11/20,0,0,0,0,0,0,0,0,0,0,0,0,0,0,0,0,0,0,0,0,0,0,0,0,0,0,0,0,0,0,0,0,0,0,0,5,0,0,0,0,0,0,0,0,0,0,0,0,0,0,0,0,0,0,0,0,0,0,0,0,0,0,0,0,5.0
3/12/20,0,0,0,0,0,0,0,0,1,0,0,0,0,0,0,0,0,0,0,0,0,0,1,0,0,2,0,0,0,0,0,0,0,0,0,14,0,0,0,0,0,0,0,0,0,0,0,0,0,0,0,1,0,0,0,0,0,0,0,0,0,0,0,0,19.0
3/13/20,0,0,0,0,0,0,0,0,1,0,0,0,0,0,0,0,0,0,0,0,0,0,0,0,0,0,0,0,0,0,0,0,0,0,0,26,0,0,0,0,0,0,0,0,0,0,0,0,0,0,0,2,0,0,0,0,0,0,0,0,0,0,0,0,29.0
3/14/20,0,0,0,0,0,0,0,1,1,0,0,0,0,0,0,0,0,0,0,0,0,0,0,0,0,11,0,0,0,1,0,0,0,0,0,53,0,0,0,0,0,0,0,0,2,0,0,1,0,0,0,2,0,0,1,0,0,0,0,0,0,0,0,0,73.0
3/15/20,0,0,0,0,0,0,0,1,1,0,0,0,0,0,0,0,0,0,0,0,0,0,0,0,0,12,0,0,0,1,0,0,0,0,0,66,0,0,0,0,0,0,0,0,2,0,0,1,0,0,0,2,0,0,1,0,0,0,0,0,0,0,0,0,87.0
3/16/20,0,0,1,0,0,0,0,1,3,0,0,0,0,0,0,0,0,0,0,0,0,0,0,0,0,16,0,0,0,2,0,0,0,0,0,79,0,0,0,0,0,0,0,1,3,0,0,1,0,0,0,5,0,0,3,0,0,0,0,0,0,0,0,0,115.0
3/17/20,0,0,1,0,0,0,0,1,4,0,0,0,0,0,0,0,1,0,0,0,0,0,0,0,0,35,0,0,0,2,0,0,0,0,0,136,0,0,0,0,0,0,0,2,3,0,0,1,0,0,0,6,0,0,3,0,0,0,1,0,0,0,0,0,196.0
3/18/20,0,0,1,0,0,0,0,1,5,0,0,0,0,0,0,0,2,0,0,0,0,0,0,0,0,40,0,0,0,3,0,0,0,0,0,187,0,0,0,0,0,0,0,2,3,0,0,1,0,0,0,8,0,0,3,0,0,0,1,0,0,0,0,0,257.0
3/19/20,0,0,2,0,0,0,0,2,7,0,0,0,0,0,0,0,5,0,0,0,0,0,0,0,0,62,0,0,2,4,0,0,0,0,0,231,0,1,0,0,0,0,0,4,4,0,1,2,0,0,0,10,0,0,4,0,0,0,2,0,1,0,0,0,344.0
3/20/20,0,0,3,1,0,0,0,5,12,3,0,0,1,0,0,2,7,0,0,0,0,0,2,1,0,104,0,0,6,5,0,1,0,0,0,326,0,1,0,3,0,0,0,5,7,0,1,6,2,0,0,12,1,0,7,0,0,0,2,1,3,0,0,0,530.0
3/21/20,0,0,12,1,1,1,1,5,15,4,0,0,1,1,0,2,18,0,0,2,0,0,2,2,0,166,0,0,6,11,0,2,0,0,0,418,2,4,0,2,0,0,0,12,7,0,1,9,3,0,1,22,3,0,11,0,0,0,2,1,3,0,0,0,754.0
3/22/20,0,0,12,1,1,1,1,5,15,4,0,0,1,1,0,2,18,0,0,2,0,0,2,2,0,166,0,0,6,11,0,2,0,0,0,451,2,4,0,2,0,0,0,12,7,0,1,9,3,0,1,22,3,0,11,0,0,0,2,1,3,0,0,0,787.0
3/23/20,1,2,26,1,1,1,1,12,34,4,0,0,1,2,0,5,43,0,0,2,0,1,3,10,0,252,0,0,9,15,2,5,0,0,2,567,9,8,0,8,0,2,0,15,15,0,8,16,3,0,1,47,3,0,14,0,0,0,2,3,5,0,0,0,1161.0
3/24/20,2,2,36,2,3,2,1,12,40,5,0,0,1,2,0,6,58,0,0,2,0,1,2,14,0,293,0,0,12,16,2,6,0,0,2,675,7,8,0,10,0,1,0,19,15,0,9,21,3,1,2,52,4,0,14,0,0,2,3,3,5,0,0,0,1376.0
3/25/20,2,2,65,2,5,3,1,25,93,11,0,0,1,2,0,8,75,0,0,2,0,1,2,14,1,359,1,0,20,18,2,6,0,1,2,827,10,9,0,14,0,1,0,23,17,0,14,27,4,1,5,67,5,0,15,2,0,2,4,5,7,0,0,1,1784.0
3/26/20,3,5,91,5,7,3,1,32,115,15,0,0,1,2,0,11,105,0,4,2,0,1,3,17,1,458,1,0,30,28,3,11,1,3,2,997,19,13,1,25,0,1,0,28,22,0,29,38,5,2,5,89,7,0,21,2,1,2,6,8,8,0,0,1,2291.0
3/27/20,8,5,90,8,10,4,1,37,140,22,0,0,1,3,0,13,124,0,5,4,0,1,4,20,3,548,1,0,44,30,7,11,1,2,2,1170,25,16,1,26,0,2,0,31,23,0,40,41,10,10,6,111,7,0,23,4,2,2,8,9,11,0,0,1,2728.0
3/28/20,9,7,107,8,12,4,3,45,189,28,0,0,1,4,0,21,153,1,6,4,4,1,9,21,2,744,1,2,48,34,6,12,1,2,2,1298,34,19,2,37,0,2,0,43,30,0,48,54,10,13,7,134,10,0,26,7,3,2,10,9,12,0,4,1,3306.0
3/29/20,9,9,139,14,13,4,3,56,219,35,1,0,1,4,0,25,164,1,8,4,4,2,11,22,2,761,2,2,50,36,7,15,1,2,2,1350,41,20,2,41,1,2,1,45,31,0,55,57,10,13,7,138,10,0,29,9,2,2,12,9,12,0,4,1,3532.0
3/30/20,11,11,153,17,14,5,5,57,222,42,1,0,3,4,0,28,188,1,8,8,5,2,18,28,2,838,3,2,82,51,8,16,1,2,2,1480,44,22,2,44,1,2,1,53,36,0,65,75,15,20,10,186,18,0,34,9,3,3,22,11,12,0,4,1,4011.0
3/31/20,39,15,161,20,19,5,6,63,242,65,0,0,3,8,3,30,228,1,9,10,5,2,36,35,3,1193,5,2,118,74,12,23,1,2,2,1834,57,37,7,58,1,2,2,71,71,1,77,104,31,32,22,220,25,0,40,9,8,3,28,17,13,0,4,1,5215.0
4/1/20,47,19,189,25,31,8,6,75,298,90,0,0,3,10,5,39,244,1,10,11,5,3,49,36,4,1433,9,2,159,105,13,25,1,2,2,2270,80,47,7,69,1,3,3,94,82,1,86,118,45,41,26,270,33,0,55,11,10,6,39,17,14,0,8,1,6396.0
4/2/20,61,26,201,31,34,10,8,87,336,108,0,0,5,11,8,42,325,1,14,16,5,5,67,69,4,2178,13,2,247,158,13,33,1,4,4,3148,94,68,12,77,1,4,4,181,180,1,110,274,56,58,42,399,42,0,97,13,16,7,50,19,19,0,10,2,9111.0
4/3/20,72,34,222,33,37,13,9,95,377,119,1,0,6,18,10,46,389,1,19,18,10,5,78,81,4,2495,14,2,276,185,17,40,1,7,6,3476,114,75,13,81,2,4,4,196,210,1,116,290,68,69,47,435,55,0,102,17,18,8,57,23,23,0,11,2,10257.0
4/4/20,65,39,284,56,36,15,10,126,598,135,3,0,9,20,5,71,621,1,22,19,19,9,68,119,1,3008,9,4,229,217,17,64,1,9,15,3966,176,86,16,97,2,9,4,239,252,4,150,338,45,64,65,532,131,0,143,19,15,11,75,42,40,0,18,2,12465.0
4/5/20,75,40,286,59,37,19,12,133,647,139,10,0,9,23,5,80,656,1,27,19,25,8,69,122,1,3088,13,4,247,228,18,67,1,10,14,4066,182,92,17,100,2,10,5,242,260,5,155,345,47,77,67,560,171,0,148,19,16,10,81,49,40,0,19,2,12979.0
4/6/20,79,52,347,77,40,23,14,139,711,159,11,0,12,30,9,82,816,1,39,23,28,10,83,136,4,3530,21,6,260,305,19,79,1,15,22,4565,230,100,24,110,2,11,7,267,285,8,167,366,52,90,73,637,186,0,182,26,17,10,92,51,45,1,30,2,14819.0
4/7/20,82,58,358,84,45,23,17,146,756,186,13,1,13,30,11,89,892,1,39,23,28,10,89,160,5,3922,25,6,272,322,22,94,2,20,24,4942,264,115,26,129,2,13,7,289,310,10,176,415,60,101,76,700,238,0,194,33,19,11,100,50,52,1,31,3,16235.0
4/8/20,86,65,366,89,48,23,17,159,803,191,14,1,14,33,12,91,935,1,39,25,30,10,97,171,5,4092,28,8,285,355,24,99,2,23,25,5070,275,123,27,135,3,13,7,304,328,10,181,432,86,112,81,733,269,0,209,35,22,11,106,51,54,1,32,5,16981.0
4/9/20,89,66,370,94,56,26,24,171,906,209,18,1,17,38,13,101,1000,1,59,31,37,10,108,187,7,4480,30,9,303,393,28,103,2,24,27,5242,300,129,32,148,5,16,8,325,362,11,191,477,90,127,89,777,283,0,233,39,22,11,119,55,57,1,38,7,18232.0
4/10/20,94,67,397,105,56,27,27,175,950,228,18,1,18,40,16,107,1088,1,65,35,40,11,121,198,8,4678,32,9,330,426,33,107,2,27,33,5416,326,130,38,156,7,18,8,343,376,11,194,507,103,140,100,825,305,0,244,41,22,13,136,57,61,3,41,8,19199.0
4/11/20,98,71,415,109,61,27,30,178,974,248,18,2,20,41,17,114,1158,1,67,34,47,11,128,214,8,4877,35,10,337,454,37,109,2,31,33,5535,350,136,40,159,9,19,8,358,401,13,197,538,109,146,105,845,318,1,248,45,24,14,142,60,66,4,45,9,19960.0
4/12/20,99,73,428,116,61,27,33,186,1018,259,18,2,21,41,18,124,1223,1,71,36,48,11,136,232,8,4990,44,11,354,468,39,120,2,31,41,5600,367,137,43,165,11,19,9,361,404,13,204,545,113,157,113,864,344,1,255,47,26,14,147,62,68,4,46,12,20541.0
4/13/20,101,74,432,120,64,28,37,188,1033,268,18,2,21,41,19,125,1273,1,73,38,49,12,142,241,8,5088,47,13,360,481,39,122,2,32,41,5651,384,140,47,168,12,20,9,369,410,14,207,556,114,162,127,881,352,1,260,48,26,14,156,65,72,4,46,12,20960.0
4/14/20,104,74,438,123,65,28,37,207,1097,273,18,2,21,41,19,130,1295,1,77,39,49,12,148,253,9,5188,47,13,363,486,42,129,2,32,42,5718,387,142,49,175,13,20,10,377,460,14,208,562,115,168,129,898,391,1,265,50,27,14,162,65,76,4,46,12,21462.0
4/15/20,105,74,440,129,64,30,42,211,1118,282,18,2,22,44,21,134,1325,1,81,40,53,12,159,256,11,5265,48,13,375,499,41,133,2,32,42,5769,411,147,53,179,13,21,10,383,476,14,210,569,116,174,130,924,418,1,273,56,27,14,173,69,78,4,47,12,21895.0
4/16/20,108,78,451,132,66,33,45,220,1154,300,19,2,23,47,21,140,1389,1,84,41,58,12,164,258,12,5346,48,13,387,528,43,136,2,34,45,5847,429,149,60,192,15,22,11,388,486,17,214,609,118,179,134,944,422,1,283,67,28,14,179,71,81,4,55,17,22476.0
4/17/20,110,79,468,137,68,35,58,230,1220,309,19,2,23,48,23,145,1424,1,90,42,67,12,175,267,14,5476,52,13,396,542,47,142,4,34,50,5906,470,152,62,196,18,27,13,404,471,18,216,623,119,184,137,961,435,1,293,71,28,14,184,74,83,4,60,16,23062.0
4/18/20,110,79,496,143,68,35,65,230,1244,309,15,2,23,50,25,152,1476,1,90,43,78,12,176,270,14,5543,53,13,414,560,49,144,4,35,53,5953,483,156,64,201,19,27,13,409,487,19,217,637,133,187,143,987,440,1,310,75,30,14,188,76,86,4,74,16,23523.0
4/19/20,110,79,508,146,69,35,66,233,1261,323,15,3,24,50,26,156,1512,1,93,43,81,12,184,274,14,5592,55,13,419,566,49,148,4,37,57,6000,511,157,69,210,20,33,13,411,488,19,218,642,134,190,149,1011,442,1,320,78,30,14,191,76,88,4,74,19,23870.0
4/20/20,114,79,512,146,69,36,66,233,1276,324,15,3,24,50,26,158,1534,1,95,43,83,12,194,282,15,5761,55,14,423,573,51,149,4,38,58,6148,518,164,71,210,21,34,13,423,508,20,222,669,136,193,156,1057,452,1,342,79,33,14,195,78,90,4,78,19,24464.0
4/21/20,114,79,515,151,69,36,66,241,1310,334,15,3,24,50,26,168,1560,1,101,43,87,12,195,281,15,5802,57,14,429,576,52,158,4,39,58,6169,532,164,80,213,21,38,14,428,516,21,228,686,136,193,160,1067,489,1,346,82,33,14,206,79,90,4,81,19,24795.0
4/22/20,117,80,533,154,71,36,69,246,1332,341,15,3,24,50,27,171,1603,5,102,44,95,12,217,297,16,5860,57,15,435,583,58,161,5,41,62,6209,552,164,84,217,22,42,14,430,522,22,231,704,140,202,162,1079,494,1,350,85,33,14,214,79,90,4,82,19,25198.0
4/23/20,117,81,536,158,71,35,69,255,1389,352,17,3,24,50,27,176,1636,5,106,44,108,11,228,299,21,5929,57,15,439,603,62,165,5,45,62,6263,579,165,86,220,22,45,13,435,529,23,235,721,154,210,168,1111,501,1,357,89,33,14,225,81,90,4,84,19,25677.0
4/24/20,129,81,551,166,69,35,69,258,1407,356,17,3,25,52,28,180,1697,6,105,44,108,11,231,339,22,5985,57,17,440,607,64,172,5,46,65,6286,598,166,88,228,22,47,13,440,536,23,237,736,157,218,171,1131,508,1,363,95,33,15,232,80,93,4,89,20,26077.0
4/25/20,130,82,557,172,69,35,70,265,1432,360,17,3,25,52,30,184,1720,6,107,45,113,11,240,433,25,6007,59,18,442,610,69,177,7,46,73,6297,609,168,89,239,22,48,13,443,540,27,237,747,163,219,178,1138,526,1,366,102,34,16,241,82,92,4,97,20,26449.0
4/26/20,130,82,568,173,69,35,72,270,1448,363,17,3,25,52,30,185,1739,6,108,45,116,11,243,433,25,6059,59,19,443,624,72,182,7,46,73,6342,622,168,89,247,22,48,13,446,542,27,239,749,163,221,179,1162,528,1,371,102,34,16,245,83,91,4,103,20,26709.0
4/27/20,130,87,574,175,69,36,73,274,1470,369,17,3,25,52,31,187,1771,6,116,45,119,12,245,442,30,6104,61,21,443,632,79,183,7,48,77,6365,645,168,94,249,22,52,13,449,549,27,239,751,167,223,181,1172,535,1,375,103,35,16,253,83,94,4,104,22,27004.0
4/28/20,130,90,576,177,71,37,73,277,1497,377,17,3,25,53,32,189,1787,8,118,46,121,12,247,443,30,6135,61,21,446,635,80,185,7,48,77,6380,651,168,98,255,23,53,16,452,554,28,240,758,170,226,182,1184,540,1,382,108,35,16,256,85,94,4,109,26,27225.0
4/29/20,130,90,587,178,71,37,74,285,1525,386,18,3,35,54,36,191,1830,8,119,49,123,12,248,448,34,6173,62,22,451,651,83,190,7,51,79,6420,671,172,98,259,24,56,16,461,563,28,243,765,172,228,185,1205,549,1,389,114,35,16,261,85,96,4,111,32,27599.0
4/30/20,130,90,593,182,71,39,77,286,1540,389,18,3,36,59,38,190,1874,9,122,49,125,13,257,450,34,6197,62,23,455,651,85,197,7,52,84,6452,706,177,99,265,25,58,17,464,570,28,246,768,180,232,191,1220,553,1,437,117,35,16,262,85,98,4,115,32,27940.0
5/1/20,133,90,627,189,73,42,77,287,1579,437,20,3,40,59,39,194,1989,9,128,51,130,14,261,459,40,6305,63,26,463,661,85,229,7,52,86,6495,730,179,104,270,29,66,17,469,573,28,247,771,181,241,193,1270,565,1,450,125,37,16,273,92,108,4,129,38,28648.0
5/2/20,133,90,636,194,72,42,76,292,1601,449,20,3,44,59,39,198,2054,9,128,59,131,15,265,472,40,6362,64,26,464,666,88,235,8,54,87,6524,755,180,101,273,32,73,17,474,577,30,247,772,185,244,199,1321,584,2,456,131,38,16,282,92,110,4,142,41,29077.0
5/3/20,134,90,644,197,74,43,76,295,1610,455,31,3,45,58,39,198,2086,9,129,59,131,15,267,476,42,6388,64,26,466,669,90,238,8,55,87,6538,770,180,103,281,32,74,17,475,582,30,250,772,186,244,205,1325,584,2,459,135,38,16,285,92,110,4,149,42,29277.0
5/4/20,134,90,647,201,74,43,78,300,1629,464,39,3,46,58,40,202,2131,8,130,60,139,17,270,482,47,6426,65,27,468,681,94,243,8,55,90,6557,785,181,108,300,33,82,17,480,584,31,253,777,191,244,209,1341,588,2,466,143,38,16,291,92,111,4,153,44,29610.0
5/5/20,136,90,657,202,73,43,78,300,1639,470,40,3,46,58,41,202,2175,9,131,63,140,17,274,484,48,6491,65,27,473,686,96,247,8,55,90,6575,793,181,114,308,34,84,17,502,589,32,254,782,198,247,212,1369,605,2,469,144,40,17,292,95,115,4,156,46,29933.0
5/6/20,140,90,664,203,74,44,78,303,1667,475,41,3,46,58,42,205,2224,11,132,63,146,17,278,489,56,6554,66,29,477,692,99,266,8,55,91,6608,806,183,117,316,34,86,17,505,590,32,256,790,202,252,215,1406,631,2,476,148,40,17,298,96,118,4,158,47,30336.0
5/7/20,142,90,672,206,74,44,78,307,1690,478,41,3,46,58,42,207,2256,14,132,64,145,17,281,492,57,6588,66,30,479,693,101,268,8,57,91,6626,814,185,120,316,34,91,17,508,594,32,256,791,203,254,222,1415,635,3,499,151,40,17,308,97,118,4,174,48,30589.0
5/8/20,142,90,675,206,74,44,77,308,1712,481,47,3,59,58,43,208,2284,15,133,67,146,17,283,493,58,6610,66,31,481,698,103,268,8,57,92,6645,820,185,125,338,34,95,17,508,593,32,257,791,204,255,224,1416,645,3,501,153,40,17,312,97,119,4,176,49,30792.0
5/9/20,151,90,689,208,74,46,77,310,1743,490,48,3,83,59,43,213,2348,17,136,67,188,18,285,495,59,6679,67,33,498,706,106,277,12,60,98,6674,836,189,126,351,36,99,17,512,593,35,257,801,211,257,242,1447,652,6,523,162,41,18,335,97,122,4,183,51,31353.0
5/10/20,148,90,694,228,74,46,77,310,1751,493,48,3,85,59,43,214,2374,17,135,67,206,18,285,499,64,6709,67,33,501,711,106,278,12,62,100,6682,842,190,126,362,36,100,17,513,594,35,257,801,215,257,245,1452,654,6,523,165,41,18,337,98,123,4,184,52,31536.0
5/11/20,152,90,695,228,75,46,77,312,1765,496,48,3,85,59,43,215,2398,23,136,67,208,18,286,501,67,6755,68,33,508,713,107,281,13,65,100,6693,842,190,136,370,36,103,19,514,595,35,256,801,214,260,250,1463,670,6,528,169,41,18,342,100,123,5,184,52,31751.0
5/12/20,152,90,701,230,76,46,77,313,1784,496,48,3,86,59,43,215,2445,24,140,68,208,18,287,504,67,6789,68,33,512,715,107,283,14,67,100,6718,856,191,138,376,36,103,19,515,596,38,256,804,215,264,251,1477,679,6,533,171,41,18,347,101,124,5,186,54,31986.0
5/13/20,151,94,704,231,79,48,80,324,1800,505,48,3,103,59,51,221,2487,25,145,74,256,18,352,507,67,6833,69,35,537,716,115,293,14,87,100,6753,861,191,139,394,37,104,28,515,600,38,268,808,241,276,257,1492,687,6,542,227,42,19,350,112,124,5,187,64,32598.0
5/14/20,159,94,745,234,79,49,81,327,1818,507,48,3,103,59,54,223,2898,25,169,74,266,18,352,537,70,6860,69,35,541,719,116,343,18,89,102,6768,869,192,152,417,38,104,29,516,602,38,284,820,244,278,263,1511,696,6,550,231,42,19,356,112,150,6,181,66,33424.0
5/15/20,189,94,749,235,80,50,83,336,1846,513,48,3,103,59,55,225,2953,26,172,74,266,20,352,543,69,6897,70,36,543,724,122,347,24,92,102,6787,891,193,155,424,40,106,29,517,606,40,284,830,244,278,268,1520,707,6,557,238,43,19,357,112,150,11,184,76,33772.0
5/16/20,192,99,752,229,89,51,82,342,1864,514,50,3,104,58,56,218,3009,32,176,66,268,20,353,524,68,6982,69,37,578,738,119,344,24,85,101,6781,931,194,163,437,42,106,29,511,613,41,282,829,230,272,269,1528,719,5,567,236,44,20,363,113,148,12,184,80,34045.0
5/17/20,198,100,756,230,92,52,83,344,1877,517,50,3,106,58,57,222,3034,34,176,66,273,21,353,526,69,7039,69,40,590,742,121,348,24,91,101,6809,946,194,168,474,42,106,29,512,613,41,283,829,231,274,274,1539,729,5,585,242,44,20,365,113,148,13,186,84,34360.0
5/18/20,257,118,760,230,93,52,84,346,1898,520,50,3,106,58,57,224,3056,37,177,66,273,22,355,527,70,7059,70,40,598,744,121,350,24,93,103,6822,956,194,169,499,43,107,29,513,615,41,284,830,235,274,275,1544,732,5,590,243,45,21,370,117,148,18,188,89,34637.0
5/19/20,262,131,762,230,94,52,84,348,1912,521,50,3,106,58,57,226,3145,46,179,67,274,22,358,528,75,7095,71,40,605,750,122,356,27,93,103,6869,966,196,173,504,43,108,30,516,615,41,284,831,237,275,277,1559,742,5,591,245,45,21,375,119,148,19,190,90,34966.0
5/20/20,262,157,768,233,96,52,84,353,1939,521,50,3,106,58,57,228,3213,46,179,67,274,22,359,531,76,7128,71,40,607,753,122,358,33,94,103,6884,980,197,179,516,43,108,31,518,615,42,284,832,237,275,281,1572,752,5,594,245,45,21,376,119,149,19,192,90,35244.0
5/21/20,269,172,782,238,99,54,114,374,2272,548,51,3,112,58,68,235,3319,51,183,83,287,26,384,540,80,7175,72,45,631,763,130,363,43,108,141,6904,1032,197,181,591,44,113,39,521,618,43,289,838,244,287,288,1599,767,10,614,287,50,22,383,126,152,21,193,100,36426.0
5/22/20,289,182,785,238,101,56,136,380,2293,567,51,3,112,58,69,236,3370,62,184,87,287,26,388,541,82,7232,73,45,637,766,133,366,54,110,145,6944,1041,198,182,600,46,114,39,521,622,44,289,838,247,288,294,1609,767,10,623,287,50,23,383,126,154,33,194,112,36822.0
5/23/20,289,182,785,238,101,56,136,380,2293,567,51,3,112,58,69,236,3370,62,184,87,287,26,388,541,82,7232,73,45,637,766,133,366,54,110,145,6944,1041,198,182,600,46,114,39,521,622,44,289,838,247,288,294,1609,767,10,623,287,50,23,383,126,154,33,194,112,36822.0
5/24/20,291,182,786,238,104,56,137,382,2312,568,52,3,112,61,69,237,3386,65,187,165,288,26,388,546,83,7248,73,45,659,766,133,375,55,111,147,6953,1045,200,182,606,47,114,40,521,623,44,289,841,247,288,295,1618,784,10,628,287,50,23,389,136,154,33,196,112,37091.0
5/25/20,299,182,788,243,113,58,138,398,2343,572,52,3,112,61,73,239,3438,103,190,166,294,27,392,554,90,7298,74,47,674,775,135,391,69,117,152,7005,1102,200,186,654,48,119,40,529,625,49,292,845,248,289,302,1665,802,10,639,291,50,24,398,139,156,39,200,126,37732.0
5/26/20,395,184,792,245,115,58,138,398,2347,578,52,3,112,61,74,239,3462,111,190,75,297,27,393,556,96,7332,74,47,678,776,138,399,70,119,157,7021,1125,200,188,663,48,119,40,529,625,51,292,848,249,291,304,1678,810,10,641,295,51,24,400,139,157,41,205,145,37977.0
5/27/20,397,184,805,245,117,61,139,402,2427,581,52,3,112,62,86,241,3491,115,191,75,310,28,403,559,100,7394,75,48,689,781,142,403,77,121,157,7045,1150,201,189,679,48,124,41,531,631,51,293,849,252,292,308,1687,826,10,647,303,53,24,407,142,158,44,205,150,38413.0
5/28/20,401,184,810,248,120,61,139,406,2480,588,52,3,112,62,86,242,3526,118,192,75,311,28,404,563,100,7424,75,48,695,789,144,408,79,121,157,7067,1166,201,192,703,49,125,41,534,633,51,294,850,252,293,309,1703,831,10,653,306,53,25,410,143,159,56,205,153,38718.0
5/29/20,401,184,810,248,120,61,139,406,2480,588,52,3,112,62,86,242,3526,118,192,75,311,28,404,563,100,7424,75,48,695,789,144,408,79,121,157,7067,1166,201,192,703,49,125,41,534,633,51,294,850,252,293,309,1703,831,10,653,306,53,25,410,143,159,56,205,153,38718.0
5/30/20,412,184,817,251,125,66,144,412,2525,596,53,5,113,66,87,246,3591,138,194,78,314,28,407,564,106,7536,76,51,763,809,152,417,90,121,168,7108,1219,211,195,783,50,128,46,536,637,51,294,858,255,294,317,1724,854,11,667,313,53,25,419,147,161,61,208,163,39493.0
5/31/20,418,184,820,252,128,66,146,415,2562,599,54,6,113,66,87,247,3618,148,194,78,332,28,408,567,106,7584,76,51,768,821,157,422,97,122,169,7127,1248,211,197,790,50,135,46,536,638,51,294,860,257,298,319,1749,858,11,679,317,53,26,425,147,166,62,209,164,39832.0
6/1/20,422,184,827,252,130,69,147,416,2578,608,58,6,115,66,88,247,3666,159,197,78,376,29,410,577,106,7652,78,52,793,827,160,428,101,122,171,7141,1264,213,199,800,50,138,47,539,642,51,294,862,263,300,321,1764,868,12,686,324,55,26,433,147,175,64,211,173,40257.0
6/2/20,428,184,841,252,136,69,147,421,2609,611,60,6,114,66,88,249,3730,164,198,80,377,30,411,578,109,7711,78,53,803,867,160,440,105,122,172,7156,1289,215,205,810,50,139,47,544,645,51,294,864,266,300,323,1776,883,12,692,324,57,28,437,157,176,66,212,174,40661.0
6/3/20,446,185,852,252,141,81,149,425,2633,613,61,6,117,66,94,250,3773,165,198,81,377,30,418,579,110,7738,78,53,821,878,161,446,106,131,173,7174,1312,215,205,829,50,143,49,545,647,51,303,868,269,306,328,1790,891,16,709,331,58,28,444,163,176,68,215,178,41048.0
6/4/20,462,186,861,252,149,90,149,438,2676,621,65,8,119,66,94,260,3820,179,199,81,378,33,419,584,117,7763,84,56,834,882,163,453,116,132,173,7192,1346,217,207,850,51,148,50,546,647,52,303,872,272,311,331,1799,898,16,719,333,59,29,451,171,180,68,216,178,41474.0
6/5/20,467,186,865,253,151,99,151,450,2699,625,70,8,120,66,95,262,3874,184,199,81,383,34,422,588,120,7803,87,58,854,886,165,458,121,132,173,7206,1396,218,208,890,51,148,50,548,647,53,304,873,308,281,333,1823,916,20,724,343,59,31,457,175,180,68,220,182,41901.0
6/6/20,500,186,876,254,155,102,152,453,2713,632,71,9,120,66,96,262,3911,187,201,82,384,36,424,593,130,7831,89,59,866,896,169,460,199,133,175,7222,1432,218,212,926,51,149,51,549,649,55,304,875,309,285,337,1837,935,21,738,344,61,33,462,179,183,74,220,183,42366.0
6/7/20,502,186,882,257,161,101,153,463,2731,637,71,9,121,66,96,262,3949,195,201,84,386,44,424,596,131,7862,91,61,880,902,173,464,209,133,177,7230,1470,218,213,957,51,153,51,552,649,55,304,877,309,286,339,1846,944,21,744,348,61,34,465,182,185,84,222,186,42696.0
6/8/20,513,188,889,257,165,106,154,464,2737,642,72,9,121,68,96,263,3963,199,201,84,389,46,427,599,133,7885,93,63,897,909,175,468,214,134,177,7237,1500,218,214,975,51,156,51,555,649,55,304,877,311,288,339,1849,944,21,748,349,61,34,478,185,186,86,222,187,42930.0
6/9/20,517,189,900,258,175,114,157,473,2755,661,74,10,121,70,97,263,4023,205,207,85,390,48,428,603,139,7940,96,66,908,922,184,481,219,135,179,7247,1543,219,215,992,52,157,52,555,652,55,305,881,316,291,342,1863,965,21,756,366,61,39,489,195,192,90,224,190,43417.0
6/10/20,520,189,906,259,178,116,166,478,2784,673,76,10,123,71,97,263,4054,208,210,85,391,51,428,607,148,7971,102,67,931,928,193,484,221,136,180,7279,1592,220,217,1007,52,157,53,558,653,56,306,883,323,295,342,1872,973,21,761,375,62,39,500,203,195,99,225,194,43816.0
6/11/20,529,189,912,258,178,117,167,484,2794,684,76,11,123,72,97,266,4088,212,210,85,395,51,430,607,149,8032,106,68,957,937,196,495,249,138,182,7294,1631,222,217,1074,52,159,53,559,654,56,306,883,324,307,346,1885,984,21,771,383,65,39,509,204,197,99,225,195,44258.0
6/12/20,535,193,918,258,181,127,170,488,2803,701,76,11,124,73,97,269,4150,216,216,87,395,54,435,610,154,8091,114,72,988,945,202,514,251,138,188,7319,1679,223,217,1098,52,160,53,562,655,56,308,886,326,316,348,1906,1001,21,780,385,69,43,520,206,200,99,226,197,44755.0
6/13/20,577,210,931,263,184,134,172,494,2830,741,79,11,130,76,105,270,4197,222,225,89,415,58,459,610,158,8339,131,76,1140,968,227,525,261,153,191,7374,1744,228,218,1132,52,163,59,568,656,58,308,889,358,340,353,1931,1039,22,792,409,79,51,528,242,202,104,229,211,45990.0
6/14/20,583,222,935,269,185,134,173,502,2853,755,83,11,130,77,105,271,4226,235,226,89,415,59,461,610,158,8379,132,77,1148,973,235,526,270,158,191,7393,1782,228,218,1145,52,163,59,569,660,58,308,891,360,343,356,1942,1042,22,801,411,79,53,532,244,204,112,231,212,46326.0
6/15/20,597,226,948,274,188,136,175,510,2869,772,83,11,131,78,107,271,4284,243,227,91,424,61,465,615,162,8416,133,80,1202,983,241,546,286,161,194,7411,1813,228,221,1193,53,164,59,571,661,58,308,892,370,351,359,1954,1048,22,812,422,81,54,546,248,204,115,231,214,46853.0
6/16/20,604,230,957,276,188,136,176,513,2888,789,83,11,162,81,109,273,4301,243,229,93,425,61,476,617,169,8468,147,85,1243,999,248,561,287,165,195,7428,1832,228,223,1209,52,164,62,575,665,60,309,894,379,381,360,1962,1062,22,818,422,85,58,556,252,204,114,234,215,47313.0
6/17/20,625,243,962,282,193,139,183,528,2933,824,86,12,164,85,117,275,4357,244,231,100,439,61,501,618,173,8507,162,90,1302,1013,259,573,287,186,195,7459,1889,228,224,1229,52,167,63,580,667,60,313,904,393,441,363,1999,1082,22,826,435,99,67,560,331,205,115,239,215,48176.0
6/18/20,625,243,962,282,193,139,183,528,2933,824,86,12,164,85,117,275,4357,244,231,100,439,61,501,618,173,8507,162,90,1302,1013,259,573,287,186,195,7459,1889,228,224,1229,52,167,63,580,667,60,313,904,393,441,363,1999,1082,22,826,435,99,67,560,331,205,115,239,215,48176.0
6/19/20,639,223,961,324,200,147,196,643,2831,831,93,26,151,105,100,311,4218,260,263,120,412,76,459,662,186,8542,189,86,1310,998,269,638,289,182,190,7448,1881,234,218,1290,54,144,63,598,685,85,331,917,453,483,373,1966,1078,24,826,372,121,73,570,311,231,103,226,224,48512.0
6/20/20,646,224,989,327,204,155,198,654,2881,876,94,26,152,105,101,313,4332,308,268,123,414,76,465,664,189,8647,203,86,1364,1005,273,669,308,182,192,7491,1927,237,222,1312,54,148,60,598,688,86,333,919,462,509,378,2003,1112,24,839,375,130,74,579,316,232,105,226,225,49377.0
6/21/20,654,226,997,327,204,158,200,665,2905,888,95,27,152,106,101,316,4374,332,268,123,416,76,469,665,189,8681,208,86,1396,1010,274,683,317,186,192,7518,1960,239,222,1320,54,148,61,601,689,86,334,924,465,514,384,2017,1120,24,848,375,130,76,581,321,234,107,226,226,49770.0
6/22/20,669,228,1008,330,206,159,200,668,2920,921,97,28,153,106,102,318,4398,339,271,125,421,76,482,666,191,8741,240,86,1440,1027,274,690,320,188,192,7536,1980,239,224,1323,54,150,61,601,691,86,334,926,484,526,393,2043,1123,24,857,378,139,77,585,323,234,108,226,226,50231.0
6/23/20,705,256,1044,334,238,165,209,697,2953,971,99,35,154,108,105,320,4514,357,273,139,443,78,531,674,194,8888,247,87,1574,1034,281,751,320,213,193,7571,2022,244,225,1358,54,152,66,601,697,88,338,928,517,581,405,2096,1163,24,866,391,172,89,596,352,234,107,241,230,51592.0
6/24/20,726,257,1070,334,254,168,210,720,2995,1010,102,36,154,109,105,324,4637,381,276,140,447,81,535,677,202,9003,250,88,1654,1056,290,768,322,216,197,7610,2066,245,226,1408,54,155,66,601,699,88,338,930,530,586,410,2131,1184,24,874,395,175,91,607,361,239,111,241,230,52469.0
6/25/20,745,257,1094,334,277,173,210,751,3096,1061,102,36,157,110,105,327,4724,385,285,146,448,81,570,689,203,9074,283,88,1723,1064,294,794,324,218,213,7638,2125,248,229,1423,54,160,67,602,713,88,340,936,540,606,415,2166,1218,24,884,398,185,96,615,368,243,111,241,231,53405.0
6/26/20,783,274,1115,338,294,184,211,780,3161,1138,103,38,160,114,106,329,4833,425,288,168,455,82,610,692,206,9169,316,90,1862,1071,300,814,331,227,231,7681,2199,252,231,1453,56,168,76,605,726,89,345,939,578,638,426,2211,1248,24,931,405,220,107,625,391,243,114,241,238,54758.0
6/27/20,783,274,1115,338,294,184,211,780,3161,1138,103,38,160,114,106,329,4833,425,288,168,455,82,610,692,206,9169,316,90,1862,1071,300,814,331,227,231,7681,2199,252,231,1453,56,168,76,605,726,89,345,939,578,638,426,2211,1248,24,931,405,220,107,625,391,243,114,241,238,54758.0
6/28/20,812,284,1146,343,308,191,220,825,3211,1205,103,40,188,114,107,336,4963,427,298,173,464,82,636,699,209,9342,328,91,1972,1097,312,846,347,236,280,7760,2267,257,234,1498,60,175,77,607,736,89,349,952,605,661,443,2288,1273,24,988,412,229,111,647,402,248,115,242,241,56225.0
6/29/20,850,287,1157,351,309,193,220,836,3260,1257,104,40,190,116,110,341,5034,432,299,177,468,83,673,702,212,9403,339,96,2058,1119,314,860,352,237,280,7796,2331,260,237,1499,60,183,77,611,741,90,351,960,619,685,457,2327,1295,24,1011,417,238,116,663,409,252,118,242,242,57070.0
6/30/20,878,304,1171,352,319,201,227,875,3309,1300,104,46,190,120,111,348,5123,440,297,192,467,84,697,711,211,9489,349,97,2158,1149,323,903,356,235,280,7851,2392,261,245,1536,60,188,82,617,759,97,367,970,626,712,469,2308,1304,26,1030,422,251,138,678,418,258,124,246,242,58093.0
7/1/20,919,310,1213,357,341,214,227,906,3418,1729,105,53,190,120,111,349,5350,445,300,201,471,86,748,719,213,9637,370,97,2359,1177,329,983,362,239,295,7919,2474,270,256,1578,62,195,89,621,778,99,375,976,653,727,489,2371,1353,26,1068,433,265,153,691,423,264,134,246,244,60175.0
7/2/20,945,316,1246,364,375,228,230,947,3520,1852,105,54,192,122,113,357,5531,445,302,202,475,90,792,732,216,9712,399,99,2472,1201,338,1025,371,242,297,7960,2537,272,264,1597,62,202,90,629,780,103,377,982,672,750,514,2440,1394,26,1094,437,273,159,700,426,278,138,246,247,61556.0
7/3/20,968,321,1278,373,378,231,233,971,3598,2000,106,56,194,125,117,361,5684,444,308,216,483,93,844,740,219,9874,419,101,2645,1248,344,1102,383,248,319,8031,2591,273,274,1653,62,204,94,641,789,103,390,1000,716,779,550,2509,1462,26,1147,441,297,164,705,431,290,141,247,248,63282.0
7/4/20,968,321,1278,373,378,231,233,971,3598,2000,106,56,194,125,117,361,5684,444,308,216,483,93,844,740,219,9874,419,101,2645,1248,344,1102,383,248,319,8031,2591,273,274,1653,62,204,94,641,789,103,390,1000,716,779,550,2509,1462,26,1147,441,297,164,705,431,290,141,247,248,63282.0
7/5/20,1016,344,1331,381,386,247,233,1007,3706,2153,112,58,195,128,118,369,5874,445,310,228,501,94,902,752,221,10024,461,104,2800,1284,350,1156,393,250,327,8107,2667,278,289,1678,64,211,98,646,796,103,404,1011,763,824,576,2615,1513,26,1228,443,326,179,720,434,309,149,247,254,65218.0
7/6/20,1042,354,1358,383,390,259,234,1030,3740,2289,112,57,198,128,118,371,5978,447,310,234,501,94,978,754,221,10097,482,104,2917,1304,353,1181,393,251,330,8143,2694,280,296,1689,64,215,99,650,802,104,410,1015,797,846,600,2657,1541,27,1277,445,359,187,726,437,310,152,247,258,66319.0
7/7/20,1068,368,1412,390,402,269,244,1099,3835,2408,113,85,204,133,126,390,6231,446,329,247,502,103,995,759,220,10272,507,109,3000,1339,354,1267,393,254,334,8206,2730,288,308,1759,65,217,120,659,816,113,413,1024,850,897,616,2738,1624,28,1309,447,381,217,754,448,326,155,252,263,68230.0
7/8/20,1094,387,1441,399,418,274,248,1142,3946,2701,117,89,206,135,128,394,6336,449,338,261,508,104,1050,779,221,10452,521,111,3127,1386,366,1305,401,256,340,8287,2794,291,314,1823,66,242,130,668,828,114,418,1037,887,915,632,2844,1689,30,1372,452,425,223,765,459,336,158,252,270,70151.0
7/9/20,1166,410,1480,404,447,291,254,1177,4055,2797,118,93,210,140,134,408,6468,451,343,282,527,115,1157,786,221,10544,549,115,3293,1422,383,1344,406,265,362,8344,2849,294,329,1870,69,249,157,678,834,116,432,1049,944,939,664,2908,1742,30,1415,463,467,237,778,490,342,161,254,273,71994.0
7/10/20,1232,432,1532,410,460,319,258,1219,4213,2975,121,97,211,144,140,422,6747,453,351,306,538,122,1181,816,230,10812,574,116,3493,1479,401,1424,411,273,376,8476,2988,298,342,1909,72,257,181,689,854,117,439,1063,1023,963,704,3004,1802,32,1535,471,493,247,812,513,356,166,257,283,74634.0
7/11/20,1297,444,1564,415,475,350,261,1254,4276,3061,126,97,214,147,147,423,6989,454,354,322,554,124,1228,820,234,10995,597,120,3707,1531,432,1484,415,282,401,8598,3079,306,371,1978,78,272,194,702,866,120,441,1076,1080,999,741,3101,1874,32,1588,474,532,263,824,528,371,169,261,287,76799.0
7/12/20,1339,467,1597,424,482,361,265,1274,4323,3127,128,100,215,149,151,431,7100,456,355,332,558,128,1272,831,235,11100,606,121,3834,1567,438,1528,428,283,403,8665,3120,310,377,2001,80,283,210,706,871,121,444,1081,1128,1021,762,3169,1894,32,1661,476,542,277,839,535,378,176,261,290,78118.0
7/13/20,1383,480,1622,430,489,367,266,1315,4413,3236,128,100,215,150,154,434,7300,456,362,334,568,133,1337,844,236,11256,624,125,3988,1612,442,1565,436,291,406,8745,3175,315,393,2019,91,290,220,721,882,122,454,1097,1159,1050,801,3257,1914,35,1734,478,568,288,852,542,392,176,261,292,79820.0
7/14/20,1453,497,1655,432,512,375,272,1370,4522,3435,124,115,217,154,153,449,7421,463,361,359,575,136,1408,857,243,11450,640,125,4216,1677,460,1645,441,294,433,8846,3214,322,413,2059,96,294,236,738,903,145,465,1098,1198,1110,843,3342,2020,35,1750,483,609,301,871,554,415,173,275,295,82042.0
7/15/20,1510,514,1710,435,549,385,275,1403,4606,3705,127,117,218,156,159,461,7606,463,374,372,580,142,1472,871,247,11614,680,130,4352,1721,468,1685,448,300,443,8946,3296,327,430,2104,98,302,242,754,913,145,474,1106,1243,1129,901,3395,2081,37,1824,488,655,319,883,564,427,173,276,299,84129.0
7/16/20,1574,554,1755,439,565,414,278,1432,4681,3864,129,119,220,159,167,468,7830,476,383,403,595,145,1524,887,252,11836,705,135,4520,1795,473,1721,454,308,454,9052,3388,332,450,2159,112,332,261,774,929,147,483,1115,1308,1149,959,3474,2142,38,1901,491,689,322,904,576,439,182,278,308,86408.0
7/17/20,1610,573,1826,445,588,441,284,1474,4798,4028,133,119,221,161,169,474,8044,482,389,414,610,150,1550,896,264,12030,721,140,4644,1842,482,1796,468,319,466,9160,3475,338,467,2201,118,348,274,792,969,156,500,1125,1345,1176,990,3569,2217,38,1963,495,717,346,919,601,455,191,279,311,88586.0
7/18/20,1610,573,1826,445,588,441,284,1474,4798,4028,133,119,221,161,169,474,8044,482,389,414,610,150,1550,896,264,12030,721,140,4644,1842,482,1796,468,319,466,9160,3475,338,467,2201,118,348,274,792,969,156,500,1125,1345,1176,990,3569,2217,38,1963,495,717,346,919,601,455,191,279,311,88586.0
7/19/20,1696,628,1896,449,619,471,297,1564,4965,4231,142,123,222,165,178,491,8366,483,396,441,628,154,1607,910,276,12254,753,144,4848,1928,505,1892,478,335,483,9265,3569,341,499,2278,129,372,304,816,1012,164,510,1143,1437,1210,1040,3699,2300,40,2071,499,764,386,942,628,467,198,283,317,91701.0
7/20/20,1844,727,1976,452,655,493,317,1602,5041,4481,161,125,235,170,192,502,8578,484,407,494,634,173,1671,921,318,12486,801,163,5001,2045,558,1990,486,339,491,9379,3643,344,520,2371,131,382,379,830,1032,169,518,1163,1527,1254,1106,3790,2447,43,2124,506,810,429,1000,674,479,205,289,327,94884.0
7/21/20,1920,753,2022,462,699,497,317,1655,5093,4578,158,145,233,178,204,519,8700,483,403,520,641,179,1715,933,320,12637,825,165,5125,2095,556,2043,497,345,493,9451,3669,344,539,2429,130,387,388,839,1068,198,519,1175,1552,1287,1137,3859,2464,43,2136,511,878,445,1008,682,484,206,307,334,96577.0
7/22/20,2011,777,2077,463,741,529,327,1701,5254,4742,166,147,235,186,208,534,8919,480,419,562,649,184,1813,964,325,12812,845,174,5339,2140,568,2097,499,358,548,9586,3778,357,555,2492,136,409,417,874,1088,200,533,1191,1655,1333,1189,3954,2536,45,2173,519,947,478,1033,721,490,211,313,339,99345.0
7/23/20,2084,847,2132,477,754,572,333,1742,5357,4995,166,150,237,186,216,540,9169,482,428,579,669,188,1852,987,330,12945,859,179,5458,2194,571,2166,508,366,562,9649,3845,362,568,2538,141,438,426,891,1139,204,537,1203,1737,1353,1215,4022,2624,46,2254,525,969,520,1046,733,502,213,314,347,101641.0
7/24/20,2111,917,2175,484,781,591,339,1776,5469,5127,168,150,238,189,221,552,9393,483,442,608,681,209,1869,999,332,13128,866,183,5519,2237,610,2212,515,371,586,9752,3916,367,580,2585,162,447,432,909,1174,207,556,1244,1774,1358,1238,4136,2692,47,2332,533,996,544,1059,745,524,218,315,351,103724.0
7/25/20,2111,917,2175,484,781,591,339,1776,5469,5127,168,150,238,189,221,552,9393,483,442,608,681,209,1869,999,332,13128,866,183,5519,2237,610,2212,515,371,586,9752,3916,367,580,2585,162,447,432,909,1174,207,556,1244,1774,1358,1238,4136,2692,47,2332,533,996,544,1059,745,524,218,315,351,103724.0
7/26/20,2173,986,2249,493,827,624,340,1855,5652,5459,178,157,243,200,234,571,9636,489,458,639,719,232,2003,1026,338,13448,903,192,5769,2319,639,2298,523,387,600,9898,4102,378,623,2687,167,472,463,957,1229,214,582,1285,1880,1399,1287,4285,2777,48,2453,543,1081,587,1093,768,545,225,319,358,107564.0
7/27/20,2215,993,2335,509,842,648,340,1894,5745,5626,178,157,243,200,238,582,9985,489,468,641,729,244,2057,1047,340,13680,910,197,5888,2393,641,2380,526,396,602,10011,4144,381,646,2743,169,477,469,976,1261,224,591,1291,1927,1429,1312,4375,2895,52,2519,547,1142,599,1123,770,573,226,319,358,109907.0
7/28/20,2229,1001,2357,515,851,661,340,1926,5809,5709,181,157,243,201,239,590,10155,490,480,652,731,255,2080,1053,341,13780,914,197,5944,2404,642,2412,527,401,608,10071,4169,382,664,2786,169,479,474,981,1276,225,599,1297,1981,1442,1322,4409,2916,54,2546,551,1158,611,1128,772,582,226,320,363,111028.0
7/29/20,2266,1021,2383,521,867,678,345,1978,5933,5810,185,158,246,208,242,601,10345,492,484,667,745,260,2111,1066,345,13872,924,208,6023,2446,662,2463,533,420,648,10120,4246,417,676,2817,171,487,497,990,1298,230,604,1316,2034,1453,1342,4487,2955,54,2601,561,1184,631,1133,791,593,234,321,364,112763.0
7/30/20,2299,1029,2444,531,895,697,348,2017,6007,5913,186,158,249,214,250,623,10576,492,486,686,759,266,2126,1083,347,14026,934,213,6096,2468,672,2521,536,422,654,10204,4304,419,683,2901,171,500,506,998,1320,234,611,1325,2054,1461,1356,4568,3001,54,2653,573,1204,654,1151,800,609,242,321,371,114471.0
7/31/20,2331,1036,2458,537,907,743,348,2054,6144,6278,190,164,249,216,261,633,10690,493,490,699,785,270,2160,1100,349,14155,944,219,6155,2516,695,2561,551,428,662,10255,4372,420,706,2945,179,513,518,1001,1340,238,624,1334,2082,1468,1381,4621,3037,56,2693,596,1224,663,1166,811,613,247,322,374,116270.0
8/1/20,2331,1036,2458,537,907,743,348,2054,6144,6278,190,164,249,216,261,633,10690,493,490,699,785,270,2160,1100,349,14155,944,219,6155,2516,695,2561,551,428,662,10255,4372,420,706,2945,179,513,518,1001,1340,238,624,1334,2082,1468,1381,4621,3037,56,2693,596,1224,663,1166,811,613,247,322,374,116270.0
8/2/20,2380,1117,2609,552,939,773,353,2111,6261,6440,197,167,256,222,278,655,11169,501,518,720,826,280,2218,1138,357,14453,954,236,6350,2572,716,2660,564,441,687,10384,4474,425,726,3037,189,538,534,1028,1367,246,645,1348,2183,1501,1434,4759,3137,63,2781,619,1325,684,1193,823,655,258,324,386,119736.0
8/3/20,2403,1156,2643,555,951,789,353,2118,6299,6527,200,167,264,221,287,662,11263,501,522,732,839,282,2247,1152,359,14533,963,242,6423,2589,720,2680,566,443,691,10426,4509,425,739,3068,189,544,535,1037,1375,246,649,1355,2226,1519,1445,4808,3159,65,2800,623,1378,704,1199,826,661,259,326,398,120835.0
8/4/20,2513,1210,2681,557,981,797,354,2192,6324,6594,202,167,267,227,296,675,11444,510,532,805,850,284,2408,1170,361,14795,974,248,7280,2656,733,2718,585,461,716,10487,4592,428,747,3126,192,551,585,1058,1397,247,667,1374,2530,1580,1504,4884,3223,68,2866,646,1467,732,1211,840,675,272,328,399,124243.0
8/5/20,2536,1219,2725,561,987,800,359,2275,6516,6641,203,167,273,237,298,696,11590,511,542,817,860,288,2412,1184,366,14914,983,259,7344,2684,744,2754,596,467,737,10526,4644,430,762,3155,209,560,605,1067,1419,251,674,1386,2556,1590,1511,4939,3291,68,2899,652,1493,733,1220,855,678,275,332,401,125726.0
8/6/20,2555,1232,2768,569,1002,814,362,2295,6566,6695,207,167,276,241,300,705,11736,514,550,835,875,292,2436,1191,368,15002,996,268,7424,2719,754,2800,601,479,747,10573,4709,432,769,3194,211,577,611,1081,1424,253,681,1399,2583,1609,1527,4993,3332,68,2941,669,1513,739,1235,861,689,277,333,410,127034.0
8/7/20,2570,1245,2798,577,1021,819,364,2311,6610,6752,212,167,280,251,303,710,11946,518,567,861,896,298,2450,1219,368,15103,1005,283,7468,2759,766,2845,609,494,761,10637,4787,451,780,3223,212,586,622,1091,1442,258,693,1403,2631,1616,1543,5086,3397,70,2986,675,1529,748,1247,868,701,287,345,413,128533.0
8/8/20,2570,1245,2798,577,1021,819,364,2311,6610,6752,212,167,280,251,303,710,11946,518,567,861,896,298,2450,1219,368,15103,1005,283,7468,2759,766,2845,609,494,761,10637,4787,451,780,3223,212,586,622,1091,1442,258,693,1403,2631,1616,1543,5086,3397,70,2986,675,1529,748,1247,868,701,287,345,413,128533.0
8/9/20,2598,1276,2871,584,1070,833,381,2333,6668,6815,218,168,293,274,327,722,12187,519,587,895,934,306,2532,1237,376,15279,1024,305,7628,2800,797,2924,613,529,773,10735,4870,458,791,3290,238,601,645,1103,1474,264,716,1424,2727,1711,1597,5229,3477,88,3035,706,1582,768,1265,893,720,293,347,423,131146.0
8/10/20,2601,1278,2890,588,1070,835,382,2339,6688,6815,221,169,295,277,334,727,12244,520,591,895,938,306,2539,1250,376,15350,1028,305,7643,2839,805,2938,613,531,774,10768,4896,460,794,3304,237,602,647,1109,1484,267,719,1430,2735,1714,1611,5266,3498,89,3057,708,1584,770,1281,894,722,294,348,425,131707.0
8/11/20,2634,1284,2930,591,1096,837,386,2374,6739,6862,224,170,296,282,337,743,12377,521,603,908,940,307,2561,1259,378,15452,1033,308,7723,2863,806,2975,618,536,791,10805,4923,461,810,3327,244,604,658,1113,1492,275,722,1434,2778,1734,1631,5323,3540,91,3072,711,1611,772,1293,898,727,296,355,426,132870.0
8/12/20,2652,1321,2941,598,1107,863,387,2390,6771,6924,228,171,300,286,347,745,12477,520,609,932,954,330,2575,1262,383,15509,1046,324,7793,2895,815,2992,625,536,809,10851,4967,462,816,3380,250,615,664,1120,1500,277,723,1441,2824,1757,1642,5364,3570,91,3095,720,1657,789,1298,903,734,298,393,450,134068.0
8/13/20,2673,1332,2970,600,1128,868,388,2428,6851,6960,230,172,305,290,352,756,12587,520,612,946,964,335,2588,1267,386,15597,1056,324,7846,2916,819,3027,628,542,816,10899,5027,465,818,3410,252,624,671,1125,1515,279,730,1448,2841,1760,1658,5429,3619,91,3115,732,1689,798,1312,916,745,302,397,453,135199.0
8/14/20,2684,1367,3016,606,1138,878,390,2445,6887,7013,234,173,312,292,356,765,12716,520,619,958,980,350,2602,1279,397,15703,1071,339,7916,2949,839,3071,631,549,823,10939,5067,469,838,3447,276,635,682,1126,1526,280,734,1455,2866,1784,1666,5480,3664,94,3160,737,1714,806,1320,939,754,307,399,467,136499.0
8/15/20,2684,1367,3016,606,1138,878,390,2445,6887,7013,234,173,312,292,356,765,12716,520,619,958,980,350,2602,1279,397,15703,1071,339,7916,2949,839,3071,631,549,823,10939,5067,469,838,3447,276,635,682,1126,1526,280,734,1455,2866,1784,1666,5480,3664,94,3160,737,1714,806,1320,939,754,307,399,467,136499.0
8/16/20,2696,1378,3064,613,1143,884,395,2464,6936,7044,242,174,319,299,367,775,12824,524,626,967,993,357,2616,1290,402,15789,1078,349,7947,2985,857,3100,640,554,825,10992,5144,472,844,3472,291,641,699,1136,1542,288,737,1462,2895,1783,1677,5552,3710,116,3196,752,1724,810,1335,949,756,307,406,479,137683.0
8/17/20,2701,1382,3084,616,1149,886,399,2471,6949,7045,245,174,321,303,376,780,12875,525,637,966,996,359,2627,1288,403,15815,1080,350,7976,3014,856,3119,646,553,843,11027,5161,478,850,3472,290,642,705,1141,1545,294,741,1465,2908,1790,1685,5600,3756,117,3212,754,1735,814,1346,949,757,306,408,492,138249.0
8/18/20,2708,1386,3108,617,1157,896,400,2488,6980,7093,245,174,323,307,378,783,12942,525,647,968,998,361,2632,1301,403,15865,1084,350,8005,3030,857,3146,648,553,851,11039,5187,479,852,3499,296,643,703,1147,1549,294,741,1470,2925,1795,1689,5626,3798,117,3227,756,1737,824,1346,955,761,312,414,495,138885.0
8/19/20,2712,1389,3118,623,1172,909,401,2499,7012,7154,245,174,329,308,384,787,13018,526,658,978,1004,363,2636,1303,404,15905,1093,352,8038,3044,867,3170,648,558,853,11064,5220,481,861,3522,297,649,708,1152,1559,298,742,1475,2950,1803,1694,5658,3826,119,3239,762,1753,843,1354,960,766,313,454,499,139655.0
8/20/20,2731,1390,3140,626,1178,920,401,2508,7060,7194,249,174,329,311,386,799,13133,527,674,992,1017,369,2644,1318,406,15964,1098,356,8074,3061,867,3197,650,560,857,11104,5259,482,868,3597,299,653,706,1160,1559,301,743,1484,2968,1809,1703,5717,3868,121,3258,768,1761,852,1369,969,766,315,455,499,140573.0
8/21/20,2735,1402,3175,628,1196,928,401,2520,7112,7235,263,174,338,320,393,802,13226,527,708,995,1024,374,2648,1318,409,16006,1111,363,8103,3073,867,3236,650,563,874,11134,5308,481,874,3642,298,657,709,1169,1568,303,745,1484,2976,1827,1711,5760,3899,124,3285,772,1768,869,1383,977,771,317,466,505,141479.0
8/22/20,2735,1402,3175,628,1196,928,401,2520,7112,7235,263,174,338,320,393,802,13226,527,708,995,1024,374,2648,1318,409,16006,1111,363,8103,3073,867,3236,650,563,874,11134,5308,481,874,3642,298,657,709,1169,1568,303,745,1484,2976,1827,1711,5760,3899,124,3285,772,1768,869,1383,977,771,317,466,505,141479.0
8/23/20,2743,1409,3218,631,1211,938,403,2549,7156,7277,264,174,346,327,402,802,13350,529,721,1004,1042,377,2661,1325,416,16131,1116,378,8148,3101,881,3266,655,570,889,11191,5372,489,888,3682,300,664,711,1191,1580,305,747,1487,3000,1836,1720,5815,3934,127,3315,783,1784,889,1402,986,787,320,467,511,142693.0
8/24/20,2748,1409,3226,631,1218,941,403,2557,7180,7284,271,175,351,331,411,803,13412,529,862,1006,1042,382,2670,1330,421,16171,1120,379,8168,3111,885,3279,655,570,894,11214,5389,489,894,3703,300,667,712,1196,1587,307,749,1490,3001,1839,1726,5841,3959,127,3333,788,1789,898,1415,988,787,321,468,517,143319.0
8/25/20,2776,1426,3245,651,1248,924,409,2619,7117,7256,271,201,354,342,420,804,13391,530,865,1019,1059,388,2686,1311,425,16159,1149,379,8136,3211,883,3313,671,580,898,11229,5355,487,917,3679,309,664,735,1203,1611,368,752,1499,3006,1928,1739,5859,3939,134,3259,796,1842,927,1426,993,809,310,504,531,143926.0
8/26/20,2775,1430,3257,649,1255,926,414,2653,7225,7269,271,205,358,344,421,808,13450,532,888,1028,1061,390,2698,1317,431,16227,1153,382,8183,3216,884,3325,780,582,907,11269,5369,487,924,3691,310,666,736,1213,1614,364,754,1500,3021,1920,1737,5892,3956,133,3285,806,1854,935,1431,1005,814,310,545,535,144770.0
8/27/20,2781,1434,3267,654,1261,928,412,2667,7278,7285,274,204,363,354,426,807,13520,531,1056,1034,1076,395,2695,1319,439,16269,1146,378,8205,3236,887,3330,781,585,908,11279,5400,490,928,3711,310,678,735,1213,1621,365,755,1503,3026,1922,1746,5917,3965,136,3296,807,1853,939,1436,1016,820,311,547,540,145450.0
8/28/20,2799,1437,3291,653,1268,932,412,2674,7320,7298,276,206,366,355,427,810,13573,531,1054,1033,1077,406,2701,1321,451,16315,1157,382,8216,3245,896,3356,783,587,912,11326,5441,491,930,3742,313,682,735,1221,1628,367,757,1505,3032,1930,1754,5940,3985,137,3294,818,1864,951,1446,1020,826,312,547,542,146056.0
8/29/20,2799,1437,3291,653,1268,932,412,2674,7320,7298,276,206,366,355,427,810,13573,531,1054,1033,1077,406,2701,1321,451,16315,1157,382,8216,3245,896,3356,783,587,912,11326,5441,491,930,3742,313,682,735,1221,1628,367,757,1505,3032,1930,1754,5940,3985,137,3294,818,1864,951,1446,1020,826,312,547,542,146056.0
8/30/20,2808,1443,3324,664,1279,940,417,2693,7407,7439,278,203,369,373,433,816,13727,532,1079,1115,1081,430,2711,1331,470,16438,1160,382,8251,3263,905,3368,790,595,920,11494,5468,521,941,3827,318,686,742,1233,1643,367,759,1513,3096,1964,1757,6037,4030,147,3333,823,1861,956,1460,1030,832,312,549,546,147679.0
8/31/20,2809,1447,3344,667,1285,942,414,2703,7417,7441,279,202,371,376,433,817,13778,533,1092,1119,1086,430,2715,1332,477,16461,1160,381,8275,3268,906,3364,791,597,919,11514,5481,525,948,3833,320,687,743,1238,1648,365,761,1512,3098,1962,1762,6053,4046,146,3343,825,1867,954,1460,1032,833,315,553,548,148003.0
9/1/20,2817,1441,3377,669,1294,941,418,2728,7452,7445,280,208,375,380,436,818,13826,529,1102,1118,1088,435,2717,1344,475,16526,1166,391,8275,3284,912,3405,825,602,922,11573,5509,538,957,3839,321,696,750,1242,1660,373,761,1515,3110,1975,1768,6087,4071,151,3347,829,1873,957,1473,1030,829,314,575,552,148696.0
9/2/20,2821,1447,3395,670,1303,944,421,2732,7482,7442,282,206,381,389,450,820,13911,530,1181,1134,1093,438,2738,1339,485,16575,1167,395,8339,3298,930,3429,831,615,924,11687,5527,590,963,3849,322,703,758,1244,1660,373,767,1518,3130,1982,1773,6148,4095,153,3366,845,1887,962,1480,1047,838,316,572,555,149647.0
9/3/20,2824,1454,3418,669,1305,953,425,2749,7546,7438,285,209,383,392,456,823,13990,529,1315,1143,1101,435,2752,1351,496,16629,1168,392,8365,3312,937,3448,829,619,940,11727,5559,619,964,3856,324,708,765,1257,1662,369,768,1520,3139,1983,1774,6220,4098,151,3372,852,1890,962,1486,1050,839,317,594,556,150461.0
9/4/20,2828,1458,3429,675,1320,949,426,2776,7581,7465,286,206,384,408,458,826,14089,530,1328,1154,1105,436,2752,1347,513,16678,1169,395,8402,3326,941,3457,832,625,942,11816,5579,643,970,3875,329,716,769,1268,1669,371,769,1528,3141,1996,1778,6267,4134,151,3385,855,1901,966,1504,1064,841,317,611,573,151282.0
9/5/20,2828,1458,3429,675,1320,949,426,2776,7581,7465,286,206,384,408,458,826,14089,530,1328,1154,1105,436,2752,1347,513,16678,1169,395,8402,3326,941,3457,832,625,942,11816,5579,643,970,3875,329,716,769,1268,1669,371,769,1528,3141,1996,1778,6267,4134,151,3385,855,1901,966,1504,1064,841,317,611,573,151282.0
9/6/20,2844,1461,3457,680,1327,951,426,2814,7662,7474,289,207,387,433,461,825,14248,531,1457,1203,1117,442,2759,1364,528,16764,1174,398,8447,3341,955,3474,841,631,970,11926,5633,658,984,3899,337,718,775,1284,1691,370,768,1538,3161,1999,1788,6361,4168,152,3421,855,1915,974,1521,1074,852,321,613,578,152676.0
9/7/20,2853,1461,3465,683,1331,955,427,2826,7679,7476,291,204,388,435,461,828,14253,532,1461,1202,1118,448,2762,1366,535,16802,1171,399,8449,3350,971,3475,840,634,976,11932,5669,656,987,3914,338,717,774,1289,1695,376,768,1540,3156,2005,1791,6373,4181,152,3433,858,1908,976,1532,1081,851,323,624,578,152984.0
9/8/20,2841,1462,3474,692,1335,952,427,2836,7687,7487,293,204,391,435,461,831,14284,532,1456,1202,1117,449,2761,1364,538,16825,1171,400,8460,3360,969,3495,843,635,973,11975,5668,635,986,3916,338,720,778,1296,1702,384,766,1545,3160,2010,1789,6402,4173,154,3445,863,1916,981,1528,1080,852,323,637,578,153242.0
9/9/20,2876,1495,3497,699,1396,961,433,2849,7729,7549,294,205,398,460,488,837,14380,534,1462,1228,1132,456,2820,1373,543,16871,1185,406,8570,3387,989,3514,846,672,997,12048,5741,645,1001,3947,338,728,792,1310,1709,388,782,1548,3209,2030,1808,6489,4217,155,3459,891,1958,996,1534,1104,855,329,639,581,154762.0
9/10/20,2877,1500,3512,699,1399,959,435,2861,7762,7580,295,206,401,456,487,840,14421,535,1475,1228,1135,459,2827,1381,546,16920,1186,409,8586,3400,996,3517,847,672,1001,12063,5755,659,1003,3961,338,730,795,1316,1721,386,782,1555,3205,2034,1807,6521,4239,155,3472,896,1962,996,1543,1109,864,332,637,582,155228.0
9/11/20,2887,1498,3538,710,1398,964,441,2894,7843,7592,294,209,404,457,488,846,14507,534,1518,1246,1135,466,2826,1380,551,16974,1191,407,8612,3404,1008,3537,848,685,1009,12125,5782,657,1006,3988,341,728,798,1317,1720,388,783,1556,3220,2037,1812,6578,4255,155,3485,898,1967,1001,1550,1119,871,332,628,586,155984.0
9/12/20,2887,1498,3538,710,1398,964,441,2894,7843,7592,294,209,404,457,488,846,14507,534,1518,1246,1135,466,2826,1380,551,16974,1191,407,8612,3404,1008,3537,848,685,1009,12125,5782,657,1006,3988,341,728,798,1317,1720,388,783,1556,3220,2037,1812,6578,4255,155,3485,898,1967,1001,1550,1119,871,332,628,586,155984.0
9/13/20,2889,1512,3571,721,1419,970,441,2926,7908,7623,295,208,419,465,496,857,14588,539,1669,1262,1145,471,2844,1391,584,17023,1197,412,8687,3435,1043,3558,848,698,1025,12169,5852,662,1013,4010,345,732,809,1328,1731,391,781,1559,3230,2046,1825,6637,4278,158,3511,909,1979,1016,1561,1144,873,332,651,588,157259.0
9/14/20,2891,1514,3588,729,1426,969,442,2942,7926,7632,298,209,420,477,497,857,14674,538,1675,1265,1163,470,2847,1396,584,17048,1200,414,8706,3447,1057,3566,854,704,1029,12184,5891,663,1018,4018,349,738,809,1335,1735,391,780,1560,3232,2042,1836,6670,4292,158,3519,913,1985,1016,1570,1147,872,330,652,592,157751.0
9/15/20,2897,1522,3610,734,1431,966,445,2952,7929,7632,298,216,421,476,497,860,14681,537,1687,1270,1162,474,2849,1391,586,17077,1203,415,8709,3467,1048,3642,856,705,1035,12235,5896,657,1028,4017,347,739,810,1339,1740,396,785,1566,3230,2051,1843,6676,4307,158,3512,919,1980,1019,1571,1147,873,332,673,598,158124.0
9/16/20,2901,1523,3627,735,1440,970,444,2964,8001,7645,298,217,422,483,498,864,14701,539,1690,1270,1167,470,2854,1400,586,17123,1203,412,8731,3478,1057,3653,857,718,1040,12260,5921,657,1029,4038,347,740,818,1344,1744,394,786,1566,3235,2053,1857,6719,4323,158,3528,923,1976,1019,1578,1156,875,334,678,597,158634.0
