Date,Adams,Alcorn,Amite,Attala,Benton,Bolivar,Calhoun,Carroll,Chickasaw,Choctaw,Claiborne,Clarke,Clay,Coahoma,Copiah,Covington,DeSoto,Forrest,Franklin,George,Greene,Grenada,Hancock,Harrison,Hinds,Holmes,Humphreys,Issaquena,Itawamba,Jackson,Jasper,Jefferson,Jefferson Davis,Jones,Kemper,Lafayette,Lamar,Lauderdale,Lawrence,Leake,Lee,Leflore,Lincoln,Lowndes,Madison,Marion,Marshall,Monroe,Montgomery,Neshoba,Newton,Noxubee,Oktibbeha,Panola,Pearl River,Perry,Pike,Pontotoc,Prentiss,Quitman,Rankin,Scott,Sharkey,Simpson,Smith,Stone,Sunflower,Tallahatchie,Tate,Tippah,Tishomingo,Tunica,Union,Walthall,Warren,Washington,Wayne,Webster,Wilkinson,Winston,Yalobusha,Yazoo,Total
1/22/20,0,0,0,0,0,0,0,0,0,0,0,0,0,0,0,0,0,0,0,0,0,0,0,0,0,0,0,0,0,0,0,0,0,0,0,0,0,0,0,0,0,0,0,0,0,0,0,0,0,0,0,0,0,0,0,0,0,0,0,0,0,0,0,0,0,0,0,0,0,0,0,0,0,0,0,0,0,0,0,0,0,0,0.0
1/23/20,0,0,0,0,0,0,0,0,0,0,0,0,0,0,0,0,0,0,0,0,0,0,0,0,0,0,0,0,0,0,0,0,0,0,0,0,0,0,0,0,0,0,0,0,0,0,0,0,0,0,0,0,0,0,0,0,0,0,0,0,0,0,0,0,0,0,0,0,0,0,0,0,0,0,0,0,0,0,0,0,0,0,0.0
1/24/20,0,0,0,0,0,0,0,0,0,0,0,0,0,0,0,0,0,0,0,0,0,0,0,0,0,0,0,0,0,0,0,0,0,0,0,0,0,0,0,0,0,0,0,0,0,0,0,0,0,0,0,0,0,0,0,0,0,0,0,0,0,0,0,0,0,0,0,0,0,0,0,0,0,0,0,0,0,0,0,0,0,0,0.0
1/25/20,0,0,0,0,0,0,0,0,0,0,0,0,0,0,0,0,0,0,0,0,0,0,0,0,0,0,0,0,0,0,0,0,0,0,0,0,0,0,0,0,0,0,0,0,0,0,0,0,0,0,0,0,0,0,0,0,0,0,0,0,0,0,0,0,0,0,0,0,0,0,0,0,0,0,0,0,0,0,0,0,0,0,0.0
1/26/20,0,0,0,0,0,0,0,0,0,0,0,0,0,0,0,0,0,0,0,0,0,0,0,0,0,0,0,0,0,0,0,0,0,0,0,0,0,0,0,0,0,0,0,0,0,0,0,0,0,0,0,0,0,0,0,0,0,0,0,0,0,0,0,0,0,0,0,0,0,0,0,0,0,0,0,0,0,0,0,0,0,0,0.0
1/27/20,0,0,0,0,0,0,0,0,0,0,0,0,0,0,0,0,0,0,0,0,0,0,0,0,0,0,0,0,0,0,0,0,0,0,0,0,0,0,0,0,0,0,0,0,0,0,0,0,0,0,0,0,0,0,0,0,0,0,0,0,0,0,0,0,0,0,0,0,0,0,0,0,0,0,0,0,0,0,0,0,0,0,0.0
1/28/20,0,0,0,0,0,0,0,0,0,0,0,0,0,0,0,0,0,0,0,0,0,0,0,0,0,0,0,0,0,0,0,0,0,0,0,0,0,0,0,0,0,0,0,0,0,0,0,0,0,0,0,0,0,0,0,0,0,0,0,0,0,0,0,0,0,0,0,0,0,0,0,0,0,0,0,0,0,0,0,0,0,0,0.0
1/29/20,0,0,0,0,0,0,0,0,0,0,0,0,0,0,0,0,0,0,0,0,0,0,0,0,0,0,0,0,0,0,0,0,0,0,0,0,0,0,0,0,0,0,0,0,0,0,0,0,0,0,0,0,0,0,0,0,0,0,0,0,0,0,0,0,0,0,0,0,0,0,0,0,0,0,0,0,0,0,0,0,0,0,0.0
1/30/20,0,0,0,0,0,0,0,0,0,0,0,0,0,0,0,0,0,0,0,0,0,0,0,0,0,0,0,0,0,0,0,0,0,0,0,0,0,0,0,0,0,0,0,0,0,0,0,0,0,0,0,0,0,0,0,0,0,0,0,0,0,0,0,0,0,0,0,0,0,0,0,0,0,0,0,0,0,0,0,0,0,0,0.0
1/31/20,0,0,0,0,0,0,0,0,0,0,0,0,0,0,0,0,0,0,0,0,0,0,0,0,0,0,0,0,0,0,0,0,0,0,0,0,0,0,0,0,0,0,0,0,0,0,0,0,0,0,0,0,0,0,0,0,0,0,0,0,0,0,0,0,0,0,0,0,0,0,0,0,0,0,0,0,0,0,0,0,0,0,0.0
2/1/20,0,0,0,0,0,0,0,0,0,0,0,0,0,0,0,0,0,0,0,0,0,0,0,0,0,0,0,0,0,0,0,0,0,0,0,0,0,0,0,0,0,0,0,0,0,0,0,0,0,0,0,0,0,0,0,0,0,0,0,0,0,0,0,0,0,0,0,0,0,0,0,0,0,0,0,0,0,0,0,0,0,0,0.0
2/2/20,0,0,0,0,0,0,0,0,0,0,0,0,0,0,0,0,0,0,0,0,0,0,0,0,0,0,0,0,0,0,0,0,0,0,0,0,0,0,0,0,0,0,0,0,0,0,0,0,0,0,0,0,0,0,0,0,0,0,0,0,0,0,0,0,0,0,0,0,0,0,0,0,0,0,0,0,0,0,0,0,0,0,0.0
2/3/20,0,0,0,0,0,0,0,0,0,0,0,0,0,0,0,0,0,0,0,0,0,0,0,0,0,0,0,0,0,0,0,0,0,0,0,0,0,0,0,0,0,0,0,0,0,0,0,0,0,0,0,0,0,0,0,0,0,0,0,0,0,0,0,0,0,0,0,0,0,0,0,0,0,0,0,0,0,0,0,0,0,0,0.0
2/4/20,0,0,0,0,0,0,0,0,0,0,0,0,0,0,0,0,0,0,0,0,0,0,0,0,0,0,0,0,0,0,0,0,0,0,0,0,0,0,0,0,0,0,0,0,0,0,0,0,0,0,0,0,0,0,0,0,0,0,0,0,0,0,0,0,0,0,0,0,0,0,0,0,0,0,0,0,0,0,0,0,0,0,0.0
2/5/20,0,0,0,0,0,0,0,0,0,0,0,0,0,0,0,0,0,0,0,0,0,0,0,0,0,0,0,0,0,0,0,0,0,0,0,0,0,0,0,0,0,0,0,0,0,0,0,0,0,0,0,0,0,0,0,0,0,0,0,0,0,0,0,0,0,0,0,0,0,0,0,0,0,0,0,0,0,0,0,0,0,0,0.0
2/6/20,0,0,0,0,0,0,0,0,0,0,0,0,0,0,0,0,0,0,0,0,0,0,0,0,0,0,0,0,0,0,0,0,0,0,0,0,0,0,0,0,0,0,0,0,0,0,0,0,0,0,0,0,0,0,0,0,0,0,0,0,0,0,0,0,0,0,0,0,0,0,0,0,0,0,0,0,0,0,0,0,0,0,0.0
2/7/20,0,0,0,0,0,0,0,0,0,0,0,0,0,0,0,0,0,0,0,0,0,0,0,0,0,0,0,0,0,0,0,0,0,0,0,0,0,0,0,0,0,0,0,0,0,0,0,0,0,0,0,0,0,0,0,0,0,0,0,0,0,0,0,0,0,0,0,0,0,0,0,0,0,0,0,0,0,0,0,0,0,0,0.0
2/8/20,0,0,0,0,0,0,0,0,0,0,0,0,0,0,0,0,0,0,0,0,0,0,0,0,0,0,0,0,0,0,0,0,0,0,0,0,0,0,0,0,0,0,0,0,0,0,0,0,0,0,0,0,0,0,0,0,0,0,0,0,0,0,0,0,0,0,0,0,0,0,0,0,0,0,0,0,0,0,0,0,0,0,0.0
2/9/20,0,0,0,0,0,0,0,0,0,0,0,0,0,0,0,0,0,0,0,0,0,0,0,0,0,0,0,0,0,0,0,0,0,0,0,0,0,0,0,0,0,0,0,0,0,0,0,0,0,0,0,0,0,0,0,0,0,0,0,0,0,0,0,0,0,0,0,0,0,0,0,0,0,0,0,0,0,0,0,0,0,0,0.0
2/10/20,0,0,0,0,0,0,0,0,0,0,0,0,0,0,0,0,0,0,0,0,0,0,0,0,0,0,0,0,0,0,0,0,0,0,0,0,0,0,0,0,0,0,0,0,0,0,0,0,0,0,0,0,0,0,0,0,0,0,0,0,0,0,0,0,0,0,0,0,0,0,0,0,0,0,0,0,0,0,0,0,0,0,0.0
2/11/20,0,0,0,0,0,0,0,0,0,0,0,0,0,0,0,0,0,0,0,0,0,0,0,0,0,0,0,0,0,0,0,0,0,0,0,0,0,0,0,0,0,0,0,0,0,0,0,0,0,0,0,0,0,0,0,0,0,0,0,0,0,0,0,0,0,0,0,0,0,0,0,0,0,0,0,0,0,0,0,0,0,0,0.0
2/12/20,0,0,0,0,0,0,0,0,0,0,0,0,0,0,0,0,0,0,0,0,0,0,0,0,0,0,0,0,0,0,0,0,0,0,0,0,0,0,0,0,0,0,0,0,0,0,0,0,0,0,0,0,0,0,0,0,0,0,0,0,0,0,0,0,0,0,0,0,0,0,0,0,0,0,0,0,0,0,0,0,0,0,0.0
2/13/20,0,0,0,0,0,0,0,0,0,0,0,0,0,0,0,0,0,0,0,0,0,0,0,0,0,0,0,0,0,0,0,0,0,0,0,0,0,0,0,0,0,0,0,0,0,0,0,0,0,0,0,0,0,0,0,0,0,0,0,0,0,0,0,0,0,0,0,0,0,0,0,0,0,0,0,0,0,0,0,0,0,0,0.0
2/14/20,0,0,0,0,0,0,0,0,0,0,0,0,0,0,0,0,0,0,0,0,0,0,0,0,0,0,0,0,0,0,0,0,0,0,0,0,0,0,0,0,0,0,0,0,0,0,0,0,0,0,0,0,0,0,0,0,0,0,0,0,0,0,0,0,0,0,0,0,0,0,0,0,0,0,0,0,0,0,0,0,0,0,0.0
2/15/20,0,0,0,0,0,0,0,0,0,0,0,0,0,0,0,0,0,0,0,0,0,0,0,0,0,0,0,0,0,0,0,0,0,0,0,0,0,0,0,0,0,0,0,0,0,0,0,0,0,0,0,0,0,0,0,0,0,0,0,0,0,0,0,0,0,0,0,0,0,0,0,0,0,0,0,0,0,0,0,0,0,0,0.0
2/16/20,0,0,0,0,0,0,0,0,0,0,0,0,0,0,0,0,0,0,0,0,0,0,0,0,0,0,0,0,0,0,0,0,0,0,0,0,0,0,0,0,0,0,0,0,0,0,0,0,0,0,0,0,0,0,0,0,0,0,0,0,0,0,0,0,0,0,0,0,0,0,0,0,0,0,0,0,0,0,0,0,0,0,0.0
2/17/20,0,0,0,0,0,0,0,0,0,0,0,0,0,0,0,0,0,0,0,0,0,0,0,0,0,0,0,0,0,0,0,0,0,0,0,0,0,0,0,0,0,0,0,0,0,0,0,0,0,0,0,0,0,0,0,0,0,0,0,0,0,0,0,0,0,0,0,0,0,0,0,0,0,0,0,0,0,0,0,0,0,0,0.0
2/18/20,0,0,0,0,0,0,0,0,0,0,0,0,0,0,0,0,0,0,0,0,0,0,0,0,0,0,0,0,0,0,0,0,0,0,0,0,0,0,0,0,0,0,0,0,0,0,0,0,0,0,0,0,0,0,0,0,0,0,0,0,0,0,0,0,0,0,0,0,0,0,0,0,0,0,0,0,0,0,0,0,0,0,0.0
2/19/20,0,0,0,0,0,0,0,0,0,0,0,0,0,0,0,0,0,0,0,0,0,0,0,0,0,0,0,0,0,0,0,0,0,0,0,0,0,0,0,0,0,0,0,0,0,0,0,0,0,0,0,0,0,0,0,0,0,0,0,0,0,0,0,0,0,0,0,0,0,0,0,0,0,0,0,0,0,0,0,0,0,0,0.0
2/20/20,0,0,0,0,0,0,0,0,0,0,0,0,0,0,0,0,0,0,0,0,0,0,0,0,0,0,0,0,0,0,0,0,0,0,0,0,0,0,0,0,0,0,0,0,0,0,0,0,0,0,0,0,0,0,0,0,0,0,0,0,0,0,0,0,0,0,0,0,0,0,0,0,0,0,0,0,0,0,0,0,0,0,0.0
2/21/20,0,0,0,0,0,0,0,0,0,0,0,0,0,0,0,0,0,0,0,0,0,0,0,0,0,0,0,0,0,0,0,0,0,0,0,0,0,0,0,0,0,0,0,0,0,0,0,0,0,0,0,0,0,0,0,0,0,0,0,0,0,0,0,0,0,0,0,0,0,0,0,0,0,0,0,0,0,0,0,0,0,0,0.0
2/22/20,0,0,0,0,0,0,0,0,0,0,0,0,0,0,0,0,0,0,0,0,0,0,0,0,0,0,0,0,0,0,0,0,0,0,0,0,0,0,0,0,0,0,0,0,0,0,0,0,0,0,0,0,0,0,0,0,0,0,0,0,0,0,0,0,0,0,0,0,0,0,0,0,0,0,0,0,0,0,0,0,0,0,0.0
2/23/20,0,0,0,0,0,0,0,0,0,0,0,0,0,0,0,0,0,0,0,0,0,0,0,0,0,0,0,0,0,0,0,0,0,0,0,0,0,0,0,0,0,0,0,0,0,0,0,0,0,0,0,0,0,0,0,0,0,0,0,0,0,0,0,0,0,0,0,0,0,0,0,0,0,0,0,0,0,0,0,0,0,0,0.0
2/24/20,0,0,0,0,0,0,0,0,0,0,0,0,0,0,0,0,0,0,0,0,0,0,0,0,0,0,0,0,0,0,0,0,0,0,0,0,0,0,0,0,0,0,0,0,0,0,0,0,0,0,0,0,0,0,0,0,0,0,0,0,0,0,0,0,0,0,0,0,0,0,0,0,0,0,0,0,0,0,0,0,0,0,0.0
2/25/20,0,0,0,0,0,0,0,0,0,0,0,0,0,0,0,0,0,0,0,0,0,0,0,0,0,0,0,0,0,0,0,0,0,0,0,0,0,0,0,0,0,0,0,0,0,0,0,0,0,0,0,0,0,0,0,0,0,0,0,0,0,0,0,0,0,0,0,0,0,0,0,0,0,0,0,0,0,0,0,0,0,0,0.0
2/26/20,0,0,0,0,0,0,0,0,0,0,0,0,0,0,0,0,0,0,0,0,0,0,0,0,0,0,0,0,0,0,0,0,0,0,0,0,0,0,0,0,0,0,0,0,0,0,0,0,0,0,0,0,0,0,0,0,0,0,0,0,0,0,0,0,0,0,0,0,0,0,0,0,0,0,0,0,0,0,0,0,0,0,0.0
2/27/20,0,0,0,0,0,0,0,0,0,0,0,0,0,0,0,0,0,0,0,0,0,0,0,0,0,0,0,0,0,0,0,0,0,0,0,0,0,0,0,0,0,0,0,0,0,0,0,0,0,0,0,0,0,0,0,0,0,0,0,0,0,0,0,0,0,0,0,0,0,0,0,0,0,0,0,0,0,0,0,0,0,0,0.0
2/28/20,0,0,0,0,0,0,0,0,0,0,0,0,0,0,0,0,0,0,0,0,0,0,0,0,0,0,0,0,0,0,0,0,0,0,0,0,0,0,0,0,0,0,0,0,0,0,0,0,0,0,0,0,0,0,0,0,0,0,0,0,0,0,0,0,0,0,0,0,0,0,0,0,0,0,0,0,0,0,0,0,0,0,0.0
2/29/20,0,0,0,0,0,0,0,0,0,0,0,0,0,0,0,0,0,0,0,0,0,0,0,0,0,0,0,0,0,0,0,0,0,0,0,0,0,0,0,0,0,0,0,0,0,0,0,0,0,0,0,0,0,0,0,0,0,0,0,0,0,0,0,0,0,0,0,0,0,0,0,0,0,0,0,0,0,0,0,0,0,0,0.0
3/1/20,0,0,0,0,0,0,0,0,0,0,0,0,0,0,0,0,0,0,0,0,0,0,0,0,0,0,0,0,0,0,0,0,0,0,0,0,0,0,0,0,0,0,0,0,0,0,0,0,0,0,0,0,0,0,0,0,0,0,0,0,0,0,0,0,0,0,0,0,0,0,0,0,0,0,0,0,0,0,0,0,0,0,0.0
3/2/20,0,0,0,0,0,0,0,0,0,0,0,0,0,0,0,0,0,0,0,0,0,0,0,0,0,0,0,0,0,0,0,0,0,0,0,0,0,0,0,0,0,0,0,0,0,0,0,0,0,0,0,0,0,0,0,0,0,0,0,0,0,0,0,0,0,0,0,0,0,0,0,0,0,0,0,0,0,0,0,0,0,0,0.0
3/3/20,0,0,0,0,0,0,0,0,0,0,0,0,0,0,0,0,0,0,0,0,0,0,0,0,0,0,0,0,0,0,0,0,0,0,0,0,0,0,0,0,0,0,0,0,0,0,0,0,0,0,0,0,0,0,0,0,0,0,0,0,0,0,0,0,0,0,0,0,0,0,0,0,0,0,0,0,0,0,0,0,0,0,0.0
3/4/20,0,0,0,0,0,0,0,0,0,0,0,0,0,0,0,0,0,0,0,0,0,0,0,0,0,0,0,0,0,0,0,0,0,0,0,0,0,0,0,0,0,0,0,0,0,0,0,0,0,0,0,0,0,0,0,0,0,0,0,0,0,0,0,0,0,0,0,0,0,0,0,0,0,0,0,0,0,0,0,0,0,0,0.0
3/5/20,0,0,0,0,0,0,0,0,0,0,0,0,0,0,0,0,0,0,0,0,0,0,0,0,0,0,0,0,0,0,0,0,0,0,0,0,0,0,0,0,0,0,0,0,0,0,0,0,0,0,0,0,0,0,0,0,0,0,0,0,0,0,0,0,0,0,0,0,0,0,0,0,0,0,0,0,0,0,0,0,0,0,0.0
3/6/20,0,0,0,0,0,0,0,0,0,0,0,0,0,0,0,0,0,0,0,0,0,0,0,0,0,0,0,0,0,0,0,0,0,0,0,0,0,0,0,0,0,0,0,0,0,0,0,0,0,0,0,0,0,0,0,0,0,0,0,0,0,0,0,0,0,0,0,0,0,0,0,0,0,0,0,0,0,0,0,0,0,0,0.0
3/7/20,0,0,0,0,0,0,0,0,0,0,0,0,0,0,0,0,0,0,0,0,0,0,0,0,0,0,0,0,0,0,0,0,0,0,0,0,0,0,0,0,0,0,0,0,0,0,0,0,0,0,0,0,0,0,0,0,0,0,0,0,0,0,0,0,0,0,0,0,0,0,0,0,0,0,0,0,0,0,0,0,0,0,0.0
3/8/20,0,0,0,0,0,0,0,0,0,0,0,0,0,0,0,0,0,0,0,0,0,0,0,0,0,0,0,0,0,0,0,0,0,0,0,0,0,0,0,0,0,0,0,0,0,0,0,0,0,0,0,0,0,0,0,0,0,0,0,0,0,0,0,0,0,0,0,0,0,0,0,0,0,0,0,0,0,0,0,0,0,0,0.0
3/9/20,0,0,0,0,0,0,0,0,0,0,0,0,0,0,0,0,0,0,0,0,0,0,0,0,0,0,0,0,0,0,0,0,0,0,0,0,0,0,0,0,0,0,0,0,0,0,0,0,0,0,0,0,0,0,0,0,0,0,0,0,0,0,0,0,0,0,0,0,0,0,0,0,0,0,0,0,0,0,0,0,0,0,0.0
3/10/20,0,0,0,0,0,0,0,0,0,0,0,0,0,0,0,0,0,0,0,0,0,0,0,0,0,0,0,0,0,0,0,0,0,0,0,0,0,0,0,0,0,0,0,0,0,0,0,0,0,0,0,0,0,0,0,0,0,0,0,0,0,0,0,0,0,0,0,0,0,0,0,0,0,0,0,0,0,0,0,0,0,0,0.0
3/11/20,0,0,0,0,0,0,0,0,0,0,0,0,0,0,0,0,0,0,0,0,0,0,0,0,0,0,0,0,0,0,0,0,0,0,0,0,0,0,0,0,0,0,0,0,0,0,0,0,0,0,0,0,0,0,0,0,0,0,0,0,0,0,0,0,0,0,0,0,0,0,0,0,0,0,0,0,0,0,0,0,0,0,0.0
3/12/20,0,0,0,0,0,0,0,0,0,0,0,0,0,0,0,0,0,1,0,0,0,0,0,0,0,0,0,0,0,0,0,0,0,0,0,0,0,0,0,0,0,0,0,0,0,0,0,0,0,0,0,0,0,0,0,0,0,0,0,0,0,0,0,0,0,0,0,0,0,0,0,0,0,0,0,0,0,0,0,0,0,0,1.0
3/13/20,0,0,0,0,0,0,0,0,0,0,0,0,0,0,0,0,0,3,0,0,0,0,0,0,0,0,0,0,0,0,0,0,0,0,0,0,0,0,0,0,0,1,0,0,0,0,0,0,0,0,0,0,0,0,0,0,0,0,0,0,0,0,0,0,0,0,0,0,0,0,0,0,0,0,0,0,0,0,0,0,0,0,4.0
3/14/20,0,0,0,0,0,0,0,0,0,0,0,0,0,0,1,0,0,3,0,0,0,0,0,0,0,0,0,0,0,0,0,0,0,0,0,0,0,0,0,0,0,1,0,0,0,0,0,0,0,0,0,0,0,0,1,0,0,0,0,0,0,0,0,0,0,0,0,0,0,0,0,0,0,0,0,0,0,0,0,0,0,0,6.0
3/15/20,0,0,0,0,0,0,0,0,0,0,0,0,0,0,1,0,0,3,0,0,0,0,0,0,0,0,0,0,0,0,0,0,0,0,0,0,0,0,0,0,0,1,0,0,0,0,0,0,0,0,0,0,0,0,1,0,0,0,0,0,0,0,0,0,0,0,0,0,0,0,0,0,0,0,0,0,0,0,0,0,0,0,6.0
3/16/20,0,0,0,0,0,0,0,0,0,0,0,0,0,0,2,0,0,3,0,0,0,0,1,0,2,0,0,0,0,0,0,0,0,0,0,0,0,0,0,0,0,1,0,0,0,0,0,1,0,0,0,0,0,0,2,0,0,0,0,0,0,0,0,0,0,0,0,0,0,0,0,0,0,0,0,0,0,0,0,0,0,0,12.0
3/17/20,0,0,0,0,0,0,0,0,0,0,0,0,0,0,2,0,0,3,0,0,0,0,1,1,6,0,0,0,0,1,0,0,0,0,0,0,0,0,0,0,0,4,0,0,0,0,0,1,0,0,0,0,0,0,2,0,0,0,0,0,0,0,0,0,0,0,0,0,0,0,0,0,0,0,0,0,0,0,0,0,0,0,21.0
3/18/20,0,0,0,0,0,2,0,0,0,0,0,0,0,2,2,0,2,3,0,0,0,0,2,3,6,0,0,0,0,2,0,0,0,0,0,0,0,0,0,0,0,4,0,0,0,0,0,1,0,0,0,0,0,0,4,1,0,0,0,0,0,0,0,0,0,0,0,0,0,0,0,0,0,0,0,0,0,0,0,0,0,0,34.0
3/19/20,0,0,0,0,0,2,0,0,0,0,0,0,0,2,2,0,2,4,0,0,0,0,1,7,6,1,0,0,0,2,0,0,0,1,0,1,0,0,0,0,0,4,0,0,1,0,0,1,0,0,0,0,0,0,7,1,0,0,0,0,0,0,0,0,1,0,0,0,0,0,0,0,0,1,0,0,0,0,1,1,0,1,50.0
3/20/20,1,0,0,0,0,2,0,0,0,0,0,0,0,3,2,0,4,4,1,0,0,0,3,8,7,3,1,0,0,3,0,0,0,1,0,1,0,0,1,0,1,7,0,0,3,0,1,2,0,0,0,0,0,0,7,1,1,0,0,0,3,0,0,0,1,0,0,0,0,3,0,0,0,1,0,0,0,1,1,1,0,1,80.0
3/21/20,2,0,0,0,0,2,0,0,0,0,0,0,1,5,2,0,13,5,2,1,0,1,4,8,7,3,1,0,0,3,0,0,0,1,0,1,0,0,1,0,1,7,0,0,3,0,1,2,0,0,0,0,0,0,7,1,1,0,0,0,3,0,0,0,1,0,0,0,0,3,0,0,0,1,0,0,0,1,1,1,0,1,98.0
3/22/20,1,0,0,1,0,3,0,0,1,0,0,0,1,7,4,0,18,11,3,1,0,2,4,15,20,6,1,0,3,5,0,0,0,1,0,5,0,0,2,1,6,8,4,4,9,0,3,2,1,0,0,0,2,2,10,1,3,1,0,0,7,1,0,1,1,0,2,0,1,7,0,2,1,2,0,3,0,1,3,2,0,1,207.0
3/23/20,2,0,0,1,0,4,0,0,3,0,0,0,1,8,4,0,23,11,3,1,0,2,4,21,24,6,1,0,3,7,0,0,0,1,0,5,1,0,2,1,8,9,4,6,11,1,3,2,1,0,0,0,5,2,12,1,4,1,0,0,8,1,0,1,1,0,2,1,1,9,0,2,1,2,0,4,0,1,3,2,0,1,249.0
3/24/20,2,0,0,3,0,4,0,0,6,1,0,0,1,11,5,0,29,14,3,1,0,2,5,24,31,6,1,0,3,10,0,0,0,1,0,8,2,0,2,2,12,10,4,6,14,1,3,3,2,0,1,1,5,2,13,1,7,2,0,0,13,2,0,1,1,0,3,2,1,11,0,3,1,2,0,5,0,2,4,2,0,3,320.0
3/25/20,2,0,1,4,0,4,1,0,6,3,0,0,1,11,6,0,36,15,3,1,0,2,5,25,38,7,1,0,3,12,0,0,0,1,0,8,2,0,3,3,14,13,4,6,17,1,4,3,4,0,1,1,7,2,13,1,10,2,1,0,20,3,0,1,1,0,3,2,2,11,0,3,2,3,0,5,0,2,5,3,0,3,377.0
3/26/20,3,0,1,7,1,6,3,0,7,4,0,0,1,17,8,0,49,16,2,1,0,2,6,31,43,7,1,0,3,16,0,0,0,1,0,10,4,3,5,4,15,13,6,8,21,1,7,3,4,0,1,1,10,4,16,1,12,3,1,2,23,4,0,1,1,0,4,2,6,14,0,5,2,4,0,9,0,2,8,3,3,3,485.0
3/27/20,6,0,0,8,2,9,3,0,9,4,0,0,2,18,8,0,63,16,2,1,0,2,9,34,50,10,1,0,3,24,0,1,0,1,1,11,4,10,5,4,15,13,6,9,25,1,9,3,4,1,1,1,12,4,18,2,12,4,1,3,29,6,1,1,1,0,5,2,8,15,0,6,3,4,0,11,0,3,9,3,3,4,579.0
3/28/20,6,1,0,9,2,11,3,0,10,4,0,1,2,18,8,1,65,18,3,1,0,2,9,38,58,13,2,0,3,33,0,1,0,3,1,11,4,12,5,4,17,15,8,10,29,3,11,3,5,3,1,2,14,4,23,2,12,4,2,4,31,7,1,2,1,0,7,2,8,18,0,6,3,5,0,13,0,3,11,4,3,4,663.0
3/29/20,7,1,4,9,4,11,3,1,10,5,1,1,2,18,8,1,71,19,3,3,0,3,15,43,66,13,2,0,3,34,0,1,0,5,1,13,4,15,5,5,21,15,9,10,37,4,13,5,6,4,1,2,15,5,27,2,14,3,4,4,35,7,1,2,1,0,10,2,9,23,0,6,3,5,1,16,0,3,12,4,3,5,759.0
3/30/20,7,0,4,9,4,11,3,1,10,5,1,1,2,18,8,1,71,19,3,3,0,3,15,43,66,13,2,0,3,34,0,1,0,5,1,13,4,15,5,5,21,15,9,10,37,4,13,5,6,4,1,2,15,5,27,2,14,3,4,4,35,7,1,2,1,0,10,2,9,23,0,6,3,5,1,16,0,3,12,4,3,5,758.0
3/31/20,10,3,4,10,4,22,3,1,13,6,1,4,4,21,9,2,84,21,3,3,0,3,16,45,90,15,3,0,3,40,0,1,0,6,1,15,5,35,5,5,24,19,11,11,42,5,14,6,7,4,2,3,17,7,30,3,17,5,4,3,40,10,1,2,1,0,11,2,11,26,1,12,3,5,1,20,0,5,14,7,6,9,937.0
4/1/20,11,3,4,11,4,25,3,2,15,7,1,5,5,22,9,3,94,27,3,4,0,3,20,49,109,16,4,0,4,52,1,1,0,6,1,15,6,39,5,5,25,20,13,11,53,6,15,7,8,5,2,3,18,8,32,5,20,6,4,4,48,12,2,3,1,0,12,2,11,28,1,13,3,7,2,22,0,7,16,9,6,9,1073.0
4/2/20,14,3,4,12,5,27,4,3,14,7,1,4,7,23,10,3,103,26,3,4,0,4,22,53,118,16,4,0,3,57,2,1,0,6,4,16,8,46,5,6,24,20,14,10,55,5,18,11,8,4,4,4,20,8,36,6,21,10,4,4,50,13,2,4,6,0,12,2,12,29,1,14,4,10,2,29,1,8,17,9,7,11,1177.0
4/3/20,14,6,5,14,5,32,4,5,15,7,1,4,7,26,11,4,111,30,3,4,0,4,28,69,139,16,4,0,3,75,3,1,0,8,4,21,9,50,5,7,26,21,14,12,65,5,19,12,10,5,4,5,23,8,41,11,21,11,9,4,64,17,2,5,6,0,13,2,13,30,1,14,5,11,2,31,1,8,22,11,7,13,1358.0
4/4/20,16,6,6,14,5,34,4,5,15,8,1,5,7,27,12,4,118,34,4,4,0,4,30,70,140,17,4,0,3,79,3,2,0,9,4,21,13,61,4,8,28,22,14,13,67,6,20,12,10,6,6,5,24,10,43,13,23,12,9,5,66,17,2,5,6,0,18,2,14,31,1,15,6,12,3,31,2,11,25,11,9,19,1455.0
4/5/20,19,6,6,15,5,45,4,5,15,8,1,5,7,28,16,6,132,42,5,5,0,7,31,73,154,21,4,0,3,86,3,3,0,11,5,22,13,65,4,10,30,22,16,15,72,7,20,13,11,9,7,5,27,17,49,14,26,12,9,6,72,23,3,5,10,1,19,3,15,35,1,17,6,12,5,36,5,11,30,12,9,31,1638.0
4/6/20,19,6,6,15,5,51,9,6,15,8,1,8,9,29,16,6,136,46,5,5,1,7,30,79,158,23,4,0,4,98,3,3,0,13,6,22,15,70,5,11,30,23,18,15,74,8,23,16,11,11,7,5,27,17,52,14,28,12,10,7,74,23,3,6,11,1,19,3,16,36,1,18,6,12,5,38,5,12,30,15,11,32,1738.0
4/7/20,24,6,7,15,5,54,10,7,15,9,3,10,10,30,17,7,140,59,5,5,1,8,31,89,169,25,5,0,5,108,4,3,0,14,10,25,18,78,5,15,38,26,21,16,82,13,24,18,12,12,7,5,29,19,56,14,31,12,10,9,78,32,3,7,11,3,25,3,18,36,1,17,6,14,7,40,5,12,32,17,11,32,1915.0
4/8/20,25,6,7,15,5,54,13,7,17,9,3,10,11,32,19,7,144,59,5,5,1,8,32,88,178,27,6,0,5,111,4,4,0,15,11,26,19,84,6,15,40,28,26,17,83,14,24,19,12,13,7,5,30,19,60,14,33,13,10,12,79,34,3,6,15,4,27,3,18,37,1,17,6,15,9,41,5,13,33,16,11,38,2003.0
4/9/20,27,6,10,17,5,57,13,7,20,9,3,12,14,35,27,7,150,71,8,5,1,10,37,96,203,31,7,0,7,122,10,4,4,19,13,26,24,99,8,22,40,32,32,18,88,16,26,24,13,17,8,5,35,21,73,14,35,14,10,12,85,43,3,6,16,5,32,3,19,41,2,17,6,16,10,46,6,13,37,17,11,47,2260.0
4/10/20,42,7,10,17,5,61,13,7,21,9,3,13,17,37,30,8,158,76,9,7,1,10,37,99,219,39,9,0,8,135,10,4,5,25,14,28,28,118,7,22,41,43,41,19,95,17,28,25,14,21,10,6,36,22,77,15,39,14,12,12,88,47,3,7,17,5,34,3,22,42,2,18,7,16,12,48,7,13,40,17,11,55,2469.0
4/11/20,49,7,11,18,5,65,14,7,22,10,5,13,17,38,28,12,163,86,10,7,2,10,38,107,234,42,9,0,9,139,12,4,5,30,14,29,31,133,6,27,42,44,41,22,99,17,30,31,14,26,12,6,36,22,82,16,47,14,12,12,94,52,3,7,23,9,35,3,23,43,2,19,7,16,11,49,8,14,42,18,13,58,2642.0
4/12/20,51,7,12,20,5,68,18,7,24,10,6,13,18,38,31,14,171,95,10,7,2,10,40,110,247,44,9,0,9,140,14,4,5,33,14,29,32,135,6,27,43,45,46,24,103,21,33,36,14,31,10,6,37,22,83,18,54,15,13,12,99,54,3,7,24,10,35,3,24,43,2,21,7,18,14,53,8,14,45,19,14,63,2781.0
4/13/20,57,7,14,20,5,68,24,8,30,11,7,15,20,38,31,15,178,105,10,8,2,11,40,112,259,46,11,0,9,147,14,4,5,37,14,30,38,150,6,29,46,48,49,25,106,21,34,37,15,34,10,6,37,23,88,19,59,15,14,12,100,58,3,7,28,11,38,4,24,44,2,21,7,21,14,57,9,14,49,20,14,64,2942.0
4/14/20,62,7,14,22,5,69,25,8,32,11,6,15,20,39,31,15,188,114,10,10,2,13,46,121,263,47,11,0,9,157,14,4,6,40,14,33,46,156,7,32,46,52,56,25,108,25,34,38,15,33,14,6,37,26,93,20,62,15,14,12,105,62,3,7,30,14,41,4,25,45,2,23,8,22,14,57,9,14,49,20,14,64,3087.0
4/15/20,64,7,15,25,5,70,27,9,33,11,8,19,21,43,35,19,199,122,10,8,3,14,49,129,280,52,12,0,11,182,15,4,7,42,15,36,48,165,7,40,46,55,81,27,112,34,35,46,15,35,14,10,41,26,102,20,72,15,15,13,113,79,3,12,36,15,42,6,26,45,2,23,9,22,15,62,9,14,51,22,14,65,3360.0
4/16/20,70,7,16,28,5,74,30,9,37,11,8,20,21,45,39,19,211,134,14,8,3,14,50,134,301,53,12,0,13,189,19,4,7,48,16,39,56,174,10,50,48,62,86,30,116,35,37,54,15,39,16,18,42,27,112,20,82,16,15,13,122,100,3,13,37,16,43,7,27,45,2,26,9,22,16,67,10,15,53,24,14,72,3624.0
4/17/20,73,7,17,31,6,76,32,10,39,11,8,21,22,45,40,22,213,137,14,9,3,15,50,137,314,54,12,0,13,196,20,4,8,56,16,39,57,181,12,60,49,70,95,30,123,38,37,58,15,46,19,20,42,27,115,21,93,17,16,13,128,96,3,14,38,17,45,8,27,45,2,28,9,22,17,68,10,17,53,27,14,81,3793.0
4/18/20,73,7,16,34,5,79,36,10,40,11,8,22,24,46,41,28,220,137,15,10,3,19,50,144,325,58,12,0,21,201,22,4,8,63,17,40,59,190,14,64,54,75,102,32,127,39,39,62,15,55,21,20,43,30,119,22,97,17,16,13,130,106,3,14,39,17,46,8,29,46,3,30,9,23,18,70,10,15,55,29,15,85,3974.0
4/19/20,81,8,17,36,7,82,39,14,43,12,10,27,25,48,46,29,234,144,16,10,3,20,52,144,337,58,12,0,21,205,23,4,8,70,19,64,67,202,16,77,60,91,101,32,135,43,38,68,15,65,26,22,43,35,126,22,104,18,19,13,133,130,3,21,45,18,47,8,31,47,4,31,11,24,21,71,11,15,58,33,15,91,4274.0
4/20/20,83,7,17,44,8,85,42,14,45,13,10,29,26,49,46,33,238,147,16,10,3,26,53,145,347,60,12,0,26,209,23,6,10,74,21,67,71,220,17,86,63,105,107,34,140,47,38,75,15,73,30,22,43,36,132,22,115,18,25,13,141,148,3,28,47,19,47,8,34,47,4,32,11,24,22,71,12,15,61,36,16,95,4512.0
4/21/20,90,7,18,49,9,86,42,14,51,13,10,31,27,52,51,37,239,151,17,10,4,26,53,151,357,61,13,0,26,211,23,5,12,80,23,68,76,232,20,99,64,109,109,35,144,47,39,95,17,82,32,24,44,37,134,22,118,18,27,13,146,158,3,32,50,19,48,8,34,49,4,33,12,24,25,71,12,16,64,34,17,103,4716.0
4/22/20,96,7,20,51,8,87,43,15,51,13,12,36,27,53,52,38,244,158,16,10,4,27,54,150,377,78,14,0,27,221,24,5,12,88,25,70,79,235,22,108,64,113,121,36,151,48,39,99,16,91,33,24,44,37,136,22,118,18,28,13,148,163,3,32,51,21,50,9,35,49,5,34,12,25,29,71,11,16,66,36,17,103,4894.0
4/23/20,101,8,24,62,9,89,43,15,52,13,12,37,28,53,59,40,252,164,17,10,4,27,55,152,383,83,14,0,30,228,27,5,13,94,27,81,79,249,25,118,66,119,125,36,165,53,40,109,16,102,45,29,45,38,142,23,126,18,29,14,153,177,4,33,53,22,51,9,35,49,5,34,14,27,32,71,17,16,65,37,17,110,5153.0
4/24/20,104,9,23,68,9,90,46,15,53,13,13,43,29,54,65,43,256,174,16,11,4,27,56,157,401,92,14,0,32,235,29,5,19,104,31,83,82,268,26,136,70,124,132,38,178,55,40,117,17,116,51,35,46,38,144,23,127,18,29,14,154,200,4,36,55,22,51,11,38,50,7,34,14,27,39,74,16,17,66,38,17,117,5434.0
4/25/20,109,9,23,80,9,94,48,15,56,13,18,44,32,54,68,45,263,181,16,11,4,27,59,158,412,100,14,0,33,237,32,8,22,116,40,87,85,284,30,149,72,131,136,41,186,57,41,123,18,119,58,45,46,36,148,25,133,18,29,14,162,240,4,38,58,22,51,11,38,51,7,34,14,27,45,77,19,16,68,38,17,120,5718.0
4/26/20,113,9,23,82,9,96,50,18,63,13,19,46,31,56,71,50,261,190,16,11,4,27,60,158,415,105,14,0,37,238,31,9,25,118,43,88,89,295,35,158,72,136,136,41,194,58,41,134,19,153,61,46,46,37,152,26,136,18,30,14,167,249,4,40,60,22,51,11,38,52,7,35,15,28,47,78,19,16,68,38,18,122,5911.0
4/27/20,116,8,26,86,9,101,50,20,64,13,19,47,31,58,79,51,266,190,17,11,4,27,60,159,421,114,18,0,49,240,32,12,27,130,49,88,92,304,36,161,70,137,136,45,208,58,41,144,19,156,64,52,46,38,153,26,136,18,32,14,171,258,5,40,65,22,52,11,38,52,8,35,15,29,50,77,19,16,68,40,19,126,6094.0
4/28/20,123,10,26,89,9,101,50,22,67,13,19,49,33,60,83,54,272,196,16,12,5,28,61,166,435,121,18,0,51,252,33,16,29,132,50,88,94,318,38,179,71,141,136,49,212,66,42,153,19,169,73,55,48,38,154,26,142,18,31,14,179,281,5,43,66,22,52,11,39,53,7,35,16,30,58,77,19,17,68,41,19,129,6342.0
4/29/20,129,10,26,94,9,101,51,25,68,13,20,53,34,61,88,55,277,198,16,13,5,28,61,171,450,129,22,0,51,255,34,23,31,136,56,88,102,334,42,190,70,145,141,49,224,69,42,157,20,174,78,61,49,38,157,26,143,18,32,14,182,296,5,45,73,22,53,11,41,53,7,35,16,30,65,77,20,17,69,43,19,134,6569.0
4/30/20,133,10,29,99,11,102,50,38,68,13,22,54,40,61,96,62,282,207,16,13,5,28,62,174,470,133,23,0,57,259,42,18,32,143,57,89,103,349,45,204,69,148,141,54,229,72,43,157,28,187,81,66,51,39,163,27,148,18,32,14,186,316,5,46,74,22,53,11,41,54,7,35,17,31,68,77,23,18,69,42,19,135,6815.0
5/1/20,148,10,29,109,12,102,52,58,75,13,23,55,42,64,108,67,293,219,16,14,5,32,62,177,496,153,24,0,59,267,48,20,35,159,64,89,111,365,46,219,71,164,143,58,251,75,44,161,29,205,87,73,51,39,175,27,149,18,32,15,194,339,5,47,76,22,55,11,42,56,7,35,19,32,74,77,23,19,69,44,20,139,7212.0
5/2/20,149,10,28,117,12,105,54,60,76,13,27,58,47,66,114,67,294,226,16,14,5,34,67,181,505,159,25,0,62,267,54,21,38,168,67,89,114,378,50,229,71,165,150,58,268,75,45,173,32,212,88,79,52,39,176,27,153,20,32,15,197,354,5,47,78,22,55,12,41,56,8,35,25,32,78,77,24,19,69,47,20,144,7441.0
5/3/20,148,10,28,117,12,107,55,62,76,13,28,61,48,69,116,66,298,232,17,14,5,34,68,181,507,161,24,0,63,267,55,22,40,172,76,91,117,380,50,233,71,168,151,60,272,75,47,175,32,214,93,79,52,40,177,29,155,22,32,15,200,358,5,48,79,22,56,12,43,57,8,36,27,33,81,77,24,19,69,47,20,147,7550.0
5/4/20,149,10,30,128,12,110,56,77,78,14,30,62,52,70,124,74,304,248,18,14,6,35,68,184,542,168,25,0,64,267,62,23,43,185,79,93,121,432,53,247,72,174,154,61,286,75,48,175,35,222,93,88,54,40,181,31,155,22,32,16,207,369,5,49,81,22,57,12,45,58,8,36,30,33,83,77,24,20,70,49,20,151,7877.0
5/5/20,151,10,32,137,12,112,58,111,80,14,33,67,57,70,126,84,308,259,17,14,6,36,68,186,565,168,26,0,64,270,64,24,45,193,79,96,125,436,57,257,75,175,155,65,298,76,48,177,47,243,106,92,57,40,183,31,160,22,33,16,221,404,5,53,86,22,60,12,45,58,8,36,36,35,88,78,25,21,71,52,21,154,8207.0
5/6/20,154,10,32,159,12,115,57,102,83,14,33,68,58,70,137,82,310,273,17,15,6,41,68,187,588,176,27,0,65,271,66,26,45,199,80,96,127,448,61,257,73,177,166,64,318,77,49,178,51,254,113,92,59,42,183,32,159,22,33,16,226,410,5,55,92,23,61,12,45,61,8,37,40,36,90,80,26,21,72,53,23,155,8424.0
5/7/20,157,10,33,170,13,115,57,99,84,14,33,71,63,70,141,84,320,283,18,15,6,45,72,188,600,190,28,0,66,272,76,30,47,209,84,96,136,450,61,267,73,180,179,71,333,80,50,188,56,261,121,97,62,43,188,33,162,22,33,16,231,423,5,56,95,23,61,12,48,61,8,39,41,36,90,78,27,21,74,57,25,154,8686.0
5/8/20,157,10,33,182,13,118,57,97,88,15,37,77,64,71,152,88,325,294,17,15,6,45,72,193,657,196,28,0,67,273,84,30,51,223,89,98,141,463,63,286,77,182,179,73,404,82,52,191,65,287,130,100,73,43,189,32,163,22,33,16,238,438,5,60,99,23,63,12,49,63,9,38,42,37,94,80,27,21,74,61,27,162,9090.0
5/9/20,158,10,34,191,13,119,57,101,92,15,41,79,65,71,157,89,333,309,17,15,6,47,73,198,663,206,30,0,68,275,86,30,53,243,91,98,145,471,64,299,78,185,184,79,422,83,55,200,67,307,137,102,86,43,190,34,168,24,35,16,248,454,5,61,100,24,63,12,50,65,10,38,48,37,98,82,27,21,75,61,30,162,9378.0
5/10/20,159,10,38,190,13,118,57,103,92,16,41,81,66,71,162,90,331,314,19,15,6,51,74,198,670,213,30,0,68,275,86,30,53,247,92,98,152,482,66,299,77,185,186,83,431,81,55,199,69,315,138,102,89,43,189,34,168,24,36,17,250,457,5,61,100,24,63,12,50,65,10,38,47,39,117,82,27,22,77,63,31,164,9501.0
5/11/20,160,10,38,196,13,118,58,103,93,16,41,84,66,71,163,93,336,315,18,15,6,52,74,198,675,223,34,0,69,276,89,31,55,249,93,101,156,492,66,307,80,185,186,86,466,84,56,199,69,320,142,105,89,43,190,34,170,23,36,17,251,462,5,62,104,24,63,12,52,66,10,39,50,41,117,85,28,22,77,66,36,169,9674.0
5/12/20,161,11,38,205,14,120,58,105,94,16,41,87,68,72,165,100,346,331,19,15,6,52,74,201,681,224,38,0,70,276,92,32,58,260,97,101,156,501,70,318,81,191,189,91,491,84,58,202,69,326,147,117,91,45,190,35,173,23,36,17,256,475,5,63,105,23,64,13,54,66,10,40,54,42,122,86,29,22,78,67,36,169,9908.0
5/13/20,163,11,38,206,14,120,58,105,95,17,41,90,72,72,170,99,350,336,19,16,6,55,75,210,698,231,39,0,71,278,97,32,60,264,99,102,158,523,71,323,81,192,191,93,493,86,62,203,69,338,155,117,94,45,190,35,173,24,36,18,262,483,5,65,107,23,64,14,54,66,10,40,55,42,123,87,29,22,78,67,44,171,10090.0
5/14/20,164,12,39,212,14,120,58,106,110,18,48,97,75,73,191,101,355,357,19,16,7,56,79,223,717,262,39,0,73,280,104,33,63,287,100,106,164,557,74,332,83,197,194,100,502,86,63,209,70,354,161,118,97,46,193,35,173,25,36,19,271,487,5,72,107,26,65,15,55,66,11,40,57,42,127,92,32,22,78,70,65,176,10483.0
5/15/20,166,12,41,224,13,127,58,109,114,19,48,97,78,75,190,104,369,380,19,18,7,58,78,214,745,278,42,0,75,283,110,34,67,304,100,107,166,566,74,351,85,199,197,108,507,86,65,215,71,369,172,132,99,47,195,36,174,25,36,20,276,504,5,75,109,24,69,18,55,67,13,44,59,44,129,100,33,22,78,73,66,180,10801.0
5/16/20,171,12,46,233,13,130,58,110,114,20,49,98,79,76,195,105,384,416,19,17,7,58,79,215,768,288,44,0,75,284,110,35,68,319,101,107,173,578,77,352,89,200,202,112,526,87,66,222,71,397,186,134,102,50,195,36,176,25,36,21,282,521,6,75,111,24,69,18,56,69,14,44,60,46,133,113,37,23,78,75,71,182,11123.0
5/17/20,172,12,46,249,13,129,58,110,115,22,49,101,79,76,201,105,386,431,21,17,7,59,80,215,773,293,45,0,78,286,111,37,68,337,100,109,175,585,78,353,93,200,217,122,533,89,66,222,72,405,187,134,104,50,195,36,176,25,36,21,285,524,6,76,112,24,68,19,57,69,14,44,60,46,133,115,39,23,78,81,71,188,11296.0
5/18/20,173,12,46,248,13,129,58,110,116,23,49,102,79,79,204,108,391,442,21,17,7,60,81,216,772,298,46,0,79,287,114,37,68,342,102,109,175,589,78,361,93,200,218,126,543,89,67,220,72,423,192,140,105,50,195,36,178,25,36,21,287,532,6,78,115,24,68,21,55,69,14,44,62,46,133,123,39,22,78,83,73,190,11432.0
5/19/20,177,12,45,259,13,129,59,110,116,23,51,113,86,85,207,110,404,435,21,19,7,60,81,218,786,310,49,0,79,287,116,38,69,358,105,109,199,602,80,364,96,202,218,132,561,93,67,220,74,429,196,145,107,52,195,37,184,25,36,21,295,550,7,78,120,24,68,21,55,69,21,45,65,44,135,128,45,22,78,86,75,192,11704.0
5/20/20,178,12,48,259,13,132,59,111,117,24,51,120,86,86,211,117,418,438,22,19,7,63,81,220,800,320,49,0,81,288,123,38,69,366,110,110,205,616,80,367,95,205,222,135,573,97,68,226,75,452,206,145,110,54,197,38,186,26,36,21,310,567,7,79,121,26,70,21,56,69,21,45,65,46,136,139,51,22,80,86,75,194,11967.0
5/21/20,179,12,49,257,13,133,61,112,122,27,51,119,90,86,228,123,419,453,23,19,7,66,81,224,825,333,49,0,80,291,126,40,69,386,112,110,210,637,81,368,97,206,224,136,582,100,68,229,76,470,210,148,114,58,197,38,188,26,37,21,315,569,7,79,124,25,71,23,58,69,21,45,66,48,138,143,58,25,80,92,76,194,12222.0
5/22/20,180,15,49,269,13,134,61,113,125,29,58,123,95,92,259,125,442,462,23,19,7,68,86,230,855,343,50,0,81,291,131,40,69,422,116,116,215,647,82,373,99,211,231,139,618,103,68,231,77,477,214,152,126,59,203,40,190,26,37,23,325,578,7,82,127,27,73,23,59,69,22,47,68,50,144,143,72,27,81,92,79,198,12625.0
5/23/20,181,15,50,270,14,136,60,113,125,29,57,124,96,96,273,127,458,478,25,19,7,72,84,231,877,359,52,0,82,296,135,40,70,435,118,118,218,670,86,382,101,240,238,158,639,104,69,241,78,511,221,157,128,61,203,43,194,26,37,23,336,587,7,83,126,30,77,23,58,69,23,48,70,51,148,151,76,27,81,98,82,204,13005.0
5/24/20,186,15,52,270,14,140,60,113,126,29,58,126,99,98,278,127,461,480,25,19,7,75,87,234,893,365,53,0,85,296,139,40,71,467,125,123,219,678,90,384,104,240,243,160,654,108,69,242,78,512,224,158,134,62,203,46,196,26,38,24,349,589,7,85,131,30,77,24,59,70,25,48,71,51,150,153,109,27,82,98,82,215,13260.0
5/25/20,188,14,52,273,15,141,60,113,127,32,58,131,99,106,284,131,474,486,25,20,7,75,88,237,898,369,53,0,85,296,145,40,71,492,127,124,220,680,94,388,108,241,245,164,653,110,71,246,80,514,227,165,139,62,205,49,200,26,39,24,356,592,7,85,131,30,79,24,59,70,25,48,72,49,154,153,125,28,84,98,84,219,13458.0
5/26/20,189,14,53,277,15,142,60,114,127,33,58,135,101,108,284,140,485,503,27,20,8,78,88,237,904,370,52,0,86,296,146,41,74,506,132,126,222,689,97,389,113,246,248,166,675,110,71,249,80,539,231,166,144,64,205,49,201,26,40,24,358,597,7,91,131,30,78,24,66,71,26,50,74,50,158,159,133,63,85,102,84,221,13731.0
5/27/20,190,14,56,277,14,149,61,114,128,35,64,135,104,113,285,141,493,511,27,20,11,82,87,245,920,373,53,0,85,300,148,40,75,525,131,125,227,699,99,395,117,250,250,182,687,112,76,253,81,565,250,169,150,64,207,49,202,28,41,25,373,623,7,93,133,30,78,25,69,71,26,52,78,51,158,163,148,59,85,105,85,223,14044.0
5/28/20,190,14,56,284,15,154,63,115,130,34,69,138,108,114,290,143,503,523,28,21,9,85,87,247,959,385,58,0,84,303,152,40,77,566,136,127,231,713,102,400,124,251,250,189,694,114,77,252,81,589,256,173,154,64,206,50,203,29,42,25,385,630,7,95,145,30,78,26,74,71,28,53,80,52,159,166,154,61,85,105,85,227,14372.0
5/29/20,192,16,59,287,15,156,63,118,132,39,72,139,111,120,298,159,520,534,28,21,11,88,87,251,971,389,59,0,85,303,152,41,77,576,144,130,235,730,102,409,139,255,250,200,709,114,81,254,81,606,263,179,233,66,207,50,203,29,51,25,399,640,7,95,148,30,79,26,81,71,30,53,81,54,163,166,171,64,86,109,87,239,14793.0
5/30/20,196,17,60,292,15,160,64,117,133,43,111,143,112,121,310,165,533,553,28,25,12,89,90,257,999,397,60,0,87,305,157,42,77,598,144,131,235,735,102,421,149,258,256,211,720,115,83,255,83,630,271,185,235,70,209,50,202,32,52,26,421,650,7,101,150,30,81,27,89,73,32,54,83,55,171,168,177,69,88,112,90,273,15229.0
5/31/20,199,17,64,298,15,162,65,117,135,43,111,144,112,125,312,165,542,564,29,25,13,94,91,258,1006,429,60,0,87,308,163,42,77,629,144,136,238,738,102,427,153,264,263,211,724,115,83,257,85,646,271,186,239,71,209,50,203,35,53,33,439,650,7,101,152,30,84,27,94,73,32,55,83,56,173,178,204,69,88,117,93,281,15523.0
6/1/20,200,17,64,298,14,165,65,117,137,48,110,148,114,125,313,173,550,583,29,25,16,95,91,261,1028,434,59,0,88,307,163,42,77,652,145,137,239,741,106,431,154,265,266,219,742,117,81,261,85,671,278,187,243,71,209,50,203,36,56,34,446,648,7,100,152,30,85,27,95,73,32,55,84,57,175,191,210,68,85,120,94,283,15752.0
6/2/20,200,18,64,303,14,165,67,117,137,48,112,154,115,127,315,173,553,594,29,26,22,99,91,263,1035,439,59,0,89,308,165,43,80,663,147,141,248,745,106,447,165,273,270,230,745,117,81,265,85,707,282,191,253,84,211,51,204,43,56,34,446,661,7,102,153,31,85,29,95,76,34,56,85,61,181,191,224,68,85,121,96,286,16041.0
6/3/20,202,19,65,307,14,166,67,116,140,48,114,155,118,128,325,177,559,592,29,28,33,100,90,265,1066,441,60,0,90,309,166,42,81,686,149,150,248,760,108,454,185,273,278,241,757,116,85,267,86,722,283,193,267,85,212,51,205,45,53,31,453,662,7,104,153,32,93,30,88,76,35,56,86,63,191,194,235,67,85,122,97,291,16322.0
6/4/20,203,19,66,311,14,169,67,119,140,50,115,156,125,131,329,179,575,595,29,29,33,107,90,269,1074,443,63,0,89,314,167,42,82,701,155,154,250,759,107,452,194,277,280,247,767,116,87,269,84,728,288,193,273,84,212,51,204,47,53,32,456,663,7,104,155,32,92,30,91,76,36,58,89,64,196,198,262,84,85,124,104,296,16560.0
6/5/20,204,19,65,312,14,169,68,119,143,52,116,156,125,132,334,183,593,600,29,30,30,110,90,268,1104,444,64,0,89,314,168,42,82,709,156,156,252,765,107,455,197,282,281,252,778,116,89,269,84,739,292,195,283,87,212,51,204,49,53,32,463,663,7,105,156,32,96,31,93,76,36,58,89,67,199,199,280,88,85,124,111,298,16769.0
6/6/20,204,20,65,315,15,170,68,119,146,52,119,157,130,132,337,186,605,607,29,30,36,112,92,274,1111,444,69,0,89,317,175,46,84,715,159,156,254,775,108,460,220,287,286,263,788,117,89,273,85,747,297,196,290,93,213,51,204,52,55,32,473,670,7,105,164,32,96,31,95,79,37,58,91,70,201,200,295,93,85,125,112,300,17039.0
6/7/20,204,20,65,315,15,174,70,119,147,53,120,159,132,134,341,188,611,610,30,30,42,113,92,281,1137,454,70,0,90,321,179,46,84,729,159,156,259,779,108,462,224,288,289,270,796,119,90,277,85,755,298,200,297,96,215,51,207,55,56,32,480,671,7,105,165,32,97,32,96,80,37,58,91,74,206,202,315,96,85,128,114,301,17270.0
6/8/20,222,22,66,317,16,176,72,120,153,58,127,163,134,139,357,190,633,635,29,31,47,127,93,288,1164,461,74,0,92,329,184,50,85,777,163,157,262,785,109,466,237,309,300,274,807,127,93,280,86,772,301,204,300,102,217,52,211,60,57,32,485,673,7,108,168,34,103,35,103,84,41,58,92,76,214,215,328,98,85,136,121,310,17768.0
6/9/20,222,23,66,319,16,179,74,121,154,62,129,163,137,141,360,190,642,649,29,32,47,133,93,299,1186,461,75,0,93,338,185,50,85,792,166,157,272,793,109,469,248,322,308,277,832,129,96,285,88,805,307,206,307,105,221,52,211,62,62,32,498,677,7,112,172,34,105,35,112,87,42,60,92,82,223,221,335,98,85,136,123,321,18123.0
6/10/20,222,26,67,323,17,180,75,123,158,62,131,164,145,141,366,200,664,667,29,32,45,138,94,311,1206,460,78,0,96,339,189,50,84,812,166,161,278,795,113,472,261,330,314,290,843,132,98,290,88,821,313,209,327,110,221,52,213,64,63,34,505,682,7,117,173,33,109,35,118,90,43,61,93,85,232,222,346,99,85,139,128,329,18483.0
6/11/20,222,26,67,323,17,180,75,123,158,62,131,164,145,141,366,200,664,667,29,32,45,138,94,311,1206,460,78,0,96,339,189,50,84,812,166,161,278,795,113,472,261,330,314,290,843,132,98,290,88,821,313,209,327,110,221,52,213,64,63,34,505,682,7,117,173,33,109,35,118,90,43,61,93,85,232,222,346,99,85,139,128,329,18483.0
6/12/20,225,28,67,328,17,185,77,122,163,62,138,165,169,145,388,201,694,672,30,35,49,153,98,319,1245,463,80,0,99,344,190,52,84,845,167,169,287,801,115,478,287,350,316,311,864,137,98,291,93,855,320,212,348,118,219,53,220,70,65,39,529,685,8,117,173,34,113,39,123,92,44,62,96,97,245,236,373,109,85,143,136,337,19091.0
6/13/20,225,29,70,328,17,185,78,122,165,65,138,165,173,146,397,203,713,678,30,35,51,157,100,335,1263,465,80,0,99,350,193,53,84,852,167,171,288,801,115,483,292,352,320,311,877,140,101,291,94,877,321,212,351,121,221,54,224,71,65,48,536,688,8,117,175,34,117,40,128,93,46,64,97,100,248,246,373,109,85,148,137,347,19348.0
6/14/20,225,30,70,331,17,190,80,122,166,65,138,166,174,147,405,205,714,679,30,35,51,160,100,344,1274,468,80,0,100,356,193,54,84,868,167,175,288,805,115,483,296,358,324,315,886,141,103,293,94,878,321,212,357,122,222,54,226,74,66,49,537,688,8,119,178,34,118,42,128,93,47,64,102,103,252,253,375,110,85,149,138,348,19516.0
6/15/20,226,30,72,332,17,194,80,122,168,65,140,166,174,150,412,206,718,681,30,37,54,164,100,367,1308,471,82,0,103,367,197,55,84,881,169,181,288,811,118,487,301,368,327,317,889,145,107,295,97,881,322,212,363,127,223,54,244,77,66,50,539,690,8,119,180,35,121,43,134,94,47,66,102,105,259,266,389,109,85,150,138,348,19799.0
6/16/20,226,32,71,333,19,194,82,122,168,66,142,166,174,153,418,209,740,689,30,40,56,167,100,377,1349,474,83,0,106,378,200,54,84,899,170,195,292,816,120,491,310,376,329,335,905,152,110,297,98,895,324,216,374,137,223,54,247,79,68,51,550,692,8,123,182,34,127,45,135,95,47,67,108,107,262,269,398,109,85,155,139,350,20152.0
6/17/20,227,32,73,335,18,197,83,122,177,71,144,168,185,156,425,213,790,697,30,41,56,170,100,393,1390,477,83,0,106,385,203,57,86,910,169,209,300,818,121,496,330,385,330,352,922,163,122,301,98,921,325,218,386,146,224,55,248,93,70,52,563,696,9,126,182,35,128,49,155,100,47,67,109,111,280,276,409,109,85,158,139,354,20641.0
6/18/20,227,32,73,335,18,197,83,122,177,71,144,168,185,156,425,213,790,697,30,41,56,170,100,393,1390,477,83,0,106,385,203,57,86,910,169,209,300,818,121,496,330,385,330,352,922,163,122,301,98,921,325,218,386,146,224,55,248,93,70,52,563,696,9,126,182,35,128,49,155,100,47,67,109,111,280,276,409,109,85,158,139,354,20641.0
6/19/20,227,32,73,335,18,197,83,122,177,71,144,168,185,156,425,213,790,697,30,41,56,170,100,393,1390,477,83,0,106,385,203,57,86,910,169,209,300,818,121,496,330,385,330,352,922,163,122,301,98,921,325,218,386,146,224,55,248,93,70,52,563,696,9,126,182,35,128,49,155,100,47,67,109,111,280,276,409,109,85,158,139,354,20641.0
6/20/20,227,32,73,335,18,197,83,122,177,71,144,168,185,156,425,213,790,697,30,41,56,170,100,393,1390,477,83,0,106,385,203,57,86,910,169,209,300,818,121,496,330,385,330,352,922,163,122,301,98,921,325,218,386,146,224,55,248,93,70,52,563,696,9,126,182,35,128,49,155,100,47,67,109,111,280,276,409,109,85,158,139,354,20641.0
6/21/20,227,32,73,335,18,197,83,122,177,71,144,168,185,156,425,213,790,697,30,41,56,170,100,393,1390,477,83,0,106,385,203,57,86,910,169,209,300,818,121,496,330,385,330,352,922,163,122,301,98,921,325,218,386,146,224,55,248,93,70,52,563,696,9,126,182,35,128,49,155,100,47,67,109,111,280,276,409,109,85,158,139,354,20641.0
6/22/20,227,35,75,336,20,208,96,133,196,71,168,182,210,161,476,238,912,729,30,53,70,195,103,464,1536,489,93,0,109,402,212,63,90,928,169,254,341,847,129,503,374,420,378,384,995,186,142,311,104,921,325,223,420,179,226,55,278,128,78,52,611,700,13,166,187,42,155,64,182,106,52,76,128,133,331,302,434,118,85,178,139,395,22329.0
6/23/20,233,38,76,337,23,223,99,135,202,65,172,183,218,160,492,246,948,737,31,58,71,211,103,499,1589,491,95,0,112,425,216,64,92,952,168,269,353,850,134,505,388,430,384,392,1014,196,144,314,105,907,324,224,426,190,227,55,289,146,80,49,620,707,16,170,190,43,172,68,192,107,55,77,131,140,347,323,441,122,85,193,133,407,22898.0
6/24/20,234,41,79,338,22,230,100,138,203,67,180,190,222,167,503,248,990,742,32,58,71,226,106,514,1646,496,101,0,112,439,218,65,93,965,169,289,355,856,135,510,403,434,396,399,1034,203,148,318,107,916,326,227,431,204,228,56,298,156,81,49,636,709,18,177,192,44,189,72,211,109,55,78,138,147,358,329,446,124,86,194,136,412,23424.0
6/25/20,242,47,81,341,25,233,108,141,217,68,200,193,229,175,528,253,1091,759,32,60,75,252,112,562,1772,501,107,2,112,458,221,69,94,994,170,303,369,864,140,520,429,439,411,412,1082,215,160,328,110,922,325,234,448,221,232,56,321,175,85,56,682,721,20,187,199,48,209,85,221,115,58,81,150,163,371,369,461,124,87,217,141,426,24516.0
6/26/20,243,51,81,346,24,236,108,145,227,69,202,193,233,176,535,256,1157,767,32,61,76,257,115,607,1853,506,109,5,113,471,221,76,97,998,171,310,371,867,142,526,437,441,413,421,1112,223,164,334,110,928,326,233,457,227,235,56,328,189,90,59,700,723,21,193,202,48,221,88,230,116,60,81,157,165,384,379,462,124,88,223,144,441,25066.0
6/27/20,248,53,80,345,25,242,110,147,232,70,211,194,234,177,536,264,1201,775,33,66,78,288,116,634,1893,507,111,6,113,473,229,78,100,1014,171,320,382,869,147,534,447,449,420,425,1127,225,171,338,111,932,330,233,465,237,236,56,331,194,91,63,715,725,22,195,204,49,232,91,233,116,60,82,160,165,392,403,468,123,89,228,148,444,25531.0
6/28/20,252,53,80,346,25,247,110,146,235,71,212,196,235,178,538,268,1224,777,34,65,83,296,116,642,1957,507,111,6,115,475,234,80,101,1027,171,323,384,869,146,533,452,454,422,431,1145,228,185,340,111,933,329,234,466,240,236,56,334,202,91,63,773,726,23,198,204,48,238,93,234,116,60,82,161,166,398,419,499,122,89,230,148,445,25892.0
6/29/20,253,53,80,347,27,254,114,149,246,71,220,196,237,180,558,269,1293,786,35,72,88,355,120,688,2048,514,115,6,119,493,239,83,102,1033,172,330,393,872,149,533,460,455,430,438,1181,233,195,342,112,938,329,242,477,246,237,59,347,203,94,65,798,733,24,209,203,50,247,93,242,119,61,88,166,168,409,427,509,122,89,230,151,454,26567.0
6/30/20,263,55,81,350,27,261,119,157,254,71,228,198,240,183,562,290,1311,798,38,73,91,367,120,719,2111,520,120,6,122,505,245,84,103,1061,174,339,407,879,154,547,477,469,434,444,1206,240,196,355,116,952,328,245,483,254,239,59,356,231,97,67,816,742,24,218,204,51,280,94,245,121,65,89,172,169,425,465,515,123,89,240,152,467,27247.0
7/1/20,267,56,82,352,27,277,124,160,259,71,236,201,242,186,566,302,1373,814,38,74,92,380,120,744,2152,527,123,7,127,533,250,92,106,1069,176,352,419,882,159,548,493,472,435,453,1222,248,201,367,122,960,328,245,486,270,244,61,367,247,98,68,841,750,24,230,206,52,306,104,257,123,68,89,175,172,443,496,521,123,91,243,161,473,27900.0
7/2/20,280,60,84,355,27,298,124,161,264,72,239,204,244,190,580,317,1442,829,39,75,96,396,123,794,2247,536,130,8,130,557,251,96,107,1091,176,368,431,894,162,565,518,474,437,459,1242,263,212,375,124,970,332,247,516,295,245,63,393,261,100,69,860,757,27,271,211,54,321,115,264,127,73,90,181,179,463,512,522,126,92,244,166,478,28770.0
7/3/20,293,63,89,358,30,321,128,164,269,72,256,205,247,191,592,334,1486,851,41,78,101,432,126,842,2382,544,132,9,134,584,256,99,109,1104,177,377,440,900,170,570,532,480,443,472,1267,270,217,388,124,981,338,253,532,325,248,65,407,273,102,73,888,762,34,283,216,57,346,122,270,128,74,93,191,180,496,531,535,126,92,254,167,493,29684.0
7/4/20,310,68,89,359,34,334,129,164,276,74,270,206,249,199,602,347,1572,860,45,86,105,479,126,886,2480,551,147,9,135,616,261,107,111,1120,178,389,456,908,174,575,547,486,454,483,1296,275,226,399,131,985,339,261,541,345,254,66,431,283,108,76,916,770,35,310,220,64,373,136,278,130,78,100,207,200,511,578,542,125,94,259,171,505,30674.0
7/5/20,311,69,91,360,36,334,130,165,277,74,274,207,250,201,602,356,1594,869,45,88,105,483,128,912,2498,553,147,9,135,622,262,107,111,1124,179,391,458,909,177,578,547,487,460,483,1300,281,232,401,132,988,339,263,541,350,254,66,431,286,108,76,934,771,37,317,218,65,372,136,283,130,80,100,207,199,515,584,545,127,94,261,170,509,30900.0
7/6/20,313,71,91,361,38,340,132,166,279,74,279,207,251,201,607,359,1620,878,45,89,105,490,130,933,2536,557,150,9,136,638,263,108,112,1128,179,393,465,910,178,578,552,491,466,494,1314,284,234,403,135,992,339,267,541,352,257,67,441,292,108,78,951,773,38,323,218,65,400,137,288,131,83,105,210,204,516,591,545,127,94,266,173,513,31257.0
7/7/20,315,74,104,365,42,356,141,168,287,75,284,210,249,205,620,375,1724,916,45,91,105,506,134,969,2591,560,156,10,137,689,267,110,113,1140,179,409,491,922,187,589,562,500,484,509,1326,300,258,425,139,1004,347,272,552,364,265,72,454,304,110,81,982,779,37,345,229,69,420,145,310,138,89,113,218,205,532,617,545,127,93,280,180,523,32214.0
7/8/20,332,76,104,365,42,370,142,171,291,75,289,211,251,213,627,396,1767,927,47,94,108,522,134,1003,2642,570,156,10,140,704,266,114,114,1159,179,419,500,937,189,598,575,507,492,515,1355,308,264,431,143,1016,352,273,557,392,269,76,466,316,111,89,999,785,40,360,234,72,436,156,319,142,91,115,233,208,540,626,551,128,94,282,183,533,32888.0
7/9/20,340,85,106,375,42,380,147,173,292,75,293,214,255,215,631,419,1818,939,49,102,108,535,138,1040,2697,573,159,10,141,727,267,117,116,1173,180,437,502,942,199,613,586,522,509,526,1382,313,269,436,149,1022,357,275,568,399,276,76,470,326,112,89,1035,792,42,373,234,73,452,166,323,144,92,119,238,226,553,643,554,128,95,287,193,543,33591.0
7/10/20,347,94,108,383,44,394,160,174,293,75,300,217,256,219,642,429,1865,972,54,112,112,569,141,1096,2824,579,161,10,145,744,271,122,118,1185,183,464,522,954,202,621,600,528,519,536,1419,324,276,439,151,1039,367,277,589,432,281,79,488,339,117,97,1063,809,47,384,237,73,470,178,333,144,97,121,246,249,577,700,560,134,96,296,202,548,34622.0
7/11/20,351,100,110,384,46,405,164,181,297,75,301,223,258,222,653,435,1900,993,54,116,113,594,144,1136,2908,586,163,10,146,775,277,126,120,1203,184,497,534,963,209,635,612,531,529,548,1446,327,277,456,171,1045,375,278,611,448,288,87,499,346,120,99,1087,819,48,393,246,74,477,195,352,145,97,123,252,262,594,722,562,134,98,295,207,553,35419.0
7/12/20,358,107,112,386,47,412,170,182,300,76,308,223,261,230,670,446,1959,1038,54,123,116,604,148,1177,2992,595,169,10,147,798,281,128,125,1224,184,506,583,966,213,634,628,534,533,548,1484,345,292,461,179,1046,376,279,619,454,303,91,505,355,127,101,1126,824,48,443,252,77,504,195,392,146,106,125,254,270,600,737,565,134,98,301,208,560,36287.0
7/13/20,367,111,111,386,47,416,170,183,302,76,315,228,262,235,675,450,2009,1043,57,125,116,625,152,1183,3041,598,174,11,147,804,282,137,125,1231,184,509,584,972,216,635,630,539,538,549,1508,349,297,460,186,1045,377,279,623,461,308,91,511,363,127,101,1137,831,48,453,256,77,505,197,395,147,109,126,256,274,600,753,568,135,101,302,208,566,36680.0
7/14/20,388,113,118,390,49,428,176,189,304,76,318,234,268,237,690,466,2050,1071,58,131,118,634,158,1231,3102,608,178,11,152,809,295,135,129,1254,184,527,612,975,218,651,640,569,541,553,1560,356,307,472,190,1050,379,281,632,469,317,95,528,390,129,104,1173,837,52,461,261,80,526,206,418,151,111,127,258,289,612,782,575,135,104,305,208,574,37542.0
7/15/20,392,123,124,394,58,463,187,196,313,79,322,241,274,251,696,473,2112,1105,60,131,125,647,162,1260,3188,614,184,11,163,828,301,135,130,1266,189,536,625,983,222,664,662,588,544,569,1589,363,310,491,197,1059,384,286,644,517,323,99,537,406,134,111,1234,843,54,480,263,85,565,239,431,154,125,129,266,292,616,806,588,136,107,314,216,584,38567.0
7/16/20,393,128,127,403,63,500,194,199,331,80,327,247,281,257,704,483,2171,1140,65,139,134,664,172,1305,3317,633,188,11,170,874,305,139,132,1284,190,548,668,1016,226,670,695,601,561,597,1630,372,324,494,204,1067,390,295,650,531,331,105,553,435,145,114,1276,847,56,489,268,88,600,247,440,159,137,132,282,304,649,876,595,139,111,323,220,587,39797.0
7/17/20,401,136,131,405,67,524,202,200,337,82,328,250,285,276,713,487,2220,1162,67,154,139,678,180,1370,3418,639,192,12,177,900,307,142,137,1302,190,560,702,1024,225,675,728,612,570,608,1657,381,334,506,209,1071,408,297,662,551,346,111,562,448,155,116,1322,848,58,495,273,94,614,260,447,180,142,139,307,310,671,918,606,142,111,336,231,597,40829.0
7/18/20,402,143,134,403,75,542,225,216,326,89,330,249,289,285,727,458,2265,1140,60,151,152,691,187,1356,3520,631,202,14,177,1018,287,138,146,1342,194,577,759,1054,203,677,747,628,590,629,1681,383,370,507,213,1065,416,303,689,549,355,108,576,472,172,121,1402,872,63,515,301,98,632,285,452,181,151,138,319,342,686,940,623,140,121,340,234,603,41846.0
7/19/20,408,148,136,404,77,550,241,218,330,89,336,250,294,410,731,463,2347,1161,63,163,154,695,190,1387,3579,631,203,14,184,1081,287,141,150,1346,194,586,772,1075,207,677,768,632,593,639,1691,398,375,511,219,1074,435,306,688,565,363,110,582,478,178,123,1415,873,64,522,301,100,633,290,460,190,155,146,323,345,690,953,622,141,121,348,236,610,42638.0
7/20/20,429,161,143,406,77,570,249,220,342,91,344,253,299,422,755,469,2394,1197,72,179,157,711,204,1456,3691,640,209,15,191,1115,291,142,153,1382,198,596,807,1090,208,683,820,648,602,650,1740,414,384,518,224,1086,435,312,697,576,371,117,596,495,192,129,1459,886,65,537,307,104,656,293,486,193,165,147,325,353,727,1056,636,144,129,348,237,619,43889.0
7/21/20,449,179,145,423,80,605,270,221,348,95,354,257,309,443,777,476,2474,1232,74,192,165,721,212,1521,3835,675,222,16,208,1183,304,145,153,1422,201,613,832,1115,214,693,863,663,618,671,1804,433,392,525,229,1113,442,328,705,596,383,127,624,533,203,139,1537,901,79,548,318,109,688,301,493,203,178,155,338,358,748,1105,650,146,129,411,245,640,45524.0
7/22/20,455,190,151,432,84,634,303,225,350,97,359,263,310,465,783,498,2619,1267,78,196,170,730,214,1573,3952,687,227,16,220,1368,308,151,159,1432,204,633,845,1154,222,699,879,681,622,714,1852,449,407,536,237,1129,452,341,712,617,391,143,649,538,219,138,1623,911,86,576,325,111,699,318,511,212,184,168,353,372,762,1128,654,148,134,458,256,653,47071.0
7/23/20,466,198,156,435,85,673,315,230,360,100,363,263,313,471,786,506,2668,1294,79,202,173,741,219,1628,4070,697,229,16,227,1384,311,152,160,1455,205,653,866,1155,235,710,896,691,640,745,1893,462,423,547,243,1130,454,343,733,640,392,151,664,560,224,141,1644,917,91,589,331,113,721,322,531,216,190,173,374,378,776,1138,656,150,137,461,260,664,48053.0
7/24/20,480,241,165,436,88,712,326,230,371,104,368,267,325,492,799,511,2668,1353,80,220,181,750,235,1694,4261,714,235,17,236,1481,318,154,163,1495,206,669,900,1159,246,718,941,708,649,768,1978,476,429,561,244,1138,458,348,759,662,403,160,685,576,231,149,1709,919,92,600,341,118,751,338,542,223,206,175,391,382,825,1208,660,158,142,471,270,673,49585.0
7/25/20,490,267,172,456,88,741,335,231,385,105,373,275,335,508,810,523,2668,1373,83,233,187,760,247,1774,4413,737,241,18,243,1552,329,158,170,1522,207,700,923,1199,269,723,968,719,661,794,2026,487,443,572,249,1143,467,361,800,711,419,164,703,595,245,159,1763,926,102,613,347,121,771,344,550,232,219,180,402,386,842,1261,669,161,145,475,275,688,50981.0
7/26/20,511,274,179,457,88,758,339,231,390,105,379,277,340,535,829,531,2668,1405,85,243,192,766,269,1810,4553,760,245,18,254,1582,336,163,174,1563,209,723,954,1218,271,724,1002,735,681,811,2058,502,454,592,250,1148,472,365,893,732,427,175,720,607,251,168,1830,930,103,623,349,128,790,349,565,236,226,182,408,396,853,1285,689,166,151,479,276,689,52154.0
7/27/20,518,278,179,459,91,766,342,232,391,106,385,278,345,547,835,540,2668,1428,88,247,200,770,277,1824,4624,772,248,18,257,1596,341,166,177,1591,209,739,972,1222,273,725,1020,736,681,816,2096,516,456,599,250,1149,475,370,981,747,431,179,730,617,255,172,1856,932,103,626,350,129,797,349,565,240,230,184,410,397,856,1283,693,171,154,483,279,694,52781.0
7/28/20,531,305,181,467,102,812,345,233,396,111,385,282,350,567,852,549,2668,1464,94,256,205,775,291,1868,4737,791,253,19,273,1638,348,171,182,1621,214,758,991,1254,276,734,1050,767,688,833,2139,532,482,613,252,1158,490,374,995,768,444,189,751,638,267,183,1920,936,117,642,355,132,824,363,576,255,240,196,439,404,886,1296,702,174,158,505,286,717,54085.0
7/29/20,539,312,188,475,107,860,355,236,398,117,387,284,355,593,862,558,2970,1491,95,378,211,781,298,1944,4838,799,255,19,275,1772,356,178,187,1635,218,787,1011,1259,284,738,1069,785,698,885,2167,550,500,620,258,1165,498,389,1011,826,452,196,781,649,282,195,1988,941,122,665,361,134,854,371,587,264,246,209,452,416,897,1322,708,175,160,527,298,726,55804.0
7/30/20,552,331,192,480,115,889,364,237,413,120,390,288,360,626,885,569,3062,1540,101,517,219,789,310,1982,5001,809,257,20,288,1820,360,185,190,1674,222,821,1063,1281,297,740,1115,791,716,922,2211,569,526,649,266,1167,509,403,1024,867,462,205,803,673,307,204,2048,944,136,685,366,138,873,395,594,269,293,224,467,420,930,1389,717,176,173,544,303,747,57579.0
7/31/20,565,335,193,486,118,917,366,240,420,124,398,297,363,632,897,575,3113,1564,111,525,223,796,323,2048,5091,825,262,20,297,1837,368,188,191,1705,223,837,1080,1316,300,755,1162,814,730,941,2250,581,536,675,276,1186,514,411,1039,877,471,209,808,699,318,211,2091,947,139,696,367,144,893,399,621,285,299,228,503,425,946,1419,729,181,178,560,308,757,58747.0
8/1/20,578,349,204,495,124,933,373,245,427,125,399,297,364,648,903,576,3215,1615,111,539,226,805,324,2067,5176,835,265,21,306,1874,373,191,196,1740,223,861,1105,1321,307,762,1194,827,735,958,2272,594,556,687,291,1190,514,414,1044,896,480,213,819,716,331,220,2111,951,180,707,374,146,903,446,638,294,306,252,513,439,964,1457,731,195,183,566,312,764,59881.0
8/2/20,580,354,210,495,124,939,374,245,435,126,400,298,368,659,909,578,3280,1631,114,541,226,812,326,2098,5209,843,269,21,307,1929,375,191,198,1765,223,869,1115,1323,313,767,1232,832,743,973,2281,599,566,697,291,1194,516,417,1052,907,482,221,826,724,337,221,2124,953,180,711,377,148,906,493,645,304,316,265,519,442,964,1480,732,197,187,571,316,773,60553.0
8/3/20,584,357,210,498,125,948,378,245,438,127,400,300,370,663,917,588,3326,1640,116,547,226,813,336,2152,5269,847,271,21,307,1994,376,193,202,1774,223,881,1121,1329,313,768,1239,840,745,989,2297,601,571,702,293,1197,516,419,1054,912,485,222,832,737,342,225,2146,955,180,712,380,152,908,493,650,312,320,278,531,453,964,1492,733,199,187,571,312,786,61125.0
8/4/20,587,363,211,502,130,987,381,248,443,129,401,310,374,677,924,601,3387,1653,117,549,232,816,344,2228,5329,851,274,21,317,2063,385,193,214,1804,227,885,1146,1354,315,771,1274,866,756,999,2324,625,585,716,297,1232,526,426,1060,936,496,226,846,752,351,233,2168,962,183,723,385,159,926,496,665,316,339,292,538,463,976,1524,736,201,188,584,313,793,62199.0
8/5/20,596,377,217,510,128,1010,392,248,438,129,399,322,380,684,929,603,3472,1701,115,545,230,819,349,2287,5416,859,281,24,323,2156,379,193,225,1828,227,907,1177,1379,302,776,1297,882,787,1023,2363,634,616,731,302,1264,530,438,1077,960,515,220,861,780,369,238,2202,978,191,767,389,160,942,512,683,320,344,307,552,482,995,1548,749,211,193,593,304,803,63444.0
8/6/20,602,382,220,513,133,1163,400,254,441,130,399,324,382,697,941,607,3523,1721,116,548,231,830,363,2378,5487,863,282,25,337,2201,381,194,226,1842,228,937,1184,1390,306,779,1332,893,790,1039,2387,638,638,747,307,1278,535,444,1090,980,520,220,877,791,386,240,2220,987,190,779,394,163,967,407,692,325,350,317,562,489,1007,1582,749,216,194,604,307,807,64400.0
8/7/20,610,397,225,515,142,1093,407,260,450,131,398,325,392,715,945,610,3574,1758,119,549,236,838,373,2406,5544,873,283,25,348,2225,381,194,228,1850,227,956,1192,1397,312,786,1383,907,796,1058,2396,643,674,769,315,1284,537,448,1096,1026,529,223,896,809,403,252,2251,995,194,786,397,186,992,522,705,342,363,322,601,491,1033,1606,753,225,201,611,312,815,65436.0
8/8/20,617,419,230,521,143,1108,417,261,459,133,404,326,394,743,950,612,3632,1778,124,559,241,843,388,2498,5599,890,291,26,358,2269,387,195,231,1885,232,964,1202,1407,319,786,1428,925,809,1074,2414,657,688,778,321,1285,542,453,1118,1054,540,232,928,821,417,262,2276,998,197,795,404,194,1024,530,720,360,409,333,627,498,1089,1646,764,228,205,620,313,829,66646.0
8/9/20,623,428,232,522,144,1113,418,261,462,134,407,327,396,760,954,612,3658,1806,127,581,250,847,390,2520,5613,892,293,26,359,2276,386,196,231,1899,233,973,1220,1412,323,788,1462,933,817,1077,2422,677,695,796,326,1286,542,457,1122,1059,550,236,936,827,412,269,2283,1003,197,796,405,199,1039,531,734,366,417,337,636,502,1093,1663,767,234,212,620,315,831,67173.0
8/10/20,629,434,235,523,143,1118,420,261,470,135,409,326,397,772,957,621,3680,1820,131,589,255,849,395,2530,5656,900,294,26,375,2288,388,195,233,1916,234,983,1226,1411,322,790,1479,947,832,1085,2443,684,701,801,326,1286,543,459,1127,1062,554,243,938,830,417,270,2292,1003,199,803,406,205,1054,530,736,367,421,351,643,501,1095,1689,774,235,211,623,315,833,67649.0
8/11/20,632,435,237,527,145,1136,425,261,476,135,409,336,401,781,962,622,3710,1826,131,595,256,851,402,2601,5700,910,297,27,387,2314,394,195,233,1931,233,987,1231,1415,323,795,1521,949,834,1092,2455,684,712,821,329,1288,545,461,1133,1068,559,242,940,842,423,269,2307,1011,204,806,406,211,1056,541,743,374,437,358,662,502,1125,1701,780,237,215,629,316,841,68293.0
8/12/20,642,439,240,533,154,1156,426,262,488,138,409,343,404,789,971,637,3753,1858,135,603,262,856,409,2651,5768,923,299,27,395,2391,408,196,240,1947,240,1018,1241,1439,329,799,1563,959,846,1102,2489,689,729,831,345,1306,555,463,1136,1091,567,248,951,857,441,275,2322,1017,206,821,412,224,1071,547,746,388,444,365,700,511,1137,1722,789,248,220,635,318,870,69374.0
8/13/20,647,445,242,539,157,1167,428,263,491,138,410,355,406,798,973,641,3796,1865,137,605,262,861,414,2663,5803,928,303,27,404,2411,412,197,243,1945,241,1025,1246,1458,332,804,1610,963,849,1114,2503,692,740,839,346,1309,567,466,1145,1096,571,249,960,866,462,275,2337,1017,209,822,415,225,1086,550,753,411,453,367,732,519,1151,1739,790,250,227,637,318,874,69986.0
8/14/20,655,447,244,544,159,1189,430,264,502,138,411,359,411,810,980,650,3832,1889,142,626,267,863,419,2710,5852,938,309,27,414,2430,416,197,252,1965,246,1043,1265,1481,340,811,1657,971,862,1121,2521,698,757,858,355,1320,575,472,1157,1108,584,251,966,876,475,275,2382,1025,214,842,419,235,1101,563,760,426,463,370,750,521,1166,1771,805,254,231,644,320,882,70930.0
8/15/20,664,451,246,549,165,1219,433,265,508,141,414,368,417,812,986,656,3888,1905,150,637,275,866,422,2755,5878,945,310,27,422,2449,424,198,253,1978,248,1062,1284,1488,341,811,1700,976,871,1136,2538,707,766,868,365,1328,587,482,1171,1139,596,256,977,884,497,278,2411,1029,215,852,421,249,1106,565,768,434,467,375,761,525,1173,1811,808,257,233,652,324,887,71755.0
8/16/20,668,457,248,551,166,1221,433,267,513,141,414,369,417,817,985,664,3911,1914,152,638,276,869,425,2788,5902,951,312,28,424,2462,429,198,254,1987,250,1065,1291,1493,342,811,1724,990,876,1140,2556,708,768,873,366,1328,587,484,1178,1140,601,260,982,888,497,278,2429,1032,218,858,421,255,1115,568,773,438,469,381,763,525,1179,1817,809,257,234,652,326,890,72136.0
8/17/20,669,457,249,551,167,1224,435,268,513,141,414,372,420,830,987,666,3913,1924,153,639,276,870,432,2804,5917,957,313,28,427,2482,432,198,255,2002,251,1072,1297,1497,342,813,1737,998,879,1140,2556,713,770,883,369,1328,588,486,1183,1143,613,262,984,892,498,279,2437,1033,219,861,422,256,1116,568,774,443,476,381,772,525,1182,1818,810,257,234,653,326,891,72412.0
8/18/20,679,465,252,553,169,1251,437,268,518,143,416,375,430,834,991,672,3983,1937,157,641,276,878,432,2836,5995,964,313,28,440,2518,435,202,255,2007,253,1084,1298,1509,347,818,1780,1002,885,1153,2583,716,795,893,373,1337,591,489,1205,1152,618,266,1011,900,506,279,2456,1040,220,867,429,259,1127,580,781,451,478,387,780,530,1204,1834,813,257,239,653,329,900,73207.0
8/19/20,684,475,253,559,174,1269,439,275,528,147,418,389,431,875,996,679,4079,1947,158,647,275,885,436,2868,6065,978,316,29,452,2594,439,207,260,2020,254,1105,1302,1544,367,826,1844,1150,896,1167,2662,722,823,918,379,1349,604,496,1218,1175,632,268,1041,918,524,281,2507,1050,220,872,435,264,1145,589,791,459,489,399,796,534,1207,1854,816,274,241,658,339,905,74555.0
8/20/20,693,488,257,563,181,1289,442,279,535,147,418,395,435,890,1002,680,4143,1964,159,654,276,888,442,2927,6098,983,319,45,465,2650,448,208,261,2033,255,1122,1317,1578,369,828,1885,1163,903,1175,2668,725,859,938,381,1364,614,499,1237,1184,643,274,1052,927,537,284,2529,1057,226,873,439,269,1165,593,801,465,495,411,802,539,1220,1868,819,278,244,667,339,912,75449.0
8/21/20,699,498,259,568,183,1310,445,279,540,147,420,403,442,895,1006,682,4185,1976,164,666,282,892,448,2984,6150,995,321,87,469,2696,454,209,263,2041,255,1133,1330,1588,372,834,1916,1172,913,1200,2693,739,873,950,383,1367,616,502,1256,1200,660,277,1062,955,545,287,2556,1065,230,876,441,278,1177,595,815,478,503,417,813,541,1236,1884,825,279,247,674,342,915,76323.0
8/22/20,706,506,259,570,184,1333,447,283,547,149,421,410,445,899,1012,693,4238,2002,164,667,282,899,450,3012,6222,1003,326,93,477,2720,457,210,269,2057,257,1152,1358,1615,373,836,1958,1186,917,1208,2774,750,876,965,390,1370,620,504,1272,1229,672,281,1069,967,558,297,2635,1072,233,893,451,280,1182,599,826,489,504,421,821,544,1242,1899,830,280,253,678,344,926,77268.0
8/23/20,731,512,262,571,196,1342,450,285,553,150,420,414,446,903,1031,697,4279,2035,168,669,282,901,454,3040,6273,1009,328,94,480,2753,461,211,268,2073,258,1162,1354,1630,377,861,1982,1198,924,1215,2786,756,866,967,391,1384,625,509,1287,1246,682,281,1070,977,558,301,2665,1069,239,894,454,284,1190,600,832,496,504,425,823,547,1245,1912,831,282,258,681,347,928,77894.0
8/24/20,739,526,262,571,195,1351,451,284,562,151,426,416,449,910,1038,702,4320,2047,170,672,282,902,457,3061,6292,1013,328,94,483,2775,462,211,271,2080,260,1178,1360,1634,377,862,2036,1206,926,1227,2792,760,879,974,390,1403,627,510,1304,1248,697,284,1073,983,557,303,2688,1069,240,897,454,290,1204,602,833,500,511,429,826,548,1248,1930,833,282,258,682,348,930,78405.0
8/25/20,744,565,265,571,187,1380,456,287,560,152,427,419,462,923,1039,703,4365,2043,169,672,284,903,463,3100,6317,1019,329,95,495,2830,465,211,280,2087,263,1202,1387,1672,391,866,2041,1208,937,1237,2802,761,899,984,396,1404,634,514,1319,1257,708,285,1092,1003,581,305,2708,1074,243,907,454,296,1216,610,836,517,528,431,838,551,1260,1944,840,292,273,688,350,935,79206.0
8/26/20,751,580,265,576,191,1420,460,287,564,153,430,421,464,926,1048,708,4421,2063,171,673,285,908,466,3158,6357,1038,334,95,514,2879,470,213,291,2114,264,1244,1400,1688,397,875,2066,1215,941,1245,2821,766,907,996,402,1410,641,514,1346,1263,718,289,1101,1014,593,306,2756,1079,247,918,456,302,1229,611,849,524,539,438,849,553,1274,1964,842,295,277,691,362,939,80110.0
8/27/20,759,593,270,577,194,1428,461,290,576,157,432,431,465,946,1048,709,4456,2098,170,674,285,917,472,3174,6396,1027,334,96,531,2897,475,217,296,2111,266,1288,1399,1709,401,875,2086,1222,944,1252,2845,776,912,1009,407,1411,642,516,1360,1269,726,287,1109,1025,605,313,2785,1087,247,923,463,299,1241,615,851,528,537,441,857,557,1281,1964,842,292,274,688,364,943,80695.0
8/28/20,773,610,271,578,193,1436,466,289,578,154,432,431,467,959,1051,710,4509,2104,174,674,287,928,480,3200,6425,1032,334,97,538,2932,474,217,302,2127,266,1335,1426,1732,400,875,2111,1229,954,1262,2865,775,919,1012,405,1416,653,517,1381,1273,733,289,1118,1041,608,313,2797,1088,249,927,462,306,1244,618,851,531,541,444,867,559,1293,1974,843,298,275,690,353,944,81294.0
8/29/20,780,616,272,581,193,1462,468,289,581,154,435,437,469,969,1056,716,4548,2119,175,679,290,934,487,3268,6473,1039,335,97,545,2946,479,217,302,2146,269,1377,1432,1737,402,878,2139,1229,962,1272,2939,775,934,1025,406,1418,660,518,1404,1288,743,290,1124,1049,612,319,2817,1091,249,936,463,310,1252,623,853,538,547,448,876,563,1303,1982,846,298,276,691,359,950,82029.0
8/30/20,790,624,273,583,194,1488,470,291,584,155,439,462,472,975,1092,719,4585,2125,175,684,294,941,490,3285,6523,1039,335,97,555,2990,480,219,303,2153,270,1419,1438,1755,402,878,2162,1234,970,1279,2967,781,940,1035,408,1429,664,518,1426,1293,748,293,1129,1058,615,320,2842,1092,250,938,467,312,1258,629,854,545,551,449,878,563,1313,1983,846,303,277,694,363,954,82676.0
8/31/20,791,630,275,583,193,1492,470,292,592,155,440,462,473,984,1095,718,4624,2128,175,685,295,947,495,3300,6531,1041,336,97,557,3005,481,221,303,2159,270,1436,1437,1756,402,878,2177,1235,971,1285,2971,781,945,1037,410,1430,665,519,1439,1294,751,294,1132,1059,624,322,2850,1093,251,938,467,316,1260,630,856,548,556,450,881,564,1314,1989,847,304,277,695,365,954,82950.0
9/1/20,791,641,278,585,194,1512,476,292,598,158,440,468,481,987,1100,719,4671,2140,176,687,298,952,501,3336,6547,1045,338,98,581,3052,484,221,305,2169,273,1470,1440,1782,404,883,2211,1244,974,1294,2994,783,956,1046,412,1435,672,520,1459,1295,752,294,1137,1071,639,327,2857,1099,251,938,474,321,1266,636,859,551,561,451,887,564,1314,2007,849,306,277,696,374,958,83584.0
9/2/20,797,654,279,592,196,1556,482,294,600,158,441,477,483,1013,1103,725,4713,2165,178,687,300,966,502,3375,6564,1047,342,99,592,3073,486,222,307,2178,275,1527,1447,1817,406,890,2240,1248,981,1297,3009,787,971,1059,411,1439,679,523,1497,1307,758,321,1145,1085,644,337,2882,1108,245,942,479,323,1278,647,864,555,566,451,894,569,1317,2018,850,307,281,701,381,961,84365.0
9/3/20,800,661,282,594,197,1583,483,296,603,159,442,479,484,1022,1105,726,4757,2203,179,706,301,970,508,3408,6587,1052,344,99,604,3095,493,222,306,2191,276,1590,1482,1826,412,900,2271,1255,986,1304,3020,790,982,1067,411,1444,688,525,1526,1315,771,333,1154,1098,652,341,2914,1111,246,944,484,325,1291,653,870,560,573,454,899,572,1328,2038,851,310,284,704,382,963,85116.0
9/4/20,809,669,282,599,200,1605,485,296,604,161,443,482,492,1033,1111,731,4823,2219,179,707,302,974,510,3445,6635,1056,346,98,621,3126,501,224,308,2212,277,1664,1505,1841,412,900,2294,1262,995,1309,3039,798,988,1086,418,1451,692,529,1550,1319,786,341,1163,1102,663,346,2956,1116,254,955,490,329,1300,668,874,563,578,457,903,574,1335,2062,852,312,284,708,386,965,85939.0
9/5/20,820,672,285,599,201,1634,485,296,606,161,443,489,498,1041,1113,737,4870,2224,180,708,314,976,513,3469,6660,1058,349,98,631,3147,504,224,308,2218,277,1707,1512,1861,413,902,2315,1264,1002,1314,3048,798,996,1092,422,1460,693,531,1562,1328,787,346,1167,1106,669,348,2987,1123,254,959,492,331,1306,672,878,564,581,457,909,576,1340,2071,858,313,284,709,389,974,86478.0
9/6/20,823,677,285,598,201,1647,486,297,610,162,443,490,505,1042,1130,738,4911,2232,181,711,314,980,515,3490,6678,1062,349,98,635,3158,506,225,308,2222,277,1750,1515,1863,413,908,2336,1267,1005,1320,3057,801,998,1098,423,1463,697,531,1584,1329,790,351,1171,1111,679,351,3003,1125,254,962,492,335,1309,673,880,567,590,457,910,576,1341,2077,861,315,284,709,389,982,86888.0
9/7/20,828,683,285,598,201,1648,487,297,610,163,443,491,505,1044,1131,739,4931,2233,181,711,315,980,517,3514,6686,1064,349,98,641,3172,507,227,308,2234,278,1778,1515,1867,413,909,2346,1272,1007,1321,3059,802,1005,1100,423,1463,697,531,1592,1333,791,355,1171,1125,682,351,3010,1125,254,962,492,339,1311,674,883,568,592,458,912,577,1341,2078,862,315,284,709,391,986,87130.0
9/8/20,828,685,285,598,203,1652,490,297,610,163,443,491,509,1046,1132,739,4953,2234,181,714,316,980,520,3527,6694,1065,349,98,648,3198,507,227,309,2239,278,1791,1519,1873,414,910,2362,1272,1007,1322,3062,806,1009,1110,423,1468,697,533,1593,1336,794,360,1177,1131,688,351,3018,1125,256,964,492,339,1313,676,885,572,594,459,914,578,1341,2080,864,315,284,710,391,993,87379.0
9/9/20,830,694,286,605,207,1664,493,297,610,164,443,494,514,1055,1133,740,4984,2242,182,716,316,986,526,3547,6706,1070,351,98,652,3218,507,227,311,2246,278,1813,1523,1889,414,911,2382,1275,1009,1326,3076,806,1028,1114,426,1472,701,533,1607,1339,799,366,1180,1135,703,352,3025,1126,256,975,492,339,1317,680,893,578,600,459,927,579,1342,2086,863,315,284,710,391,997,87805.0
9/10/20,832,696,286,611,207,1678,497,298,613,166,443,496,517,1063,1135,744,5020,2248,182,717,318,988,529,3563,6735,1070,352,98,662,3244,511,230,311,2253,278,1847,1527,1894,417,913,2415,1292,1014,1334,3095,809,1034,1124,429,1480,710,534,1628,1344,801,365,1181,1142,713,352,3035,1130,256,979,496,339,1326,697,902,586,607,461,938,579,1347,2090,863,317,287,710,393,999,88322.0
9/11/20,853,708,289,613,206,1701,499,302,618,168,446,502,525,1067,1136,769,5091,2269,181,720,322,999,538,3586,6781,1073,358,98,669,3270,519,231,312,2276,280,1896,1533,1931,420,922,2432,1310,1017,1351,3115,819,1050,1134,435,1493,723,535,1658,1358,818,370,1183,1150,723,354,3053,1134,257,993,502,341,1337,699,909,600,617,463,943,579,1348,2104,863,320,288,712,400,1008,89175.0
9/12/20,859,725,291,619,205,1706,500,303,619,173,446,507,533,1070,1136,774,5129,2272,182,726,325,1007,537,3607,6804,1074,360,98,676,3285,522,231,313,2288,280,1921,1535,1944,420,925,2444,1320,1019,1360,3123,820,1052,1143,437,1495,729,538,1683,1362,819,373,1185,1157,731,354,3067,1138,257,993,508,341,1338,702,911,603,625,463,951,579,1352,2121,863,321,290,715,402,1009,89620.0
9/13/20,862,729,291,619,206,1708,502,303,621,174,447,508,544,1072,1136,774,5154,2277,182,729,326,1011,538,3619,6816,1075,362,98,690,3290,523,232,313,2293,281,1939,1536,1948,420,925,2460,1320,1024,1364,3134,823,1053,1144,437,1497,730,539,1691,1365,822,374,1185,1163,735,354,3075,1141,257,993,509,341,1338,703,914,611,628,464,952,579,1354,2123,863,321,290,717,405,1009,89874.0
9/14/20,863,732,291,619,206,1708,502,303,624,174,447,508,547,1073,1137,776,5173,2281,182,729,326,1014,540,3625,6820,1075,364,99,692,3297,526,232,315,2298,281,1958,1536,1952,421,925,2472,1322,1025,1365,3136,823,1052,1146,438,1497,732,539,1694,1367,823,374,1185,1168,742,354,3075,1141,250,994,511,343,1338,703,914,611,629,463,952,579,1354,2126,863,323,290,717,405,1012,90018.0
9/15/20,877,736,293,624,208,1727,502,304,626,176,447,518,553,1079,1139,783,5224,2284,182,737,328,1021,542,3632,6846,1075,365,102,712,3301,530,233,317,2315,284,1975,1540,1965,421,928,2489,1326,1026,1374,3146,824,1052,1151,438,1505,736,539,1708,1379,828,377,1192,1176,755,356,3094,1147,258,997,511,344,1357,710,918,613,631,465,957,581,1360,2128,864,324,296,718,406,1016,90523.0
9/16/20,881,746,303,633,208,1750,506,306,631,177,447,519,559,1089,1145,787,5276,2294,183,740,333,1026,544,3660,6884,1076,368,102,729,3326,532,234,317,2340,284,1993,1548,1977,421,932,2515,1332,1026,1380,3164,828,1059,1166,444,1513,742,539,1725,1403,833,382,1198,1196,773,359,3121,1149,258,998,515,345,1369,725,943,620,640,470,962,585,1362,2147,864,326,299,718,410,1025,91234.0
