Date,Adams,Antelope,Arthur,Banner,Blaine,Boone,Box Butte,Boyd,Brown,Buffalo,Burt,Butler,Cass,Cedar,Chase,Cherry,Cheyenne,Clay,Colfax,Cuming,Custer,Dakota,Dawes,Dawson,Deuel,Dixon,Dodge,Douglas,Dundy,Fillmore,Franklin,Frontier,Furnas,Gage,Garden,Garfield,Gosper,Grant,Greeley,Hall,Hamilton,Harlan,Hayes,Hitchcock,Holt,Hooker,Howard,Jefferson,Johnson,Kearney,Keith,Keya Paha,Kimball,Knox,Lancaster,Lincoln,Logan,Loup,Madison,McPherson,Merrick,Morrill,Nance,Nemaha,Nuckolls,Otoe,Pawnee,Perkins,Phelps,Pierce,Platte,Polk,Red Willow,Richardson,Rock,Saline,Sarpy,Saunders,Scotts Bluff,Seward,Sheridan,Sherman,Sioux,Stanton,Thayer,Thomas,Thurston,Valley,Washington,Wayne,Webster,Wheeler,York,Total
1/22/20,0,0,0,0,0,0,0,0,0,0,0,0,0,0,0,0,0,0,0,0,0,0,0,0,0,0,0,0,0,0,0,0,0,0,0,0,0,0,0,0,0,0,0,0,0,0,0,0,0,0,0,0,0,0,0,0,0,0,0,0,0,0,0,0,0,0,0,0,0,0,0,0,0,0,0,0,0,0,0,0,0,0,0,0,0,0,0,0,0,0,0,0,0,0.0
1/23/20,0,0,0,0,0,0,0,0,0,0,0,0,0,0,0,0,0,0,0,0,0,0,0,0,0,0,0,0,0,0,0,0,0,0,0,0,0,0,0,0,0,0,0,0,0,0,0,0,0,0,0,0,0,0,0,0,0,0,0,0,0,0,0,0,0,0,0,0,0,0,0,0,0,0,0,0,0,0,0,0,0,0,0,0,0,0,0,0,0,0,0,0,0,0.0
1/24/20,0,0,0,0,0,0,0,0,0,0,0,0,0,0,0,0,0,0,0,0,0,0,0,0,0,0,0,0,0,0,0,0,0,0,0,0,0,0,0,0,0,0,0,0,0,0,0,0,0,0,0,0,0,0,0,0,0,0,0,0,0,0,0,0,0,0,0,0,0,0,0,0,0,0,0,0,0,0,0,0,0,0,0,0,0,0,0,0,0,0,0,0,0,0.0
1/25/20,0,0,0,0,0,0,0,0,0,0,0,0,0,0,0,0,0,0,0,0,0,0,0,0,0,0,0,0,0,0,0,0,0,0,0,0,0,0,0,0,0,0,0,0,0,0,0,0,0,0,0,0,0,0,0,0,0,0,0,0,0,0,0,0,0,0,0,0,0,0,0,0,0,0,0,0,0,0,0,0,0,0,0,0,0,0,0,0,0,0,0,0,0,0.0
1/26/20,0,0,0,0,0,0,0,0,0,0,0,0,0,0,0,0,0,0,0,0,0,0,0,0,0,0,0,0,0,0,0,0,0,0,0,0,0,0,0,0,0,0,0,0,0,0,0,0,0,0,0,0,0,0,0,0,0,0,0,0,0,0,0,0,0,0,0,0,0,0,0,0,0,0,0,0,0,0,0,0,0,0,0,0,0,0,0,0,0,0,0,0,0,0.0
1/27/20,0,0,0,0,0,0,0,0,0,0,0,0,0,0,0,0,0,0,0,0,0,0,0,0,0,0,0,0,0,0,0,0,0,0,0,0,0,0,0,0,0,0,0,0,0,0,0,0,0,0,0,0,0,0,0,0,0,0,0,0,0,0,0,0,0,0,0,0,0,0,0,0,0,0,0,0,0,0,0,0,0,0,0,0,0,0,0,0,0,0,0,0,0,0.0
1/28/20,0,0,0,0,0,0,0,0,0,0,0,0,0,0,0,0,0,0,0,0,0,0,0,0,0,0,0,0,0,0,0,0,0,0,0,0,0,0,0,0,0,0,0,0,0,0,0,0,0,0,0,0,0,0,0,0,0,0,0,0,0,0,0,0,0,0,0,0,0,0,0,0,0,0,0,0,0,0,0,0,0,0,0,0,0,0,0,0,0,0,0,0,0,0.0
1/29/20,0,0,0,0,0,0,0,0,0,0,0,0,0,0,0,0,0,0,0,0,0,0,0,0,0,0,0,0,0,0,0,0,0,0,0,0,0,0,0,0,0,0,0,0,0,0,0,0,0,0,0,0,0,0,0,0,0,0,0,0,0,0,0,0,0,0,0,0,0,0,0,0,0,0,0,0,0,0,0,0,0,0,0,0,0,0,0,0,0,0,0,0,0,0.0
1/30/20,0,0,0,0,0,0,0,0,0,0,0,0,0,0,0,0,0,0,0,0,0,0,0,0,0,0,0,0,0,0,0,0,0,0,0,0,0,0,0,0,0,0,0,0,0,0,0,0,0,0,0,0,0,0,0,0,0,0,0,0,0,0,0,0,0,0,0,0,0,0,0,0,0,0,0,0,0,0,0,0,0,0,0,0,0,0,0,0,0,0,0,0,0,0.0
1/31/20,0,0,0,0,0,0,0,0,0,0,0,0,0,0,0,0,0,0,0,0,0,0,0,0,0,0,0,0,0,0,0,0,0,0,0,0,0,0,0,0,0,0,0,0,0,0,0,0,0,0,0,0,0,0,0,0,0,0,0,0,0,0,0,0,0,0,0,0,0,0,0,0,0,0,0,0,0,0,0,0,0,0,0,0,0,0,0,0,0,0,0,0,0,0.0
2/1/20,0,0,0,0,0,0,0,0,0,0,0,0,0,0,0,0,0,0,0,0,0,0,0,0,0,0,0,0,0,0,0,0,0,0,0,0,0,0,0,0,0,0,0,0,0,0,0,0,0,0,0,0,0,0,0,0,0,0,0,0,0,0,0,0,0,0,0,0,0,0,0,0,0,0,0,0,0,0,0,0,0,0,0,0,0,0,0,0,0,0,0,0,0,0.0
2/2/20,0,0,0,0,0,0,0,0,0,0,0,0,0,0,0,0,0,0,0,0,0,0,0,0,0,0,0,0,0,0,0,0,0,0,0,0,0,0,0,0,0,0,0,0,0,0,0,0,0,0,0,0,0,0,0,0,0,0,0,0,0,0,0,0,0,0,0,0,0,0,0,0,0,0,0,0,0,0,0,0,0,0,0,0,0,0,0,0,0,0,0,0,0,0.0
2/3/20,0,0,0,0,0,0,0,0,0,0,0,0,0,0,0,0,0,0,0,0,0,0,0,0,0,0,0,0,0,0,0,0,0,0,0,0,0,0,0,0,0,0,0,0,0,0,0,0,0,0,0,0,0,0,0,0,0,0,0,0,0,0,0,0,0,0,0,0,0,0,0,0,0,0,0,0,0,0,0,0,0,0,0,0,0,0,0,0,0,0,0,0,0,0.0
2/4/20,0,0,0,0,0,0,0,0,0,0,0,0,0,0,0,0,0,0,0,0,0,0,0,0,0,0,0,0,0,0,0,0,0,0,0,0,0,0,0,0,0,0,0,0,0,0,0,0,0,0,0,0,0,0,0,0,0,0,0,0,0,0,0,0,0,0,0,0,0,0,0,0,0,0,0,0,0,0,0,0,0,0,0,0,0,0,0,0,0,0,0,0,0,0.0
2/5/20,0,0,0,0,0,0,0,0,0,0,0,0,0,0,0,0,0,0,0,0,0,0,0,0,0,0,0,0,0,0,0,0,0,0,0,0,0,0,0,0,0,0,0,0,0,0,0,0,0,0,0,0,0,0,0,0,0,0,0,0,0,0,0,0,0,0,0,0,0,0,0,0,0,0,0,0,0,0,0,0,0,0,0,0,0,0,0,0,0,0,0,0,0,0.0
2/6/20,0,0,0,0,0,0,0,0,0,0,0,0,0,0,0,0,0,0,0,0,0,0,0,0,0,0,0,0,0,0,0,0,0,0,0,0,0,0,0,0,0,0,0,0,0,0,0,0,0,0,0,0,0,0,0,0,0,0,0,0,0,0,0,0,0,0,0,0,0,0,0,0,0,0,0,0,0,0,0,0,0,0,0,0,0,0,0,0,0,0,0,0,0,0.0
2/7/20,0,0,0,0,0,0,0,0,0,0,0,0,0,0,0,0,0,0,0,0,0,0,0,0,0,0,0,0,0,0,0,0,0,0,0,0,0,0,0,0,0,0,0,0,0,0,0,0,0,0,0,0,0,0,0,0,0,0,0,0,0,0,0,0,0,0,0,0,0,0,0,0,0,0,0,0,0,0,0,0,0,0,0,0,0,0,0,0,0,0,0,0,0,0.0
2/8/20,0,0,0,0,0,0,0,0,0,0,0,0,0,0,0,0,0,0,0,0,0,0,0,0,0,0,0,0,0,0,0,0,0,0,0,0,0,0,0,0,0,0,0,0,0,0,0,0,0,0,0,0,0,0,0,0,0,0,0,0,0,0,0,0,0,0,0,0,0,0,0,0,0,0,0,0,0,0,0,0,0,0,0,0,0,0,0,0,0,0,0,0,0,0.0
2/9/20,0,0,0,0,0,0,0,0,0,0,0,0,0,0,0,0,0,0,0,0,0,0,0,0,0,0,0,0,0,0,0,0,0,0,0,0,0,0,0,0,0,0,0,0,0,0,0,0,0,0,0,0,0,0,0,0,0,0,0,0,0,0,0,0,0,0,0,0,0,0,0,0,0,0,0,0,0,0,0,0,0,0,0,0,0,0,0,0,0,0,0,0,0,0.0
2/10/20,0,0,0,0,0,0,0,0,0,0,0,0,0,0,0,0,0,0,0,0,0,0,0,0,0,0,0,0,0,0,0,0,0,0,0,0,0,0,0,0,0,0,0,0,0,0,0,0,0,0,0,0,0,0,0,0,0,0,0,0,0,0,0,0,0,0,0,0,0,0,0,0,0,0,0,0,0,0,0,0,0,0,0,0,0,0,0,0,0,0,0,0,0,0.0
2/11/20,0,0,0,0,0,0,0,0,0,0,0,0,0,0,0,0,0,0,0,0,0,0,0,0,0,0,0,0,0,0,0,0,0,0,0,0,0,0,0,0,0,0,0,0,0,0,0,0,0,0,0,0,0,0,0,0,0,0,0,0,0,0,0,0,0,0,0,0,0,0,0,0,0,0,0,0,0,0,0,0,0,0,0,0,0,0,0,0,0,0,0,0,0,0.0
2/12/20,0,0,0,0,0,0,0,0,0,0,0,0,0,0,0,0,0,0,0,0,0,0,0,0,0,0,0,0,0,0,0,0,0,0,0,0,0,0,0,0,0,0,0,0,0,0,0,0,0,0,0,0,0,0,0,0,0,0,0,0,0,0,0,0,0,0,0,0,0,0,0,0,0,0,0,0,0,0,0,0,0,0,0,0,0,0,0,0,0,0,0,0,0,0.0
2/13/20,0,0,0,0,0,0,0,0,0,0,0,0,0,0,0,0,0,0,0,0,0,0,0,0,0,0,0,0,0,0,0,0,0,0,0,0,0,0,0,0,0,0,0,0,0,0,0,0,0,0,0,0,0,0,0,0,0,0,0,0,0,0,0,0,0,0,0,0,0,0,0,0,0,0,0,0,0,0,0,0,0,0,0,0,0,0,0,0,0,0,0,0,0,0.0
2/14/20,0,0,0,0,0,0,0,0,0,0,0,0,0,0,0,0,0,0,0,0,0,0,0,0,0,0,0,0,0,0,0,0,0,0,0,0,0,0,0,0,0,0,0,0,0,0,0,0,0,0,0,0,0,0,0,0,0,0,0,0,0,0,0,0,0,0,0,0,0,0,0,0,0,0,0,0,0,0,0,0,0,0,0,0,0,0,0,0,0,0,0,0,0,0.0
2/15/20,0,0,0,0,0,0,0,0,0,0,0,0,0,0,0,0,0,0,0,0,0,0,0,0,0,0,0,0,0,0,0,0,0,0,0,0,0,0,0,0,0,0,0,0,0,0,0,0,0,0,0,0,0,0,0,0,0,0,0,0,0,0,0,0,0,0,0,0,0,0,0,0,0,0,0,0,0,0,0,0,0,0,0,0,0,0,0,0,0,0,0,0,0,0.0
2/16/20,0,0,0,0,0,0,0,0,0,0,0,0,0,0,0,0,0,0,0,0,0,0,0,0,0,0,0,0,0,0,0,0,0,0,0,0,0,0,0,0,0,0,0,0,0,0,0,0,0,0,0,0,0,0,0,0,0,0,0,0,0,0,0,0,0,0,0,0,0,0,0,0,0,0,0,0,0,0,0,0,0,0,0,0,0,0,0,0,0,0,0,0,0,0.0
2/17/20,0,0,0,0,0,0,0,0,0,0,0,0,0,0,0,0,0,0,0,0,0,0,0,0,0,0,0,0,0,0,0,0,0,0,0,0,0,0,0,0,0,0,0,0,0,0,0,0,0,0,0,0,0,0,0,0,0,0,0,0,0,0,0,0,0,0,0,0,0,0,0,0,0,0,0,0,0,0,0,0,0,0,0,0,0,0,0,0,0,0,0,0,0,0.0
2/18/20,0,0,0,0,0,0,0,0,0,0,0,0,0,0,0,0,0,0,0,0,0,0,0,0,0,0,0,0,0,0,0,0,0,0,0,0,0,0,0,0,0,0,0,0,0,0,0,0,0,0,0,0,0,0,0,0,0,0,0,0,0,0,0,0,0,0,0,0,0,0,0,0,0,0,0,0,0,0,0,0,0,0,0,0,0,0,0,0,0,0,0,0,0,0.0
2/19/20,0,0,0,0,0,0,0,0,0,0,0,0,0,0,0,0,0,0,0,0,0,0,0,0,0,0,0,0,0,0,0,0,0,0,0,0,0,0,0,0,0,0,0,0,0,0,0,0,0,0,0,0,0,0,0,0,0,0,0,0,0,0,0,0,0,0,0,0,0,0,0,0,0,0,0,0,0,0,0,0,0,0,0,0,0,0,0,0,0,0,0,0,0,0.0
2/20/20,0,0,0,0,0,0,0,0,0,0,0,0,0,0,0,0,0,0,0,0,0,0,0,0,0,0,0,0,0,0,0,0,0,0,0,0,0,0,0,0,0,0,0,0,0,0,0,0,0,0,0,0,0,0,0,0,0,0,0,0,0,0,0,0,0,0,0,0,0,0,0,0,0,0,0,0,0,0,0,0,0,0,0,0,0,0,0,0,0,0,0,0,0,0.0
2/21/20,0,0,0,0,0,0,0,0,0,0,0,0,0,0,0,0,0,0,0,0,0,0,0,0,0,0,0,0,0,0,0,0,0,0,0,0,0,0,0,0,0,0,0,0,0,0,0,0,0,0,0,0,0,0,0,0,0,0,0,0,0,0,0,0,0,0,0,0,0,0,0,0,0,0,0,0,0,0,0,0,0,0,0,0,0,0,0,0,0,0,0,0,0,0.0
2/22/20,0,0,0,0,0,0,0,0,0,0,0,0,0,0,0,0,0,0,0,0,0,0,0,0,0,0,0,0,0,0,0,0,0,0,0,0,0,0,0,0,0,0,0,0,0,0,0,0,0,0,0,0,0,0,0,0,0,0,0,0,0,0,0,0,0,0,0,0,0,0,0,0,0,0,0,0,0,0,0,0,0,0,0,0,0,0,0,0,0,0,0,0,0,0.0
2/23/20,0,0,0,0,0,0,0,0,0,0,0,0,0,0,0,0,0,0,0,0,0,0,0,0,0,0,0,0,0,0,0,0,0,0,0,0,0,0,0,0,0,0,0,0,0,0,0,0,0,0,0,0,0,0,0,0,0,0,0,0,0,0,0,0,0,0,0,0,0,0,0,0,0,0,0,0,0,0,0,0,0,0,0,0,0,0,0,0,0,0,0,0,0,0.0
2/24/20,0,0,0,0,0,0,0,0,0,0,0,0,0,0,0,0,0,0,0,0,0,0,0,0,0,0,0,0,0,0,0,0,0,0,0,0,0,0,0,0,0,0,0,0,0,0,0,0,0,0,0,0,0,0,0,0,0,0,0,0,0,0,0,0,0,0,0,0,0,0,0,0,0,0,0,0,0,0,0,0,0,0,0,0,0,0,0,0,0,0,0,0,0,0.0
2/25/20,0,0,0,0,0,0,0,0,0,0,0,0,0,0,0,0,0,0,0,0,0,0,0,0,0,0,0,0,0,0,0,0,0,0,0,0,0,0,0,0,0,0,0,0,0,0,0,0,0,0,0,0,0,0,0,0,0,0,0,0,0,0,0,0,0,0,0,0,0,0,0,0,0,0,0,0,0,0,0,0,0,0,0,0,0,0,0,0,0,0,0,0,0,0.0
2/26/20,0,0,0,0,0,0,0,0,0,0,0,0,0,0,0,0,0,0,0,0,0,0,0,0,0,0,0,0,0,0,0,0,0,0,0,0,0,0,0,0,0,0,0,0,0,0,0,0,0,0,0,0,0,0,0,0,0,0,0,0,0,0,0,0,0,0,0,0,0,0,0,0,0,0,0,0,0,0,0,0,0,0,0,0,0,0,0,0,0,0,0,0,0,0.0
2/27/20,0,0,0,0,0,0,0,0,0,0,0,0,0,0,0,0,0,0,0,0,0,0,0,0,0,0,0,0,0,0,0,0,0,0,0,0,0,0,0,0,0,0,0,0,0,0,0,0,0,0,0,0,0,0,0,0,0,0,0,0,0,0,0,0,0,0,0,0,0,0,0,0,0,0,0,0,0,0,0,0,0,0,0,0,0,0,0,0,0,0,0,0,0,0.0
2/28/20,0,0,0,0,0,0,0,0,0,0,0,0,0,0,0,0,0,0,0,0,0,0,0,0,0,0,0,0,0,0,0,0,0,0,0,0,0,0,0,0,0,0,0,0,0,0,0,0,0,0,0,0,0,0,0,0,0,0,0,0,0,0,0,0,0,0,0,0,0,0,0,0,0,0,0,0,0,0,0,0,0,0,0,0,0,0,0,0,0,0,0,0,0,0.0
2/29/20,0,0,0,0,0,0,0,0,0,0,0,0,0,0,0,0,0,0,0,0,0,0,0,0,0,0,0,0,0,0,0,0,0,0,0,0,0,0,0,0,0,0,0,0,0,0,0,0,0,0,0,0,0,0,0,0,0,0,0,0,0,0,0,0,0,0,0,0,0,0,0,0,0,0,0,0,0,0,0,0,0,0,0,0,0,0,0,0,0,0,0,0,0,0.0
3/1/20,0,0,0,0,0,0,0,0,0,0,0,0,0,0,0,0,0,0,0,0,0,0,0,0,0,0,0,0,0,0,0,0,0,0,0,0,0,0,0,0,0,0,0,0,0,0,0,0,0,0,0,0,0,0,0,0,0,0,0,0,0,0,0,0,0,0,0,0,0,0,0,0,0,0,0,0,0,0,0,0,0,0,0,0,0,0,0,0,0,0,0,0,0,0.0
3/2/20,0,0,0,0,0,0,0,0,0,0,0,0,0,0,0,0,0,0,0,0,0,0,0,0,0,0,0,0,0,0,0,0,0,0,0,0,0,0,0,0,0,0,0,0,0,0,0,0,0,0,0,0,0,0,0,0,0,0,0,0,0,0,0,0,0,0,0,0,0,0,0,0,0,0,0,0,0,0,0,0,0,0,0,0,0,0,0,0,0,0,0,0,0,0.0
3/3/20,0,0,0,0,0,0,0,0,0,0,0,0,0,0,0,0,0,0,0,0,0,0,0,0,0,0,0,0,0,0,0,0,0,0,0,0,0,0,0,0,0,0,0,0,0,0,0,0,0,0,0,0,0,0,0,0,0,0,0,0,0,0,0,0,0,0,0,0,0,0,0,0,0,0,0,0,0,0,0,0,0,0,0,0,0,0,0,0,0,0,0,0,0,0.0
3/4/20,0,0,0,0,0,0,0,0,0,0,0,0,0,0,0,0,0,0,0,0,0,0,0,0,0,0,0,0,0,0,0,0,0,0,0,0,0,0,0,0,0,0,0,0,0,0,0,0,0,0,0,0,0,0,0,0,0,0,0,0,0,0,0,0,0,0,0,0,0,0,0,0,0,0,0,0,0,0,0,0,0,0,0,0,0,0,0,0,0,0,0,0,0,0.0
3/5/20,0,0,0,0,0,0,0,0,0,0,0,0,0,0,0,0,0,0,0,0,0,0,0,0,0,0,0,0,0,0,0,0,0,0,0,0,0,0,0,0,0,0,0,0,0,0,0,0,0,0,0,0,0,0,0,0,0,0,0,0,0,0,0,0,0,0,0,0,0,0,0,0,0,0,0,0,0,0,0,0,0,0,0,0,0,0,0,0,0,0,0,0,0,0.0
3/6/20,0,0,0,0,0,0,0,0,0,0,0,0,0,0,0,0,0,0,0,0,0,0,0,0,0,0,0,1,0,0,0,0,0,0,0,0,0,0,0,0,0,0,0,0,0,0,0,0,0,0,0,0,0,0,0,0,0,0,0,0,0,0,0,0,0,0,0,0,0,0,0,0,0,0,0,0,0,0,0,0,0,0,0,0,0,0,0,0,0,0,0,0,0,1.0
3/7/20,0,0,0,0,0,0,0,0,0,0,0,0,0,0,0,0,0,0,0,0,0,0,0,0,0,0,0,1,0,0,0,0,0,0,0,0,0,0,0,0,0,0,0,0,0,0,0,0,0,0,0,0,0,0,0,0,0,0,0,0,0,0,0,0,0,0,0,0,0,0,0,0,0,0,0,0,0,0,0,0,0,0,0,0,0,0,0,0,0,0,0,0,0,1.0
3/8/20,0,0,0,0,0,0,0,0,0,0,0,0,0,0,0,0,0,0,0,0,0,0,0,0,0,0,0,1,0,0,0,0,0,0,0,0,0,0,0,0,0,0,0,0,0,0,0,0,0,0,0,0,0,0,0,0,0,0,0,0,0,0,0,0,0,0,0,0,0,0,0,0,0,0,0,0,0,0,0,0,0,0,0,0,0,0,0,0,0,0,0,0,0,1.0
3/9/20,0,0,0,0,0,0,0,0,0,0,0,0,0,0,0,0,0,0,0,0,0,0,0,0,0,0,0,3,0,0,0,0,0,0,0,0,0,0,0,0,0,0,0,0,0,0,0,0,0,0,0,0,0,0,0,0,0,0,0,0,0,0,0,0,0,0,0,0,0,0,0,0,0,0,0,0,0,0,0,0,0,0,0,0,0,0,0,0,0,0,0,0,0,3.0
3/10/20,0,0,0,0,0,0,0,0,0,0,0,0,0,0,0,0,0,0,0,0,0,0,0,0,0,0,0,3,0,0,0,0,0,0,0,0,0,0,0,0,0,0,0,0,0,0,0,0,0,0,0,0,0,0,0,0,0,0,0,0,0,0,0,0,0,0,0,0,0,0,0,0,0,0,0,0,0,0,0,0,0,0,0,0,0,0,0,0,0,0,0,0,0,3.0
3/11/20,0,0,0,0,0,0,0,0,0,0,0,0,0,0,0,0,0,0,0,0,0,0,0,0,0,0,0,4,0,0,0,0,0,0,0,0,0,0,0,0,0,0,0,0,0,0,0,0,0,0,0,0,0,1,0,0,0,0,0,0,0,0,0,0,0,0,0,0,0,0,0,0,0,0,0,0,0,0,0,0,0,0,0,0,0,0,0,0,0,0,0,0,0,5.0
3/12/20,0,0,0,0,0,0,0,0,0,0,0,0,0,0,0,0,0,0,0,0,0,0,0,0,0,0,0,9,0,0,0,0,0,0,0,0,0,0,0,0,0,0,0,0,0,0,0,0,0,0,0,0,0,1,0,0,0,0,0,0,0,0,0,0,0,0,0,0,0,0,0,0,0,0,0,0,0,0,0,0,0,0,0,0,0,0,0,0,0,0,0,0,0,10.0
3/13/20,0,0,0,0,0,0,0,0,0,0,0,0,1,0,0,0,0,0,0,0,0,0,0,0,0,0,0,12,0,0,0,0,0,0,0,0,0,0,0,0,0,0,0,0,0,0,0,0,0,0,0,0,0,1,0,0,0,0,0,0,0,0,0,0,0,0,0,0,0,0,0,0,0,0,0,0,0,0,0,0,0,0,0,0,0,0,0,0,0,0,0,0,0,14.0
3/14/20,0,0,0,0,0,0,0,0,0,0,0,0,1,0,0,0,0,0,0,0,0,0,0,0,0,0,0,16,0,0,0,0,0,0,0,0,0,0,0,0,0,0,0,0,0,0,0,0,0,0,0,0,0,1,0,0,0,0,0,0,0,0,0,0,0,0,0,0,0,0,0,0,0,0,0,0,0,0,0,0,0,0,0,0,0,0,0,0,0,0,0,0,0,18.0
3/15/20,0,0,0,0,0,0,0,0,0,0,0,0,1,0,0,0,0,0,0,0,0,0,0,0,0,0,0,15,0,0,0,0,0,0,0,0,0,0,0,0,0,0,0,0,0,0,0,0,0,0,0,0,0,1,0,0,0,0,0,0,0,0,0,0,0,0,0,0,0,0,0,0,0,0,0,0,0,0,0,0,0,0,0,0,0,0,0,0,0,0,0,0,0,17.0
3/16/20,0,0,0,0,0,0,0,0,0,0,0,0,1,0,0,0,0,0,0,0,0,0,0,0,0,0,0,16,0,0,0,0,0,0,0,0,0,0,0,0,0,0,0,0,0,0,0,0,0,0,0,0,0,1,0,0,0,0,0,0,0,0,0,0,0,0,0,0,0,0,0,0,0,0,0,0,0,0,0,0,0,0,0,0,0,0,0,0,0,0,0,0,0,18.0
3/17/20,0,0,0,0,0,0,0,0,0,0,0,0,1,0,0,0,0,0,0,0,0,0,0,0,0,0,0,19,0,0,0,0,0,0,0,0,0,0,0,0,0,0,0,0,0,0,0,0,0,0,0,0,0,2,0,0,0,0,0,0,0,0,0,0,0,0,0,0,0,0,0,0,0,0,0,0,1,0,0,0,0,0,0,0,0,0,0,0,0,0,0,0,0,23.0
3/18/20,0,0,0,0,0,0,0,0,0,0,0,0,1,0,0,0,0,0,0,0,0,0,0,0,0,0,0,19,0,0,0,0,0,0,0,0,0,0,0,0,0,0,0,0,0,0,0,0,0,0,0,0,0,2,0,1,0,0,0,0,0,0,0,0,0,0,0,0,0,0,0,0,0,0,0,0,1,0,0,0,0,0,0,0,0,0,0,0,0,0,0,0,0,24.0
3/19/20,1,0,0,0,0,0,0,0,0,0,0,0,1,0,0,0,0,0,0,0,0,0,0,0,0,0,0,23,0,0,0,0,0,0,0,0,0,0,0,0,0,0,0,0,0,0,0,0,0,0,0,0,0,2,0,1,0,0,0,0,0,0,0,0,0,0,0,0,0,0,0,0,0,0,0,0,1,0,0,0,0,0,0,0,0,0,0,0,0,0,0,0,0,29.0
3/20/20,1,0,0,0,0,0,0,0,0,0,0,0,1,0,0,0,0,0,0,0,0,0,0,0,0,0,0,22,0,0,0,0,0,0,0,0,0,0,0,0,0,0,0,0,0,0,0,0,0,0,0,0,0,2,1,3,0,0,0,0,0,0,0,1,0,0,0,0,0,0,0,0,0,0,0,0,2,0,0,0,0,0,0,0,0,0,0,0,0,0,0,0,0,33.0
3/21/20,1,0,0,0,0,0,0,0,0,1,0,0,1,0,0,0,0,0,0,0,0,0,0,0,0,0,0,25,0,0,0,0,0,0,0,0,0,0,0,0,0,0,0,0,0,0,0,0,0,0,0,0,0,2,2,3,0,0,0,0,0,0,0,1,0,0,0,0,0,0,0,0,0,0,0,0,2,0,0,0,0,0,0,0,0,0,0,0,0,0,0,0,0,38.0
3/22/20,1,0,0,0,0,0,0,0,0,2,0,0,1,0,0,0,0,0,0,0,0,0,0,0,0,0,0,34,0,0,0,0,0,0,0,0,0,0,0,0,0,0,0,0,0,0,0,0,0,0,0,0,0,2,2,3,0,0,0,0,0,0,0,1,0,0,0,0,0,0,0,0,0,0,0,0,5,0,0,0,0,0,0,0,0,0,0,0,0,0,0,0,0,51.0
3/23/20,1,0,0,0,0,0,0,0,0,2,0,0,1,0,0,0,0,0,0,0,0,0,0,0,0,0,0,34,0,0,0,0,0,0,0,0,0,0,0,0,0,0,0,0,0,0,0,0,0,0,0,0,0,2,2,3,0,0,0,0,0,0,0,1,0,0,0,0,0,0,0,0,0,0,0,0,5,0,0,0,0,0,0,0,0,0,0,0,0,0,0,0,0,51.0
3/24/20,1,0,0,0,0,0,0,0,0,2,0,0,2,0,0,0,0,0,0,0,0,0,0,0,0,0,0,39,0,0,0,0,0,1,0,0,0,0,0,0,0,0,0,0,0,0,0,0,0,0,0,0,0,2,2,3,0,0,1,0,0,0,0,1,0,0,0,0,0,0,0,0,0,0,0,0,8,1,0,0,0,0,0,0,0,0,0,0,3,0,0,0,0,66.0
3/25/20,1,0,0,0,0,0,0,0,0,2,0,0,2,0,0,0,0,0,0,0,0,0,0,0,0,0,0,43,0,0,0,0,0,1,0,0,0,0,0,0,0,0,0,0,0,0,0,0,0,0,0,0,0,2,3,3,0,0,1,0,0,0,0,1,0,0,0,0,0,0,0,0,0,0,0,0,8,1,0,0,0,0,0,0,0,0,0,0,3,0,0,0,0,71.0
3/26/20,1,0,0,0,0,0,0,0,0,2,0,0,2,0,0,0,0,0,0,0,0,0,0,0,0,0,0,44,0,0,0,0,0,1,0,0,0,0,0,0,0,0,0,0,0,0,0,0,0,0,0,0,0,2,3,3,0,0,1,0,0,0,0,1,0,0,0,0,0,0,0,0,0,0,0,0,8,2,0,0,0,0,0,0,0,0,0,0,4,0,0,0,0,74.0
3/27/20,1,0,0,0,0,0,0,0,0,4,0,0,2,0,0,0,0,0,0,0,0,0,0,0,0,0,0,44,0,0,0,0,0,1,0,0,0,0,0,0,0,0,0,0,0,0,0,0,0,1,0,0,0,2,3,3,0,0,1,0,0,0,0,1,0,0,0,0,0,0,0,0,0,0,0,0,10,2,0,0,0,0,0,0,0,0,0,0,5,0,0,0,0,80.0
3/28/20,2,0,0,0,0,0,0,0,0,4,0,0,2,0,0,0,0,0,0,0,0,0,0,1,0,0,2,51,0,0,0,0,0,1,0,0,0,0,0,3,0,0,0,0,0,0,0,0,0,1,0,0,0,2,4,3,0,0,1,0,0,0,0,1,0,0,0,0,0,0,0,0,0,0,0,0,11,2,0,0,0,0,0,0,0,0,0,0,5,0,0,0,0,96.0
3/29/20,2,0,0,0,0,0,0,0,0,5,0,0,2,0,0,0,0,0,0,0,0,0,0,1,0,0,2,57,0,0,0,0,0,1,0,0,1,0,0,3,0,0,0,0,0,0,0,0,0,1,0,0,0,2,4,3,0,0,1,0,0,0,0,1,0,0,0,0,0,0,0,0,0,0,0,0,11,2,0,0,0,0,0,0,0,0,0,0,5,0,0,0,0,104.0
3/30/20,3,0,0,0,0,0,0,0,0,6,0,0,2,0,0,0,0,0,0,0,0,0,0,1,0,0,3,75,0,0,0,0,0,0,0,0,1,0,0,6,0,0,0,0,0,0,0,0,0,1,0,0,0,2,8,5,0,0,2,0,0,0,0,1,0,0,0,0,0,0,1,0,0,0,0,0,13,2,1,0,0,0,0,0,0,0,0,0,9,0,0,0,1,143.0
3/31/20,3,1,0,0,0,0,0,0,0,6,0,0,2,0,0,0,0,0,0,0,0,0,0,1,0,0,3,85,0,0,0,0,0,0,0,0,1,0,0,8,0,0,0,0,0,0,0,0,0,1,0,0,0,2,8,5,0,0,2,0,0,0,0,1,0,0,0,0,0,0,1,0,0,0,0,0,16,2,1,0,0,0,0,0,0,0,0,0,19,0,0,0,1,169.0
4/1/20,4,1,0,0,0,0,0,0,0,7,0,0,2,0,0,0,0,0,0,1,0,0,0,1,0,0,4,101,0,0,0,0,0,0,0,0,1,0,0,15,0,0,0,0,0,0,0,0,0,1,0,0,1,2,9,9,0,0,3,0,0,0,0,1,0,0,0,0,0,0,2,0,0,0,0,0,17,2,3,0,0,0,0,0,0,0,0,0,19,0,0,0,1,207.0
4/2/20,6,1,0,0,0,0,0,0,0,8,0,0,2,0,0,0,0,0,0,1,0,0,0,1,0,0,4,116,0,0,0,0,0,1,0,0,1,0,0,17,2,0,0,0,0,0,0,0,0,1,0,0,3,2,12,11,0,0,4,0,0,0,0,1,0,1,0,0,0,0,3,0,0,0,0,0,20,3,3,0,0,0,0,0,0,0,0,0,19,0,0,0,1,244.0
4/3/20,6,1,0,0,0,0,0,0,0,9,0,0,2,0,0,0,0,0,1,1,0,0,0,1,0,0,5,124,0,0,0,0,0,2,0,0,1,0,0,26,3,0,0,0,0,0,0,0,0,1,0,0,5,2,14,14,0,0,5,0,0,0,0,1,0,1,0,0,0,0,3,0,0,0,0,0,24,3,3,0,0,0,0,0,0,0,0,0,19,0,0,0,1,278.0
4/4/20,8,1,0,0,0,0,0,0,0,14,0,0,2,0,0,1,0,0,1,1,0,0,0,1,0,0,6,131,0,0,0,0,0,2,0,0,1,0,0,40,4,0,0,0,0,0,0,0,0,1,0,0,5,2,18,15,0,0,5,0,2,0,0,1,0,1,0,0,0,0,4,0,0,0,0,0,26,4,3,0,0,0,0,0,0,0,0,0,19,0,0,0,1,320.0
4/5/20,11,1,0,0,0,0,0,0,0,17,0,0,2,0,0,1,0,0,2,2,0,0,0,1,0,0,7,144,0,0,0,0,0,9,0,0,1,0,0,44,6,0,0,0,0,0,0,0,1,2,0,0,5,2,18,15,0,0,5,0,2,0,0,1,0,1,0,0,1,0,5,0,0,0,0,0,28,4,3,1,0,0,0,0,0,0,0,0,20,0,0,0,1,363.0
4/6/20,13,1,0,0,0,0,0,0,0,18,0,0,2,0,0,1,1,0,2,2,1,0,0,1,0,0,7,159,0,0,0,0,0,9,0,0,1,0,0,55,6,0,0,0,0,0,0,0,0,2,0,0,9,2,32,16,1,0,5,0,2,0,0,1,0,1,0,0,1,0,5,0,0,0,0,0,28,4,6,1,0,0,0,1,0,0,0,0,19,0,0,0,1,416.0
4/7/20,15,1,0,0,0,0,0,0,0,23,0,0,2,0,0,1,1,0,3,2,1,0,0,1,0,0,7,159,0,0,0,0,0,23,0,0,1,0,0,58,7,0,0,0,0,0,0,0,0,2,0,0,9,2,34,16,1,0,5,0,2,0,0,1,0,1,0,0,1,0,5,0,0,0,0,0,29,4,6,1,0,0,0,1,0,0,0,0,20,0,0,0,1,446.0
4/8/20,27,1,0,0,0,0,0,0,0,28,0,0,3,0,0,1,1,0,3,2,3,0,0,1,0,0,7,181,0,0,0,0,0,23,0,0,1,0,0,69,7,0,0,0,0,0,0,0,1,3,0,0,9,2,39,17,0,0,5,0,2,0,0,1,0,1,0,0,1,0,5,0,0,0,0,0,37,4,10,1,0,0,0,1,0,0,0,0,20,0,0,0,2,519.0
4/9/20,28,1,0,0,0,0,0,0,0,31,1,0,3,0,0,1,1,0,3,2,3,0,0,2,0,0,7,198,0,0,0,0,0,24,0,0,1,0,0,84,8,0,0,0,0,0,0,0,1,3,0,0,10,2,44,17,0,0,6,0,2,0,0,1,0,1,0,0,1,0,5,1,0,0,0,0,38,4,10,1,0,0,0,1,0,0,0,0,20,0,0,0,2,568.0
4/10/20,38,1,0,0,0,0,0,0,0,31,1,0,3,0,0,1,1,0,3,2,3,0,0,3,0,0,7,214,0,0,0,0,0,24,0,0,1,0,0,116,9,0,0,0,0,0,0,0,1,3,0,0,9,2,49,17,0,0,6,0,2,0,0,1,0,1,0,0,1,0,5,1,0,0,0,0,39,4,10,1,0,0,0,1,0,0,0,0,20,0,1,0,3,635.0
4/11/20,45,1,0,0,0,0,1,0,0,33,1,0,3,0,0,1,2,2,4,2,13,0,0,3,0,0,7,228,0,0,2,0,0,25,0,0,1,0,0,129,10,0,0,0,0,0,0,0,1,3,0,0,9,2,50,17,0,0,6,0,2,0,0,1,0,1,0,0,1,1,6,1,0,0,0,0,41,5,12,1,0,0,0,1,0,0,0,0,20,1,1,0,3,699.0
4/12/20,54,1,0,0,0,0,1,0,0,35,1,0,3,0,0,1,3,2,4,2,13,0,0,12,0,0,9,239,0,0,2,0,0,25,0,0,1,0,0,159,11,0,0,0,0,0,0,0,1,3,0,0,9,2,52,17,0,0,6,0,2,0,0,1,0,1,0,0,1,1,6,1,0,0,0,0,41,5,14,1,0,0,0,1,0,0,0,0,20,1,1,0,3,768.0
4/13/20,54,1,0,0,0,0,1,0,0,36,1,0,3,0,0,1,3,2,4,2,19,2,0,13,0,0,10,242,0,0,3,0,0,26,0,0,1,0,0,161,11,0,0,0,0,0,0,0,1,3,0,0,9,2,54,17,0,0,6,0,2,0,0,1,0,1,0,0,1,1,6,2,0,0,0,0,41,6,14,1,0,0,0,1,0,0,0,0,20,1,1,0,4,791.0
4/14/20,62,1,0,0,0,0,1,0,0,38,1,0,3,0,0,1,2,2,4,2,19,2,0,18,0,0,12,251,0,0,3,0,0,26,0,0,1,0,0,214,13,0,0,0,0,0,0,0,1,3,0,0,9,2,57,17,0,0,6,0,2,0,0,1,0,1,0,0,1,1,6,2,0,0,0,0,46,6,14,1,0,0,0,1,0,0,0,0,20,1,1,0,4,879.0
4/15/20,62,1,0,0,0,0,1,0,0,38,1,0,3,0,0,1,2,2,4,2,19,2,0,18,0,0,12,251,0,0,3,0,0,26,0,0,1,0,0,214,13,0,0,0,0,0,0,0,1,3,0,0,9,2,57,17,0,0,6,0,2,0,0,1,0,1,0,0,1,1,6,2,0,0,0,1,46,6,14,1,0,0,0,1,0,0,0,0,22,1,1,0,4,882.0
4/16/20,65,1,0,0,0,0,1,0,0,42,1,0,3,0,0,1,3,2,4,2,19,3,0,21,0,0,12,259,0,0,3,0,0,26,0,0,1,0,0,231,14,0,0,0,0,0,0,0,1,3,0,0,9,2,59,17,0,0,7,0,5,1,0,1,0,1,0,0,1,1,6,3,0,0,0,1,46,6,16,1,0,0,0,1,0,0,0,0,20,1,1,0,5,929.0
4/17/20,64,1,0,0,0,0,1,0,0,44,1,0,3,0,0,1,3,2,4,2,19,9,0,24,0,0,12,266,0,0,3,0,0,26,0,0,1,0,0,247,14,0,0,0,0,0,2,0,1,3,0,0,9,2,62,17,0,0,7,0,5,1,1,1,0,1,0,0,1,1,6,4,0,0,0,3,47,6,17,1,0,0,0,1,0,0,0,0,20,1,1,0,6,974.0
4/18/20,85,1,0,0,0,0,1,0,0,47,1,1,3,0,0,1,4,3,4,2,18,22,0,30,0,0,12,266,0,0,3,0,0,27,0,0,3,0,0,403,16,0,0,0,0,0,2,0,2,3,0,0,9,2,63,18,0,0,7,0,6,1,1,1,0,1,0,0,1,1,6,5,1,0,0,4,48,6,18,1,0,0,0,1,0,0,0,0,20,1,1,0,6,1189.0
4/19/20,98,1,0,0,0,0,1,0,0,52,1,1,5,0,0,1,4,4,4,2,20,29,0,124,0,0,16,280,0,0,3,0,2,28,0,0,5,0,0,457,19,0,0,0,0,0,3,0,2,4,0,0,9,2,81,18,0,0,9,0,7,1,1,1,0,1,0,0,1,1,7,5,1,0,0,7,53,6,22,2,0,0,0,2,0,0,1,0,20,1,2,0,7,1434.0
4/20/20,100,1,0,0,0,0,1,0,0,55,1,1,4,0,0,1,4,4,5,2,20,51,0,172,0,1,18,291,0,0,3,0,2,28,0,0,6,0,0,531,20,0,0,0,0,0,3,0,2,4,0,0,9,2,85,18,0,0,11,0,9,1,1,1,0,1,0,0,1,1,7,6,1,0,0,8,55,6,22,2,0,0,0,2,0,0,0,0,21,1,2,0,7,1611.0
4/21/20,101,1,0,0,0,0,1,0,0,55,1,1,4,0,0,1,4,5,5,2,20,73,0,175,0,1,18,296,0,0,3,0,2,28,0,0,6,0,0,554,22,0,0,0,0,0,4,0,2,4,0,0,9,2,92,18,0,0,14,0,9,1,1,1,0,1,0,0,1,1,8,6,1,0,0,11,55,6,22,4,0,0,0,2,0,0,0,0,21,1,2,0,7,1685.0
4/22/20,103,1,0,0,0,0,1,0,0,61,1,1,3,0,0,1,5,5,5,2,20,86,0,197,0,1,18,310,0,1,3,0,2,28,0,0,7,0,0,588,27,0,0,0,0,0,5,0,2,4,0,0,9,2,97,18,0,0,16,0,9,1,1,1,0,1,0,0,1,1,11,6,1,0,0,16,57,6,22,4,0,0,0,2,0,0,0,0,21,1,2,0,7,1801.0
4/23/20,111,1,0,0,0,0,1,0,0,70,1,1,4,0,0,1,5,4,6,3,20,246,0,256,0,1,41,327,0,1,3,0,2,28,0,0,8,0,1,647,28,0,0,0,0,0,9,0,2,4,0,0,9,2,106,18,0,0,44,0,9,1,1,1,0,1,0,0,1,1,11,6,1,0,0,20,61,8,23,5,0,0,0,2,0,0,1,0,21,1,2,0,7,2195.0
4/24/20,120,1,0,0,0,0,1,0,0,75,1,1,4,0,0,1,5,4,9,3,20,246,0,307,0,1,43,362,0,1,3,0,2,29,0,0,8,0,1,734,32,0,0,0,0,0,9,0,2,4,0,0,9,2,114,18,0,0,47,0,10,1,1,1,0,1,0,0,1,1,12,5,1,0,0,26,70,8,23,6,0,1,0,2,0,0,0,0,22,1,3,0,9,2424.0
4/25/20,125,2,0,0,0,0,1,0,0,85,1,1,4,0,0,1,5,5,9,3,21,332,0,352,0,2,45,382,0,1,3,0,2,29,0,0,8,0,1,797,46,0,0,0,0,0,11,0,2,4,0,0,9,2,120,20,0,0,55,0,10,1,1,1,0,1,0,0,1,1,16,5,1,0,0,38,77,9,26,6,0,1,0,2,0,0,1,0,22,1,3,0,9,2719.0
4/26/20,129,2,0,0,0,0,1,0,0,86,2,2,4,0,0,1,5,4,20,3,22,403,2,367,0,2,45,419,0,1,3,0,2,29,0,0,8,0,1,876,46,0,0,0,0,0,12,1,4,4,0,0,9,2,140,20,0,0,65,0,10,1,1,1,0,1,0,0,1,1,27,5,1,0,0,60,87,9,27,6,0,1,0,2,0,0,1,0,22,1,3,0,10,3020.0
4/27/20,141,2,0,0,0,0,1,0,0,91,2,1,4,2,0,1,6,5,22,4,22,459,0,409,0,3,50,476,0,1,3,0,2,33,0,0,8,0,2,908,41,0,0,0,0,0,10,2,4,4,0,0,9,2,157,20,0,0,91,0,11,1,1,1,0,1,0,0,2,1,38,5,2,0,0,87,91,9,27,7,0,1,0,2,0,0,1,1,22,1,3,0,11,3324.0
4/28/20,143,2,0,0,0,0,1,0,0,90,2,2,4,2,0,1,6,5,23,4,22,608,0,410,0,3,50,484,0,1,3,0,2,33,0,0,8,0,2,908,41,0,0,0,0,0,10,3,4,4,0,0,9,2,158,20,0,0,95,0,11,1,1,1,0,1,0,0,2,1,39,5,2,0,0,87,91,9,27,7,0,1,0,2,0,0,3,1,22,1,3,0,11,3494.0
4/29/20,147,2,0,0,0,0,1,0,0,97,2,2,5,2,0,1,6,9,44,5,22,608,0,424,0,5,53,580,0,1,3,0,3,35,0,0,9,0,2,943,41,0,0,0,0,0,12,3,4,4,0,0,9,2,204,23,0,0,109,0,12,1,1,1,0,1,0,0,2,1,66,7,2,0,0,107,113,9,29,7,0,1,0,4,0,0,4,1,22,1,3,0,11,3828.0
4/30/20,164,2,0,0,0,0,1,0,0,101,3,4,5,4,0,1,6,9,69,6,23,656,2,456,0,7,55,656,0,1,5,1,3,36,0,0,9,0,2,1025,42,0,0,1,0,0,12,4,4,4,0,0,9,2,240,25,0,0,115,0,12,1,2,1,0,1,0,0,5,1,83,7,3,0,0,129,122,9,29,8,0,1,0,5,0,0,4,1,22,1,4,0,12,4233.0
5/1/20,187,3,0,0,0,0,1,0,0,111,3,5,5,4,0,1,6,10,116,6,24,942,0,503,0,7,60,744,0,1,5,1,3,38,0,0,10,0,2,1111,44,0,0,1,0,0,15,4,4,4,0,0,9,2,280,30,0,0,132,0,13,1,2,1,0,2,0,0,6,1,110,9,3,0,0,194,133,9,29,8,0,2,0,5,0,0,5,1,22,1,5,0,12,5008.0
5/2/20,202,3,0,0,0,0,1,0,0,113,4,6,6,4,0,1,7,11,153,7,25,942,0,518,0,12,73,825,0,2,5,1,4,38,0,0,11,0,2,1160,44,0,0,1,0,1,16,4,4,4,1,0,9,2,298,33,0,0,148,0,16,1,3,1,0,2,0,0,6,1,138,10,3,0,0,196,137,9,31,8,0,2,0,5,0,0,6,1,22,1,5,0,12,5317.0
5/3/20,203,3,0,0,0,0,1,0,0,114,5,6,6,4,0,1,7,12,161,7,26,980,0,543,0,13,111,878,0,2,5,1,4,38,0,0,11,0,2,1256,45,0,0,1,1,0,17,4,4,4,1,0,9,2,330,33,0,0,149,0,19,1,3,1,0,2,0,0,6,1,157,9,3,0,0,212,142,9,34,8,0,2,0,5,0,0,6,1,22,1,5,0,12,5661.0
5/4/20,204,4,0,0,0,0,1,0,0,116,5,7,6,4,0,1,7,13,241,9,26,980,0,552,0,14,119,944,0,2,5,1,4,39,0,0,11,0,2,1281,45,0,0,1,1,0,17,4,4,4,1,0,9,2,390,33,0,0,157,0,19,3,4,1,0,3,0,0,6,2,185,9,4,0,0,264,158,11,34,11,0,2,0,7,0,0,6,1,23,1,5,0,12,6037.0
5/5/20,204,4,0,0,0,2,1,0,0,116,5,8,6,4,0,1,7,13,255,10,26,980,0,617,0,14,124,1049,0,3,5,1,4,39,0,0,12,0,2,1284,45,0,0,1,1,0,17,4,4,5,1,0,9,4,441,33,0,0,184,0,19,3,4,1,0,3,0,0,6,2,205,9,4,0,0,285,168,11,34,13,0,2,0,8,0,0,7,1,22,1,5,0,15,6373.0
5/6/20,212,4,0,0,0,2,1,0,0,116,5,10,7,4,0,1,7,10,292,10,26,980,0,676,0,14,126,1113,0,3,5,1,4,39,0,0,12,0,2,1287,45,0,0,1,1,0,19,4,4,6,1,0,9,5,452,36,0,0,226,10,20,7,4,1,0,3,0,0,6,1,260,9,5,0,0,285,180,10,35,13,0,2,0,8,0,1,7,1,22,1,5,0,15,6689.0
5/7/20,216,4,0,0,0,2,1,0,0,119,5,13,9,5,0,1,7,10,338,10,27,1017,0,679,0,15,138,1221,0,3,5,1,4,40,0,0,12,0,2,1306,45,0,0,1,1,0,19,4,4,6,1,0,9,5,503,37,0,0,237,0,20,7,4,1,0,3,0,0,8,1,286,9,5,0,0,320,198,10,35,15,0,2,0,8,0,1,9,1,22,1,5,0,15,7068.0
5/8/20,218,5,0,0,0,2,1,0,0,119,5,15,9,5,0,1,8,11,391,10,27,1323,0,680,0,23,139,1342,0,3,5,1,4,40,0,0,12,0,2,1311,45,0,0,1,1,0,21,4,5,6,2,0,9,5,547,39,0,0,243,0,21,8,4,1,0,2,0,0,8,1,324,9,5,0,0,320,218,11,39,16,0,2,0,8,0,1,12,1,22,1,5,0,15,7694.0
5/9/20,223,5,0,0,0,2,1,0,0,121,6,16,11,5,0,1,8,11,413,12,27,1342,1,705,0,24,147,1501,0,3,5,1,4,40,0,0,12,0,2,1325,45,0,0,1,1,0,21,4,5,6,2,0,9,5,595,39,0,0,249,0,21,9,4,1,0,2,0,0,10,1,353,9,5,0,0,349,234,11,41,17,0,2,0,8,0,1,12,1,22,2,5,0,17,8093.0
5/10/20,223,5,0,0,0,2,1,0,0,121,6,16,11,6,0,1,8,11,411,14,27,1348,1,707,0,24,147,1551,0,3,5,1,4,41,0,0,12,0,2,1328,46,0,0,1,1,0,21,4,5,6,2,0,9,6,595,39,0,0,251,0,21,9,4,1,0,2,0,0,10,1,361,9,5,0,0,349,236,11,41,17,0,2,0,8,0,1,13,1,22,2,5,0,17,8171.0
5/11/20,227,5,0,0,0,2,1,0,0,121,6,22,11,6,0,1,8,11,419,14,27,1378,1,712,0,24,157,1616,0,3,5,1,4,41,0,0,12,0,2,1332,46,0,0,1,1,0,21,5,5,7,2,0,9,6,634,40,0,0,257,0,23,9,4,1,0,2,0,0,11,1,373,9,5,0,0,367,248,11,44,17,0,2,0,8,0,1,13,1,22,2,5,0,25,8407.0
5/12/20,228,5,0,0,0,2,1,0,0,126,6,23,13,6,0,1,8,11,431,14,27,1362,1,717,0,24,166,1668,0,3,5,1,4,41,0,1,13,0,2,1344,46,0,0,1,1,0,23,5,5,9,2,0,9,6,650,40,0,0,256,0,23,9,4,1,0,2,0,0,11,1,382,9,5,0,0,367,257,11,46,17,0,2,0,8,0,1,13,1,23,2,5,0,25,8532.0
5/13/20,236,5,0,0,0,2,1,0,0,128,5,23,15,6,0,1,8,13,446,15,29,1376,1,753,0,25,202,1779,0,3,5,1,4,41,0,0,13,0,2,1377,47,0,0,1,1,0,28,6,5,9,2,0,9,6,687,40,0,0,264,0,26,9,4,2,0,4,0,0,11,1,390,9,5,1,0,392,272,12,47,18,0,3,0,8,0,1,19,2,23,3,5,0,25,8912.0
5/14/20,238,5,0,0,0,3,1,0,0,130,5,27,15,6,0,1,8,14,467,15,29,1412,1,756,0,25,203,1960,0,4,5,1,4,41,0,0,13,0,2,1392,47,0,0,1,1,0,28,5,5,10,2,0,9,6,701,40,0,0,281,0,26,10,4,2,0,5,0,0,11,1,407,9,5,1,0,395,291,15,48,19,0,2,0,8,0,1,19,3,24,3,5,0,27,9260.0
5/15/20,246,5,0,0,0,3,1,0,0,134,5,28,15,6,0,1,8,15,481,16,29,1444,1,778,0,25,225,2093,0,4,5,1,5,42,0,0,13,0,2,1409,48,0,0,1,1,0,32,5,6,10,2,0,9,8,733,42,0,0,264,0,28,10,4,2,0,5,0,0,13,1,426,9,5,1,0,403,309,18,51,23,0,2,0,15,1,1,18,3,24,4,5,0,28,9610.0
5/16/20,251,5,0,0,0,3,1,0,0,136,5,29,18,6,0,1,8,17,508,16,29,1454,2,804,0,26,236,2305,0,4,5,1,5,42,0,0,13,0,2,1424,48,0,0,1,1,0,35,6,6,11,2,0,9,8,791,43,0,0,270,0,28,10,4,2,1,5,0,0,13,1,448,9,5,1,0,413,331,20,51,24,0,2,0,15,0,1,19,3,24,4,5,0,29,10055.0
5/17/20,252,5,0,0,0,3,1,0,0,136,5,29,18,6,0,1,9,18,516,17,29,1458,1,805,0,27,242,2362,0,4,5,1,6,41,0,0,13,0,2,1430,50,0,0,1,1,0,36,6,7,11,2,0,9,8,800,44,0,0,271,0,29,10,4,2,1,6,0,0,13,1,451,9,5,1,0,413,342,20,54,25,0,2,0,15,0,1,19,3,24,4,5,0,30,10177.0
5/18/20,252,6,0,0,0,3,1,0,0,136,5,31,21,6,0,1,9,18,528,17,29,1476,1,811,0,27,266,2446,0,4,5,1,6,42,0,0,13,0,2,1433,51,0,0,1,1,0,36,6,7,11,2,0,9,8,892,45,0,0,269,0,29,10,4,3,1,6,0,0,13,1,462,9,5,1,0,432,349,21,54,26,0,2,0,15,0,1,19,3,24,4,5,0,30,10463.0
5/19/20,255,7,0,0,0,3,1,0,0,136,5,34,23,6,0,1,9,19,532,17,29,1476,2,811,0,27,274,2583,0,4,5,1,6,43,0,0,13,0,2,1435,52,0,0,1,1,0,38,6,7,11,2,0,9,8,912,45,0,0,271,0,29,10,4,3,1,6,0,0,13,1,481,9,5,1,0,436,366,22,54,26,0,2,0,15,0,1,19,3,24,4,5,0,30,10692.0
5/20/20,256,7,0,0,0,3,1,0,0,136,5,37,26,6,0,1,9,19,559,18,28,1475,1,812,0,27,282,2692,0,5,5,1,6,43,0,0,13,0,2,1441,52,0,0,1,1,0,38,6,7,11,2,3,8,8,934,46,0,0,289,0,30,10,4,3,1,6,0,0,16,1,505,9,5,1,0,448,382,22,55,26,0,2,0,15,0,1,20,3,26,4,5,0,30,10952.0
5/21/20,258,7,0,0,0,3,1,0,0,136,7,37,27,6,0,1,9,20,573,26,29,1489,1,813,0,27,295,2798,0,5,6,1,6,44,0,0,13,0,2,1452,52,0,0,1,1,0,38,6,7,11,2,3,8,8,995,48,0,0,294,0,32,10,5,3,1,6,0,0,16,2,515,9,5,1,0,463,404,22,58,27,0,2,0,15,0,1,23,3,26,7,5,0,30,11257.0
5/22/20,258,7,0,0,0,3,1,0,0,137,8,44,28,7,0,1,9,22,580,26,30,1568,1,814,0,24,314,2881,0,5,6,1,6,44,0,0,13,0,2,1458,52,1,0,1,1,0,38,6,7,11,2,0,8,8,1002,46,0,0,294,0,32,10,5,3,1,6,0,0,16,2,516,9,5,1,0,465,419,25,58,27,0,2,0,15,0,1,24,3,26,7,5,0,35,11493.0
5/23/20,264,7,0,0,0,3,1,0,0,140,8,45,34,7,0,1,9,22,592,32,30,1575,1,816,0,24,351,3024,0,5,6,1,7,44,0,0,13,0,3,1460,54,1,0,1,1,0,39,6,7,11,2,0,8,8,1033,47,0,0,296,0,32,10,5,3,1,6,0,0,18,2,522,9,5,1,0,467,434,27,62,27,0,2,0,16,0,1,24,3,26,12,5,0,35,11794.0
5/24/20,265,7,0,0,0,3,2,0,0,142,8,45,37,7,1,1,9,22,599,31,31,1582,1,820,0,25,355,3094,0,5,6,1,7,44,0,0,13,0,3,1464,54,1,0,1,1,0,39,6,7,11,2,0,8,8,1047,47,0,0,298,0,32,10,5,3,1,6,0,0,20,2,523,9,5,1,0,469,448,27,67,27,0,2,0,17,0,1,28,3,26,13,5,0,35,11945.0
5/25/20,265,7,0,0,0,3,2,0,0,142,8,45,38,7,1,1,9,22,602,31,31,1612,1,820,0,25,376,3186,0,5,6,1,7,44,0,0,13,0,3,1466,54,1,0,1,1,0,39,6,7,12,2,0,8,9,1084,47,0,0,299,0,32,10,5,3,1,6,0,0,20,2,530,9,5,1,0,482,463,28,67,27,0,3,0,17,0,1,30,3,26,13,5,0,35,12173.0
5/26/20,265,8,0,0,0,3,2,0,0,145,9,45,39,7,1,1,9,23,604,31,31,1639,1,826,0,25,390,3329,0,5,6,1,8,44,0,0,13,0,3,1470,54,1,0,1,1,0,40,6,7,12,2,0,8,10,1098,47,0,0,299,0,32,11,5,3,1,6,0,0,20,3,534,9,5,1,0,484,476,30,72,27,0,4,0,20,0,1,34,3,27,13,5,0,35,12430.0
5/27/20,264,8,0,0,0,3,2,0,0,148,9,45,40,7,1,1,9,24,604,31,31,1639,1,827,0,25,407,3583,0,5,6,1,8,44,0,0,13,0,2,1472,54,1,0,1,1,0,40,6,7,12,2,0,8,10,1119,47,0,0,305,0,33,11,5,3,1,6,0,0,20,3,547,10,5,1,0,491,503,31,75,27,0,4,0,21,0,1,37,3,28,13,5,0,35,12792.0
5/28/20,265,8,0,0,0,4,2,0,0,150,9,47,42,7,1,1,9,24,609,31,31,1650,1,833,0,26,413,3736,0,5,6,1,8,44,0,0,13,0,2,1476,54,1,0,1,1,0,40,6,7,12,2,0,8,10,1140,47,0,0,306,0,33,11,5,3,1,6,0,0,20,5,549,10,5,1,0,495,531,33,84,27,0,4,0,21,0,1,38,3,28,14,5,0,35,13057.0
5/29/20,268,8,0,0,0,5,2,0,0,153,9,47,46,7,1,1,9,24,612,31,31,1650,1,833,0,26,439,3955,0,5,6,1,8,45,0,1,13,0,2,1484,54,0,0,1,1,0,42,6,7,11,2,0,8,10,1176,47,0,0,312,0,33,11,4,3,1,7,0,0,20,5,560,11,5,1,0,498,578,34,88,27,0,4,0,20,1,1,41,4,29,14,5,0,36,13441.0
5/30/20,270,8,0,0,0,6,2,0,0,156,9,48,47,8,1,1,9,24,612,31,31,1661,1,835,0,27,463,4073,0,6,6,1,9,45,0,0,13,0,2,1495,55,0,0,1,1,0,42,6,6,11,2,0,8,10,1194,47,0,0,314,0,33,11,4,3,1,7,0,0,20,6,571,11,5,1,0,497,596,36,102,28,0,4,0,20,1,1,44,4,29,15,5,0,36,13688.0
5/31/20,270,8,0,0,0,6,2,0,0,157,9,48,50,8,1,1,9,24,617,31,31,1663,1,838,0,27,465,4198,0,6,6,1,9,45,0,0,13,0,2,1503,55,0,0,1,1,0,42,6,6,11,2,0,8,10,1205,48,0,0,314,0,33,11,4,3,1,7,0,0,20,6,577,11,5,1,0,497,620,36,102,28,0,4,0,20,1,1,46,4,30,15,5,0,36,13882.0
6/1/20,272,8,0,0,0,6,2,1,0,159,8,48,51,8,1,1,9,24,619,32,31,1665,1,839,0,29,478,4331,0,7,6,1,9,45,2,0,13,0,2,1515,55,0,0,1,1,0,42,6,6,11,2,0,8,10,1222,48,0,0,318,0,32,11,4,3,1,7,0,0,20,6,586,11,5,1,0,504,650,38,107,28,0,4,0,20,1,1,45,4,32,15,5,0,36,14130.0
6/2/20,272,8,0,0,0,6,2,1,0,166,8,49,53,8,1,1,9,24,620,34,31,1675,1,839,0,29,487,4476,0,7,6,1,9,45,2,0,13,0,2,1522,55,0,0,1,1,0,42,7,6,11,2,0,8,10,1244,48,0,0,318,0,32,11,4,4,1,7,0,0,20,6,603,11,5,1,0,506,680,40,112,28,0,4,0,20,1,1,49,4,32,18,5,0,36,14401.0
6/3/20,273,8,0,0,0,6,2,1,0,168,8,50,53,8,1,1,9,24,624,34,31,1684,1,840,0,29,503,4640,0,7,6,1,9,45,4,0,13,0,2,1525,55,0,0,1,1,0,42,7,6,11,2,0,8,10,1262,48,0,0,320,0,33,11,4,4,1,7,0,0,20,6,611,11,5,1,0,508,703,42,120,29,0,4,0,21,1,1,49,4,32,18,5,0,36,14670.0
6/4/20,275,8,0,0,0,7,2,1,0,171,9,50,53,8,1,1,9,24,626,34,33,1692,1,841,0,29,531,4769,0,7,6,1,9,45,4,0,13,0,2,1532,55,0,0,1,1,0,42,7,6,12,2,0,8,10,1278,47,0,0,320,0,33,11,4,4,1,7,0,0,20,6,617,11,5,1,0,510,736,46,124,29,0,4,0,21,1,1,50,5,33,18,5,0,36,14922.0
6/5/20,275,8,0,0,0,7,2,1,0,172,10,50,54,8,1,1,10,24,631,34,34,1702,1,842,0,32,557,4893,0,7,6,1,9,45,4,1,13,0,3,1539,55,0,0,1,1,0,43,7,6,12,2,0,8,10,1310,48,0,0,323,0,34,11,4,4,1,10,0,0,20,6,619,11,5,1,0,513,753,47,137,29,0,5,0,21,1,1,50,5,33,23,5,0,37,15189.0
6/6/20,275,8,0,0,0,7,2,1,0,174,10,51,54,8,1,1,10,24,635,34,34,1702,1,842,0,32,565,4982,0,7,6,1,9,45,4,1,13,0,3,1542,56,0,0,1,1,0,43,7,6,12,2,0,8,11,1340,49,0,0,323,0,34,11,4,4,1,11,0,0,20,6,621,11,5,1,0,515,765,51,140,29,0,5,0,21,1,1,50,5,34,24,5,0,37,15355.0
6/7/20,275,8,0,0,0,7,3,1,0,174,10,51,55,8,1,1,10,24,637,34,34,1704,1,843,0,32,567,5032,0,7,6,1,9,45,4,1,13,0,3,1543,56,0,0,1,1,0,43,8,6,12,2,0,8,11,1349,49,0,0,324,0,35,11,4,4,1,11,0,0,20,6,624,11,5,1,0,517,773,51,143,29,0,5,0,21,1,1,51,5,36,25,5,0,37,15447.0
6/8/20,276,8,0,0,0,7,3,1,0,174,10,51,55,8,1,1,10,24,637,34,34,1715,1,843,0,32,571,5092,0,7,6,1,9,45,4,1,13,0,3,1546,56,0,0,1,1,0,43,8,6,12,2,0,8,11,1363,49,0,0,325,0,36,11,4,4,1,11,0,0,20,6,629,11,5,1,0,518,787,51,145,29,0,5,0,21,1,1,55,6,36,25,5,0,37,15569.0
6/9/20,277,8,0,0,0,7,3,1,0,175,10,51,57,8,1,1,10,24,639,34,34,1716,1,843,0,32,582,5164,0,7,6,1,9,45,4,1,13,0,3,1550,56,0,0,1,1,0,43,9,6,12,2,0,8,11,1376,50,0,0,328,0,36,11,4,4,1,11,0,0,20,6,630,12,5,1,0,518,796,54,149,29,0,5,0,21,1,1,56,6,36,26,5,0,37,15701.0
6/10/20,277,8,0,0,0,7,3,1,0,175,10,51,58,8,1,1,10,24,639,34,34,1717,1,844,0,34,591,5245,0,9,6,1,9,45,4,1,13,0,3,1553,56,0,0,1,1,0,44,9,6,12,2,0,8,11,1393,51,0,0,328,0,36,11,4,4,1,11,0,0,20,6,631,12,5,1,0,518,809,55,149,29,0,5,0,21,1,1,61,7,36,26,5,0,37,15841.0
6/11/20,277,8,0,1,0,7,3,1,0,177,9,50,59,8,1,1,10,24,643,34,34,1719,1,844,0,35,611,5403,0,9,6,1,9,45,4,1,13,0,3,1559,56,0,0,1,1,0,44,9,6,12,2,0,8,11,1428,52,0,0,331,0,37,11,4,4,1,11,0,0,20,6,639,12,5,1,0,518,842,56,162,30,0,4,1,21,1,1,63,7,38,26,6,0,37,16135.0
6/12/20,278,8,0,1,0,7,3,1,0,177,9,51,59,8,1,1,10,24,646,34,34,1719,1,844,0,38,616,5540,0,9,6,1,9,45,4,1,13,0,3,1560,56,0,0,1,1,0,44,9,6,12,2,0,8,11,1445,52,0,0,331,0,37,12,4,4,1,12,0,0,20,6,639,12,5,1,0,518,868,56,170,31,0,4,2,21,1,1,63,7,39,26,6,0,37,16342.0
6/13/20,278,8,0,1,0,7,3,1,0,177,9,51,60,8,1,1,10,24,646,34,34,1719,1,844,0,39,621,5611,0,9,6,1,9,45,4,1,13,0,3,1561,56,0,0,1,1,0,45,9,6,12,2,0,8,11,1460,53,0,0,331,0,37,12,4,4,1,12,0,0,20,6,642,12,5,1,0,518,882,56,172,31,0,4,2,21,1,1,65,7,40,26,6,0,37,16460.0
6/14/20,278,8,0,1,0,7,3,1,0,177,10,51,60,8,1,1,10,24,647,34,34,1722,1,844,0,40,621,5668,0,10,6,1,9,45,4,1,13,0,3,1561,56,0,0,1,1,0,45,9,6,12,2,0,8,12,1463,53,0,0,332,0,37,12,4,4,1,12,0,0,20,6,642,12,5,1,0,519,898,57,172,32,0,4,2,21,1,1,66,7,41,26,6,0,37,16550.0
6/15/20,278,8,0,1,0,7,3,1,0,176,11,51,60,8,1,1,10,24,647,34,34,1724,1,845,0,40,638,5734,0,11,6,1,9,45,4,1,13,0,3,1562,56,0,0,1,1,0,44,9,6,12,2,0,8,13,1480,53,0,0,333,0,36,12,4,4,1,12,0,0,20,6,647,12,5,1,0,520,907,57,177,32,0,5,1,21,1,1,66,7,41,26,6,0,37,16675.0
6/16/20,278,8,0,1,0,7,3,1,0,176,11,51,60,8,1,1,11,24,651,34,34,1725,1,846,0,40,639,5850,0,13,6,1,9,45,4,1,13,0,3,1564,56,0,0,1,1,0,44,9,6,12,2,0,8,13,1516,53,0,0,334,0,36,12,4,4,1,13,0,0,20,6,648,12,6,1,0,523,920,57,178,32,0,5,1,21,1,1,68,7,41,26,6,0,37,16862.0
6/17/20,278,8,0,1,0,7,3,1,0,176,11,51,60,8,1,1,11,24,653,34,34,1729,1,847,0,40,642,5953,0,13,6,1,9,46,4,1,13,0,3,1567,57,0,0,1,1,0,44,9,6,12,2,0,8,13,1538,54,0,0,339,0,36,14,4,4,1,14,0,0,21,6,650,12,6,1,0,525,948,59,184,32,0,5,1,21,1,1,71,7,41,26,6,0,37,17055.0
6/18/20,278,8,0,1,0,7,3,1,0,177,11,51,60,8,1,1,12,24,653,34,34,1735,1,847,0,40,645,6058,0,13,6,1,9,46,4,1,13,0,3,1569,57,0,0,1,1,0,44,9,6,12,2,0,8,16,1569,54,0,0,344,0,37,14,4,4,1,14,0,0,21,6,651,12,6,2,0,525,967,60,187,32,0,5,1,21,1,1,71,7,41,26,6,0,37,17238.0
6/19/20,280,8,0,1,0,7,3,1,0,178,11,51,60,9,1,1,13,25,655,34,34,1737,2,848,0,40,652,6169,0,13,6,1,9,46,4,1,13,0,3,1571,57,0,0,1,1,0,44,9,6,12,2,0,8,16,1586,54,0,0,344,0,37,14,4,5,1,14,0,0,21,6,652,12,6,5,0,525,982,60,187,32,0,5,1,21,1,1,72,7,43,26,6,0,39,17412.0
6/20/20,281,8,0,1,0,7,3,1,0,179,11,51,61,9,1,1,13,27,657,34,34,1738,2,849,0,40,654,6234,0,13,6,1,9,47,4,1,13,0,3,1571,57,0,0,1,1,0,44,9,6,12,2,0,8,16,1597,54,0,0,344,0,37,14,4,5,1,13,0,0,21,6,652,12,6,5,0,525,998,61,188,32,0,5,1,21,1,1,72,7,45,26,6,0,40,17520.0
6/21/20,282,8,0,1,0,7,3,1,0,179,11,51,61,9,1,1,13,27,658,34,34,1739,2,850,0,43,654,6299,0,13,6,1,9,47,4,1,13,0,3,1574,58,0,0,1,1,0,44,9,6,12,2,0,8,16,1601,54,0,0,344,0,37,14,4,5,1,14,0,0,21,6,652,12,6,5,0,525,1018,63,190,32,0,5,1,21,1,1,72,7,45,26,6,0,40,17625.0
6/22/20,282,8,0,1,0,7,3,1,0,180,11,51,61,10,1,1,14,27,661,34,34,1741,2,850,0,44,655,6386,0,13,6,1,9,47,4,1,13,0,3,1574,58,0,0,1,2,0,45,9,6,13,2,0,8,16,1617,54,0,0,350,0,37,14,4,5,1,15,0,0,21,6,652,12,6,5,0,530,1038,63,193,32,0,5,1,21,1,1,72,7,45,26,6,0,40,17776.0
6/23/20,282,8,0,1,0,7,3,1,0,181,11,51,61,11,1,1,18,27,661,34,34,1744,2,851,0,44,660,6461,0,13,6,1,9,47,4,1,13,0,3,1574,58,1,0,1,3,0,45,9,6,13,2,1,8,17,1634,54,0,0,350,0,38,14,4,5,1,15,0,0,22,6,652,12,6,5,0,530,1049,65,199,32,0,5,3,21,1,1,73,7,45,26,6,0,41,17912.0
6/24/20,283,9,0,1,0,7,3,1,0,181,11,51,62,11,1,1,18,27,663,34,41,1745,2,854,0,43,664,6524,0,13,6,1,10,47,4,1,13,0,3,1577,59,1,0,1,3,0,46,9,6,13,2,0,8,17,1649,54,0,1,355,0,38,14,4,5,1,15,0,0,23,7,651,12,6,5,1,530,1060,66,202,32,0,5,3,21,1,1,73,7,45,27,6,0,41,18038.0
6/25/20,285,9,0,1,0,7,3,1,0,181,11,51,63,11,1,1,18,27,664,34,41,1749,2,854,0,44,672,6588,0,13,6,1,10,48,4,1,13,0,3,1584,58,1,0,1,3,0,46,9,6,13,2,0,8,21,1660,54,0,0,356,0,38,20,4,5,1,15,0,0,23,7,656,12,6,5,1,531,1068,67,205,33,0,5,4,21,1,1,83,8,46,27,6,0,41,18179.0
6/26/20,287,9,0,1,0,7,3,1,0,182,11,51,64,13,1,1,18,27,665,34,40,1749,2,854,0,44,673,6706,0,13,6,1,10,50,4,1,13,0,3,1585,58,1,0,1,3,0,46,9,6,13,2,0,9,21,1669,54,0,0,356,0,38,24,4,5,1,16,0,0,23,7,657,12,6,5,1,531,1089,69,208,33,2,5,6,21,1,1,84,8,46,27,6,0,41,18354.0
6/27/20,287,9,0,1,0,7,3,1,0,183,12,51,65,13,1,1,18,27,665,34,40,1755,2,857,0,46,679,6878,0,13,7,1,10,50,4,1,13,0,3,1587,58,1,0,1,3,0,46,9,6,13,3,0,9,21,1685,54,0,0,358,0,38,24,4,5,1,16,0,0,23,8,659,12,6,5,1,533,1111,73,209,33,2,5,6,21,1,1,84,8,46,28,6,0,41,18601.0
6/28/20,288,9,0,1,0,7,3,1,0,183,13,51,65,13,1,1,18,27,666,35,40,1760,2,857,0,46,681,6962,0,13,7,1,10,50,5,1,13,0,3,1590,58,1,0,1,3,0,46,9,6,13,3,0,9,21,1692,55,0,0,359,0,38,25,4,5,1,18,0,0,23,8,660,12,6,5,1,533,1123,74,209,33,2,5,6,21,1,1,84,8,46,28,6,0,41,18726.0
6/29/20,292,9,0,1,0,7,3,1,0,184,13,51,66,17,1,1,18,27,667,36,40,1761,2,857,0,47,684,7019,0,14,6,1,10,49,4,1,13,0,3,1587,64,1,0,1,3,0,46,9,6,13,4,0,9,21,1708,57,0,0,361,0,38,31,4,5,1,20,0,0,25,8,663,12,6,5,1,534,1145,74,213,33,4,5,6,21,1,1,85,8,48,28,6,0,41,18867.0
6/30/20,294,9,0,1,0,7,3,1,0,184,14,51,66,17,1,1,19,27,668,35,40,1759,3,857,0,48,687,7084,0,14,6,1,10,52,4,1,13,0,3,1591,64,1,0,1,3,0,46,9,7,13,4,0,10,21,1723,57,0,0,362,0,38,37,4,5,1,22,0,0,26,8,664,12,6,5,1,533,1167,77,215,34,4,5,6,21,1,1,85,8,50,28,6,0,41,19003.0
7/1/20,296,9,0,1,0,7,3,1,0,189,14,51,67,17,1,1,19,27,670,35,40,1763,4,859,0,48,687,7146,0,14,6,1,10,52,4,1,13,0,3,1593,64,1,0,1,3,1,46,10,7,14,4,0,10,21,1746,59,0,0,365,0,38,38,4,5,1,22,0,0,26,8,664,12,6,5,1,535,1178,78,216,36,4,5,6,21,1,1,84,8,51,28,6,0,42,19134.0
7/2/20,296,9,0,1,0,7,3,1,0,187,14,51,68,17,1,2,19,27,670,35,40,1765,4,860,0,49,689,7200,0,14,7,1,10,54,4,1,13,0,3,1595,64,1,0,1,3,1,46,10,7,15,4,0,10,21,1756,58,0,0,367,0,39,44,4,6,2,25,0,0,26,8,665,12,6,5,1,536,1192,79,216,36,5,5,6,21,1,1,126,8,51,28,7,0,44,19286.0
7/3/20,298,9,0,2,0,7,3,1,0,192,14,51,70,17,1,2,19,27,668,36,40,1772,5,861,0,50,690,7312,0,14,7,1,10,55,4,1,13,0,3,1597,64,1,0,1,3,1,46,10,7,15,4,0,11,21,1787,58,0,0,370,0,39,46,4,6,2,25,0,0,26,9,669,12,6,5,2,540,1212,79,224,37,8,5,6,21,1,1,126,8,50,28,7,0,45,19500.0
7/4/20,299,9,0,2,0,7,3,1,0,195,14,51,71,17,1,2,19,27,669,36,40,1774,5,861,0,50,693,7392,0,14,7,1,10,56,4,1,13,0,3,1599,64,1,0,1,3,1,46,10,7,16,4,0,11,22,1827,58,0,0,371,0,39,46,4,6,2,25,0,1,26,9,670,13,6,5,2,540,1230,79,224,39,8,5,6,21,1,1,127,8,50,28,7,0,45,19661.0
7/5/20,299,9,0,2,0,7,3,1,0,194,14,51,71,17,1,2,19,27,670,36,40,1774,5,861,0,50,694,7456,0,14,7,1,10,56,4,1,13,0,3,1602,64,1,0,1,3,1,46,10,7,16,4,0,11,25,1846,58,0,0,371,0,39,46,4,6,2,25,0,1,27,9,669,13,8,5,2,540,1237,79,224,39,8,5,6,21,1,1,128,8,50,28,7,0,45,19761.0
7/6/20,301,9,0,2,0,7,3,1,0,194,14,52,71,17,1,2,19,27,670,37,41,1776,5,861,0,51,699,7500,0,15,8,1,10,58,4,1,13,0,5,1605,66,1,0,1,3,2,44,10,7,17,4,0,11,25,1875,61,0,0,377,0,39,50,4,5,1,25,0,1,27,9,671,13,8,5,2,539,1242,79,227,41,8,5,6,21,1,1,128,8,50,28,7,0,45,19880.0
7/7/20,302,9,0,2,0,7,3,1,0,196,14,51,74,17,1,2,19,28,671,37,40,1776,5,863,0,52,698,7596,0,15,8,1,10,58,4,1,13,0,5,1606,67,1,0,1,3,2,44,10,7,17,4,0,11,25,1897,63,0,0,376,0,39,51,4,5,1,25,0,0,27,9,672,13,8,5,2,540,1259,81,229,44,8,5,6,21,1,1,166,8,50,28,7,0,47,20075.0
7/8/20,304,9,0,2,0,7,3,1,0,198,14,52,76,18,1,2,20,28,671,38,40,1781,4,867,0,52,699,7684,0,17,8,1,10,59,4,1,13,0,5,1611,67,1,0,1,4,2,44,10,7,17,4,0,11,25,1963,63,0,0,379,0,39,51,4,5,1,25,0,0,27,10,681,13,8,5,2,544,1272,83,231,46,8,5,6,21,4,1,167,8,53,28,7,0,49,20302.0
7/9/20,309,11,0,2,0,7,4,1,0,202,14,51,80,18,1,2,20,28,676,38,40,1781,4,869,0,52,706,7773,0,18,8,1,10,61,4,1,13,0,5,1608,69,1,0,1,4,2,44,10,7,18,4,0,11,25,1990,65,0,0,379,0,39,52,4,5,1,27,0,0,27,10,684,13,8,6,2,545,1299,85,233,46,8,5,6,21,7,1,167,8,55,31,7,0,50,20500.0
7/10/20,309,11,0,2,0,7,4,1,0,205,14,51,80,19,1,2,20,28,676,38,40,1783,4,870,0,52,708,7864,0,18,8,1,10,61,4,2,13,0,5,1611,69,1,0,1,4,2,47,10,7,18,4,0,11,25,2019,66,0,0,381,3,39,52,5,5,1,27,0,0,27,11,684,13,8,6,2,545,1311,86,235,47,8,5,6,21,7,1,169,8,56,30,7,0,49,20661.0
7/11/20,312,12,0,2,0,7,4,1,0,206,14,51,84,19,1,3,20,29,678,38,40,1786,4,870,0,52,709,7954,0,18,8,2,10,62,4,2,13,0,5,1615,69,1,0,1,4,2,47,11,8,18,4,0,11,25,2076,66,0,0,382,3,39,52,6,5,1,28,1,0,27,11,688,13,8,8,2,546,1335,89,241,47,8,5,6,21,9,1,169,8,58,31,7,0,51,20884.0
7/12/20,312,15,0,2,0,7,4,1,0,212,14,52,86,19,1,3,21,29,678,38,40,1790,4,877,0,53,709,8024,0,18,8,2,10,63,4,3,13,0,5,1620,69,1,0,1,4,2,47,11,7,18,4,0,12,25,2114,66,0,0,384,3,39,52,6,5,2,27,1,0,27,10,692,13,8,9,2,546,1348,89,241,48,8,5,6,21,9,1,179,8,58,32,7,0,52,21056.0
7/13/20,314,16,0,2,0,7,4,1,0,217,15,52,88,19,1,3,21,31,679,38,40,1792,4,878,0,55,712,8113,0,20,8,2,10,65,4,3,13,0,5,1624,72,1,0,1,4,2,47,11,7,18,6,0,12,26,2171,62,0,0,385,3,39,52,6,5,3,27,1,0,27,11,696,13,9,9,2,546,1373,95,243,52,8,5,6,21,10,1,178,8,60,33,9,0,52,21284.0
7/14/20,315,16,0,2,0,7,4,1,0,218,15,53,95,19,1,3,21,33,680,39,40,1859,4,878,1,57,714,8233,0,20,8,2,10,67,4,3,13,0,5,1627,73,1,0,1,4,2,48,11,8,18,6,0,13,26,2216,62,0,0,387,3,39,53,6,6,4,29,1,0,27,11,699,13,9,10,2,548,1405,97,244,52,8,5,6,21,16,1,179,8,61,34,9,0,52,21601.0
7/15/20,315,16,0,2,0,7,4,1,0,221,16,53,99,19,1,3,22,34,682,39,40,1861,4,878,2,58,716,8357,0,20,8,2,10,69,4,3,13,0,5,1634,73,1,0,1,4,2,50,11,8,18,7,0,13,26,2266,63,0,0,387,3,39,53,6,6,4,29,1,0,27,13,702,13,8,10,2,549,1443,98,245,54,8,5,6,21,16,1,179,9,66,34,9,0,54,21861.0
7/16/20,315,16,0,2,0,7,4,1,0,225,17,52,106,19,1,3,22,34,683,39,40,1864,4,878,2,58,717,8409,0,20,8,2,10,69,4,3,13,0,5,1635,73,1,0,1,4,2,50,11,8,18,7,0,14,26,2316,63,0,0,387,3,39,53,6,6,4,31,1,0,27,12,703,13,9,10,2,553,1468,98,248,54,8,5,6,21,16,1,178,9,67,35,9,0,54,22017.0
7/17/20,316,16,0,2,0,7,4,1,0,230,17,52,109,19,1,3,22,35,682,39,40,1865,4,879,2,58,721,8539,1,20,8,2,10,69,4,3,13,0,5,1641,75,1,0,1,4,2,50,12,9,18,7,0,14,26,2352,64,0,0,388,3,40,53,6,6,3,31,1,0,28,13,706,13,9,10,2,554,1489,99,249,54,8,5,6,21,16,1,177,9,73,35,9,0,56,22247.0
7/18/20,316,16,0,2,0,7,4,1,0,230,17,52,109,19,1,3,22,35,682,40,40,1869,4,882,2,58,724,8570,1,20,8,2,10,70,4,3,13,0,6,1644,76,1,0,1,4,2,50,12,9,18,7,0,14,26,2400,65,0,0,390,3,41,53,6,6,3,31,1,0,28,14,707,13,9,10,2,557,1495,100,249,56,8,5,6,21,19,1,178,9,75,35,9,0,55,22366.0
7/19/20,316,16,0,2,0,7,4,1,0,233,17,53,110,19,1,3,22,36,684,40,40,1872,4,883,2,58,725,8610,1,20,8,2,10,70,4,3,13,0,6,1646,78,1,0,1,4,2,50,12,9,18,7,0,14,26,2414,65,0,0,391,3,41,53,6,6,3,31,1,0,28,15,710,14,9,10,2,559,1502,101,250,56,8,5,6,22,19,1,182,9,75,35,9,0,59,22463.0
7/20/20,320,16,0,2,0,7,7,1,0,237,17,53,110,19,4,3,21,40,685,41,40,1873,4,883,1,56,723,8715,2,20,8,2,12,70,4,3,13,0,6,1651,80,1,0,1,4,3,51,12,9,18,8,0,15,26,2481,67,0,0,391,3,41,53,6,7,3,35,1,7,30,16,711,15,10,10,2,559,1527,103,258,56,8,5,6,23,19,1,183,9,76,35,9,0,59,22722.0
7/21/20,320,17,0,2,0,7,7,1,0,242,17,53,115,20,4,3,21,39,687,42,40,1873,4,887,1,56,724,8900,1,20,8,3,12,70,4,3,13,0,6,1657,80,1,0,1,4,4,51,12,9,20,10,0,15,26,2541,68,0,0,393,4,41,55,6,10,5,35,1,8,32,16,715,16,11,11,2,559,1569,105,258,59,8,5,6,23,21,1,183,9,78,35,9,0,60,23070.0
7/22/20,320,17,0,2,0,7,8,1,0,253,17,53,125,20,4,3,21,40,684,42,40,1877,4,892,1,56,727,9022,1,21,8,3,12,71,4,3,13,0,6,1658,81,1,0,1,4,4,51,12,10,20,10,0,15,26,2605,69,0,0,394,4,41,55,6,10,5,36,1,8,32,17,721,17,11,11,2,560,1612,107,265,61,8,5,5,23,22,1,181,9,79,35,9,0,61,23359.0
7/23/20,320,17,0,2,0,7,9,1,0,261,17,53,129,20,4,3,23,41,685,44,41,1880,4,898,1,56,731,9180,1,21,8,3,12,72,4,3,13,0,7,1662,84,1,0,1,6,4,51,13,10,20,11,0,15,27,2661,74,0,0,394,4,42,55,6,10,5,38,2,8,32,17,724,19,12,16,2,563,1649,108,269,61,8,5,5,23,23,1,182,9,80,35,9,0,61,23688.0
7/24/20,323,17,0,2,0,7,9,1,0,268,17,53,131,20,4,3,23,43,688,47,41,1881,4,902,1,56,734,9381,0,21,8,3,12,72,4,3,13,0,7,1665,85,1,0,1,6,4,51,13,11,20,13,0,15,28,2704,77,0,0,398,4,42,56,6,10,5,38,2,8,32,16,727,20,13,16,2,565,1691,110,272,62,9,5,5,25,24,1,184,9,87,35,10,0,62,24044.0
7/25/20,324,17,0,2,0,7,9,1,0,273,17,53,136,20,4,4,23,43,688,47,41,1887,4,912,1,56,737,9465,0,21,8,3,12,74,4,3,13,0,7,1672,87,1,0,1,6,4,51,13,11,20,13,0,15,28,2744,77,0,0,401,4,43,56,6,10,5,38,5,8,32,16,733,20,13,17,2,571,1717,112,274,65,9,5,5,25,24,1,185,9,87,35,10,1,62,24265.0
7/26/20,326,17,0,2,0,7,9,1,0,280,17,53,139,20,4,4,23,45,689,48,42,1887,4,914,1,56,741,9558,0,21,8,3,13,74,4,3,13,0,8,1681,87,1,0,1,6,4,53,13,11,19,13,0,15,28,2785,78,0,0,403,4,44,57,6,12,5,38,5,9,32,17,735,20,13,17,2,571,1745,115,274,65,9,5,5,26,24,1,191,9,89,36,10,1,62,24486.0
7/27/20,328,17,0,2,0,7,10,1,0,287,16,54,141,20,4,5,23,45,690,48,42,1890,4,916,1,56,746,9712,0,21,9,3,13,74,4,3,13,0,8,1683,87,1,0,1,6,4,53,12,11,20,15,0,15,28,2814,80,0,0,405,4,44,57,7,11,5,39,5,10,32,18,738,20,13,17,2,572,1784,117,274,66,9,6,5,25,25,1,195,9,90,35,10,1,63,24757.0
7/28/20,329,18,0,2,0,7,10,1,0,293,16,53,145,20,4,5,23,45,689,48,43,1893,4,917,1,56,748,9810,1,21,9,3,14,76,4,3,14,0,8,1688,89,1,0,1,6,4,53,12,11,22,15,0,15,28,2871,82,0,0,406,4,44,58,7,14,5,39,6,10,32,18,743,22,13,17,2,574,1831,119,273,68,9,6,5,25,25,1,197,9,91,35,10,1,63,25013.0
7/29/20,331,18,0,2,0,7,10,1,0,305,16,53,147,21,4,4,24,45,690,49,43,1892,4,927,1,56,750,9894,1,22,9,3,14,77,4,3,14,0,8,1696,90,1,0,1,6,4,53,12,11,23,18,0,15,28,2923,83,0,0,404,4,46,58,8,15,5,39,6,11,33,17,749,23,13,18,2,576,1880,122,273,70,9,6,5,26,25,1,199,9,95,35,10,2,66,25273.0
7/30/20,336,18,0,2,0,7,10,1,0,319,18,54,152,21,4,4,25,46,692,52,43,1896,5,939,1,56,750,10050,1,22,9,3,15,78,4,3,15,0,8,1701,92,1,0,1,7,4,55,14,12,25,18,0,15,29,2967,88,0,0,407,4,46,58,8,16,5,40,6,12,33,18,754,22,14,18,2,578,1918,123,278,77,9,7,5,26,25,1,198,9,99,35,9,2,67,25617.0
7/31/20,339,18,0,2,0,7,10,1,0,329,19,56,154,21,6,4,26,47,692,57,43,1901,8,942,1,56,755,10241,1,22,9,3,15,81,4,3,15,0,8,1708,96,1,0,1,7,4,55,14,11,28,18,0,15,30,3028,95,0,0,414,4,47,58,8,19,5,42,7,15,34,17,766,24,15,20,2,581,1978,128,284,94,9,7,5,26,25,1,200,10,101,35,9,0,69,26066.0
8/1/20,340,18,0,2,0,7,11,1,0,333,22,56,156,21,6,4,26,47,692,57,43,1901,8,943,1,56,758,10340,1,23,9,3,15,81,4,3,15,0,8,1708,95,1,0,1,7,4,55,14,11,29,18,0,15,31,3053,94,0,0,415,4,48,58,8,20,5,42,7,15,34,18,764,24,16,20,2,581,2008,128,287,95,9,7,5,26,25,1,201,10,104,35,9,0,73,26251.0
8/2/20,341,18,0,2,0,7,11,1,0,347,25,56,157,21,6,4,26,48,694,58,43,1901,8,949,1,56,772,10480,1,24,9,3,15,82,4,3,17,0,8,1713,96,1,0,1,8,4,55,14,12,34,19,0,15,31,3102,95,0,0,419,4,54,58,8,21,5,42,7,17,36,17,766,24,16,20,2,583,2028,138,289,96,9,8,5,28,25,1,201,10,106,35,9,0,74,26559.0
8/3/20,344,19,0,2,0,8,11,1,0,357,25,56,160,21,6,4,26,48,695,59,43,1901,8,949,1,56,775,10611,1,24,9,3,15,82,4,3,19,0,8,1717,96,1,0,1,11,4,54,14,13,34,19,0,15,32,3133,94,0,0,420,4,54,58,8,21,5,43,8,17,36,18,767,24,16,20,2,582,2064,139,289,100,9,9,5,28,26,1,202,10,108,35,9,0,72,26801.0
8/4/20,346,19,0,2,0,7,11,1,0,360,25,57,160,21,6,4,26,48,695,63,43,1904,8,950,1,57,781,10719,1,24,9,3,15,82,4,3,19,0,9,1721,96,1,0,1,11,4,55,14,13,34,19,0,15,32,3163,93,0,0,424,4,55,58,8,21,5,43,9,17,37,17,769,24,16,20,2,586,2101,142,291,104,9,10,5,28,26,1,203,10,108,37,9,0,73,27027.0
8/5/20,346,19,0,2,0,7,11,1,0,376,26,57,163,22,6,4,26,49,696,65,43,1908,9,951,2,57,784,10875,1,24,10,3,15,83,4,3,19,0,9,1727,97,1,0,1,12,4,55,14,13,43,19,0,15,33,3180,94,0,0,427,4,57,58,8,23,5,43,9,17,37,18,778,26,16,20,3,592,2139,143,297,107,9,10,5,28,26,1,203,10,113,37,9,0,77,27339.0
8/6/20,350,19,1,2,0,7,11,4,0,385,29,58,169,22,6,4,26,49,698,67,42,1915,9,954,2,57,788,11022,1,24,12,3,15,87,4,3,19,0,9,1734,99,1,0,1,12,4,55,15,13,49,20,0,15,34,3219,97,0,0,434,5,59,58,8,25,5,44,9,17,37,19,783,26,16,21,3,594,2179,150,297,110,9,11,5,28,26,1,205,10,116,37,9,0,77,27674.0
8/7/20,353,19,1,3,0,8,11,4,0,401,31,60,172,22,6,4,26,50,700,67,44,1922,10,956,2,58,791,11139,1,24,12,3,15,89,4,3,19,0,10,1738,99,1,0,2,13,4,55,15,13,50,20,0,15,34,3253,99,0,0,445,5,61,58,8,28,5,45,9,19,37,20,784,26,17,21,3,595,2220,153,298,116,10,11,5,29,26,1,205,10,117,37,9,0,78,27962.0
8/8/20,353,19,1,3,0,8,12,4,0,406,31,60,176,22,6,4,26,50,701,67,45,1924,10,956,2,58,799,11190,1,24,12,3,15,89,4,3,19,0,10,1741,99,1,0,1,13,4,55,16,13,51,22,0,15,34,3269,109,0,0,449,5,61,58,8,28,5,45,9,19,37,20,792,26,16,22,3,595,2238,156,301,118,9,11,5,29,27,1,205,10,118,37,9,0,78,28106.0
8/9/20,353,19,1,3,0,8,12,4,0,415,33,60,178,22,6,4,26,50,701,67,46,1924,10,959,2,58,806,11270,1,24,12,3,15,89,4,3,19,0,10,1741,100,1,0,1,13,4,55,17,13,52,22,0,15,34,3292,123,0,0,453,5,62,58,8,28,5,52,9,18,37,21,792,26,16,22,3,595,2258,160,301,119,9,11,5,29,27,1,205,10,125,37,9,1,79,28296.0
8/10/20,358,19,1,3,0,8,12,5,0,435,40,60,180,22,7,4,26,50,703,67,48,1928,10,961,2,57,817,11354,1,24,12,3,15,90,4,4,19,0,10,1746,100,1,0,1,13,4,55,17,14,53,23,0,15,36,3312,125,0,0,461,5,62,58,8,33,5,53,9,18,40,21,797,27,17,23,3,597,2290,161,301,122,11,11,5,32,27,1,205,10,126,37,10,1,80,28541.0
8/11/20,361,19,1,2,0,8,13,5,0,449,40,62,182,23,7,4,26,50,704,68,50,1930,10,967,2,57,820,11532,1,24,13,3,15,90,4,4,19,0,10,1750,100,1,0,1,13,4,55,18,14,58,23,0,15,36,3344,129,0,0,463,5,63,59,8,34,5,55,9,18,40,23,799,27,17,24,3,597,2323,167,304,125,11,11,5,33,27,1,211,10,130,38,10,1,84,28876.0
8/12/20,362,21,1,2,0,8,14,6,0,456,41,63,189,23,7,4,26,50,704,68,52,1931,10,968,2,57,822,11608,1,27,13,3,15,93,4,4,19,0,10,1755,100,1,0,1,13,4,55,18,14,62,28,0,15,35,3358,146,0,0,466,5,63,63,9,39,5,56,9,19,41,29,800,27,17,24,3,597,2349,165,305,125,11,12,5,32,27,2,211,11,131,38,10,2,87,29084.0
8/13/20,363,20,1,2,0,10,15,7,1,462,45,63,203,24,7,4,27,50,705,68,53,1935,12,968,2,57,832,11802,1,28,15,3,15,93,4,4,20,0,10,1763,101,1,0,1,14,4,55,18,14,67,32,0,15,39,3390,154,0,0,477,5,62,63,9,48,6,57,9,19,42,37,804,27,18,24,3,597,2409,170,309,127,12,12,5,32,27,2,211,11,134,38,10,1,89,29505.0
8/14/20,364,20,1,2,0,11,16,8,2,481,48,66,209,26,7,4,26,50,707,72,57,1934,14,970,2,57,832,11929,1,29,15,3,16,95,4,4,20,0,10,1766,102,2,0,1,14,4,55,19,14,81,33,0,15,41,3407,172,0,0,482,6,62,63,10,50,6,63,9,21,43,37,812,28,18,27,3,600,2441,173,311,130,12,14,5,32,27,2,211,12,138,40,10,1,90,29827.0
8/15/20,364,21,1,2,0,11,16,8,2,494,52,66,213,27,7,4,26,50,707,72,57,1939,15,973,2,57,837,12035,1,29,15,4,17,96,4,6,22,0,10,1767,103,2,0,1,14,4,56,19,14,82,37,0,15,42,3424,190,0,0,490,6,62,63,10,50,6,63,9,21,43,44,815,28,18,27,3,602,2471,174,312,131,12,14,5,32,27,2,211,13,146,40,10,1,93,30086.0
8/16/20,365,21,1,2,0,11,16,8,2,500,53,66,214,28,9,4,26,50,708,72,57,1943,16,977,2,57,843,12065,2,29,15,4,17,97,4,6,22,0,10,1770,103,2,0,1,14,4,57,19,17,83,38,0,15,42,3446,194,0,0,490,6,63,63,10,50,6,64,9,24,45,45,817,28,18,27,3,603,2488,177,313,133,12,14,5,33,27,2,211,13,147,40,10,1,94,30218.0
8/17/20,370,21,1,2,0,14,17,8,2,512,54,66,215,29,9,4,26,50,709,73,59,1944,17,980,2,57,849,12137,3,29,15,4,17,100,4,6,22,0,10,1773,104,2,0,1,14,4,57,19,19,84,41,0,15,43,3451,200,0,0,492,6,63,63,11,52,6,70,9,24,49,48,821,28,18,28,3,604,2506,181,315,134,12,15,5,33,27,2,211,13,148,39,10,1,93,30404.0
8/18/20,370,21,1,2,0,15,18,8,2,515,54,69,223,32,9,4,26,50,709,73,63,1944,22,981,2,57,852,12249,3,29,16,4,17,108,4,6,22,0,10,1779,104,2,0,1,14,4,57,19,20,85,43,0,15,44,3470,213,1,0,499,6,63,63,11,52,6,72,9,24,51,51,823,28,18,28,3,604,2545,181,319,135,12,15,5,32,27,2,212,13,148,39,10,1,94,30662.0
8/19/20,375,20,1,2,0,16,18,8,2,535,54,69,225,33,10,4,27,51,710,73,63,1946,22,982,2,57,855,12302,3,29,16,4,17,109,5,6,22,0,10,1782,104,2,0,1,14,4,57,19,20,88,41,0,15,44,3497,222,1,0,515,6,64,63,11,53,6,77,10,25,51,53,824,28,18,28,3,607,2571,185,320,136,12,14,5,32,27,2,212,15,148,39,10,1,97,30862.0
8/20/20,379,21,1,2,0,16,18,10,2,544,56,70,226,34,10,5,27,51,710,73,64,1953,39,983,2,57,859,12421,3,29,16,4,17,110,5,6,22,0,10,1783,104,2,0,1,15,4,58,19,20,93,40,0,15,45,3545,245,2,0,519,6,64,63,11,56,8,81,10,25,52,53,830,30,18,28,3,608,2598,188,322,138,12,14,5,32,27,2,215,17,152,40,11,1,97,31182.0
8/21/20,381,21,1,3,0,16,18,10,2,554,56,71,230,39,11,5,27,53,710,73,66,1956,44,985,2,57,863,12498,6,30,16,4,18,110,5,6,22,0,10,1790,105,2,0,1,15,4,59,19,21,96,44,0,15,48,3572,248,2,0,540,6,65,63,11,59,7,86,10,27,52,56,830,30,18,28,4,613,2626,190,323,143,14,14,5,32,27,2,216,17,158,43,11,1,96,31443.0
8/22/20,381,22,1,3,0,16,19,10,2,566,57,73,235,40,11,5,27,53,711,73,66,1959,49,986,2,57,865,12569,5,30,16,5,18,112,5,6,22,0,10,1798,103,2,0,2,16,4,60,19,21,97,44,0,15,49,3594,250,2,0,542,6,63,63,11,59,7,86,10,27,52,56,832,31,18,28,4,615,2632,189,327,145,14,15,5,32,27,3,216,18,157,44,11,1,101,31610.0
8/23/20,381,23,1,3,0,16,19,10,2,573,57,73,235,42,11,5,27,53,713,74,66,1960,52,987,3,57,865,12619,5,30,17,5,19,112,6,6,22,0,10,1797,103,2,0,2,16,4,60,19,21,97,43,0,15,48,3604,251,3,0,542,6,62,63,11,59,7,86,10,28,53,56,831,31,18,30,5,615,2642,189,331,147,14,15,5,32,27,3,217,18,158,45,11,1,101,31713.0
8/24/20,384,23,1,3,0,16,19,10,2,582,57,73,236,42,11,5,28,54,713,74,66,1963,53,988,2,58,868,12715,5,30,17,5,19,118,6,6,22,0,10,1800,103,3,0,2,17,4,60,19,21,97,46,0,15,50,3611,254,3,0,546,6,62,64,11,61,7,91,10,28,54,56,830,31,18,30,5,617,2648,189,331,147,14,15,5,32,27,3,217,18,158,45,11,1,102,31879.0
8/25/20,387,23,1,3,0,18,19,10,3,591,60,75,241,44,11,5,28,53,714,78,67,1966,57,989,2,57,876,12815,5,30,17,6,20,123,6,6,23,0,10,1806,103,4,0,2,17,4,60,19,21,97,47,0,15,57,3674,257,3,0,552,6,63,64,11,68,9,94,10,28,55,57,832,32,18,30,5,620,2675,196,342,147,14,15,5,32,27,4,217,18,163,46,13,1,104,32198.0
8/26/20,392,23,1,2,0,20,21,10,3,612,61,77,245,44,11,6,28,54,716,78,69,1971,64,993,2,57,883,12944,5,30,18,6,20,125,7,6,23,0,11,1809,103,4,0,2,19,4,61,19,21,101,47,1,15,58,3720,265,3,0,554,6,63,64,11,71,9,100,10,29,56,60,834,32,18,31,5,624,2724,202,348,154,20,15,5,32,27,4,217,18,169,46,13,1,107,32569.0
8/27/20,396,24,1,2,0,21,21,10,3,632,62,79,250,45,11,9,28,55,718,78,69,1977,65,995,2,58,892,13095,5,31,18,6,20,125,7,6,23,0,11,1823,103,4,0,2,19,4,62,19,22,105,47,1,15,60,3796,265,3,1,568,6,63,64,11,75,9,105,10,29,59,60,842,32,18,31,5,627,2753,209,351,157,20,15,6,33,27,4,218,18,171,48,13,1,108,32967.0
8/28/20,399,24,1,2,0,22,23,10,3,654,63,83,250,45,11,19,28,57,721,79,72,1986,71,998,2,60,896,13207,7,31,18,6,23,126,7,6,23,0,12,1830,104,4,0,2,19,4,64,19,22,108,46,1,15,62,3860,267,3,1,573,6,65,64,11,77,10,109,10,29,65,59,848,32,18,32,6,630,2772,214,354,162,21,15,6,33,27,3,219,18,173,51,13,1,109,33311.0
8/29/20,401,24,1,2,0,22,23,10,3,664,64,94,251,45,11,19,28,57,722,81,73,1992,73,1001,2,61,904,13338,7,31,19,6,26,130,7,6,23,0,12,1838,106,4,0,2,20,4,64,19,23,108,46,1,15,63,3912,269,3,1,576,6,65,64,11,77,10,112,10,29,65,60,853,33,18,33,7,631,2812,219,355,163,21,15,6,33,27,3,220,18,173,52,13,1,109,33631.0
8/30/20,403,25,1,2,0,24,23,10,3,676,64,94,253,46,11,21,28,57,726,82,73,2000,73,1002,2,61,911,13431,8,31,19,6,26,130,7,6,23,0,12,1843,106,5,0,2,20,4,64,19,23,110,46,1,15,63,3990,269,3,2,588,6,66,64,11,78,10,114,10,29,67,60,864,33,18,34,9,633,2832,222,357,163,21,15,6,33,27,3,221,18,175,52,13,1,113,33921.0
8/31/20,410,25,1,2,0,26,25,10,3,682,66,94,256,48,11,21,28,57,729,83,74,2010,76,1005,3,61,912,13482,8,31,20,6,29,132,7,6,24,0,12,1849,106,6,0,2,20,4,64,19,23,111,46,1,15,66,4050,270,3,2,602,6,67,66,11,80,10,114,10,30,68,60,872,33,20,34,9,634,2841,226,358,164,23,16,6,34,27,3,223,19,176,54,13,1,113,34155.0
9/1/20,416,25,1,2,0,26,28,10,4,697,68,94,259,48,13,22,29,58,729,83,74,2013,85,1009,3,63,918,13559,9,31,20,6,28,133,7,6,24,0,12,1859,105,7,0,2,21,4,64,19,26,111,47,1,15,69,4102,272,3,2,609,6,70,66,11,86,11,121,11,30,71,60,873,33,20,35,10,635,2858,237,363,166,27,17,6,33,27,3,224,19,176,54,13,1,114,34437.0
9/2/20,419,27,1,2,0,28,29,10,5,713,69,94,263,49,13,24,29,59,730,87,76,2021,88,1012,3,64,921,13671,9,32,20,7,28,137,8,6,24,0,12,1866,105,7,0,2,22,4,63,22,27,114,47,1,15,70,4213,276,3,2,610,6,71,66,12,95,10,123,12,29,75,62,879,33,19,36,14,641,2892,250,368,167,30,18,6,34,27,3,228,19,176,56,13,1,114,34844.0
9/3/20,428,27,1,2,0,29,31,10,5,732,69,96,268,50,15,27,29,61,731,93,77,2033,90,1016,3,66,926,13783,9,34,20,6,27,139,8,6,24,0,12,1875,107,8,0,2,24,6,63,22,28,115,47,1,15,77,4313,333,5,2,629,6,73,66,13,95,10,125,12,29,78,65,895,34,19,36,17,643,2907,255,369,171,30,18,6,34,27,4,231,19,180,57,14,1,119,35313.0
9/4/20,429,28,1,2,0,30,31,10,5,740,69,96,268,52,15,30,29,63,732,95,76,2040,91,1021,3,67,934,13852,9,34,20,6,28,138,8,6,24,0,12,1879,107,8,0,2,24,6,64,22,28,115,48,1,15,78,4354,332,5,2,640,6,74,67,13,97,11,125,12,30,78,66,893,34,19,37,17,644,2930,255,371,172,30,18,6,34,27,5,233,20,180,57,14,1,120,35520.0
9/5/20,429,28,1,2,0,32,31,10,5,750,69,96,269,52,16,30,30,62,732,96,76,2050,91,1021,3,67,939,13903,9,34,20,6,28,138,8,6,24,0,13,1882,107,8,0,2,25,6,65,23,28,116,48,1,15,79,4377,333,5,2,640,6,75,67,13,97,11,125,12,31,79,68,896,34,19,37,19,645,2945,257,371,173,31,18,6,34,27,5,234,20,180,56,14,1,120,35664.0
9/6/20,430,28,1,2,0,32,31,10,5,759,69,96,269,53,16,35,30,63,733,95,76,2053,91,1024,3,67,940,13919,9,34,20,6,28,140,8,6,24,0,13,1885,107,8,0,2,25,6,65,23,28,118,48,1,15,82,4385,334,5,2,642,6,75,67,14,97,11,125,12,31,79,71,896,34,19,38,19,646,2950,259,371,173,31,18,6,34,27,5,236,20,180,56,14,1,121,35741.0
9/7/20,430,28,1,2,0,33,31,10,5,764,69,96,271,53,16,35,30,63,732,95,76,2056,91,1026,3,69,942,13939,9,34,20,6,28,140,8,6,24,0,13,1885,107,8,0,2,27,6,65,23,29,118,48,1,15,82,4417,336,5,2,643,6,75,67,14,97,11,126,12,31,79,70,901,34,20,38,19,646,2958,260,374,173,31,18,6,34,27,5,236,20,180,56,14,1,120,35832.0
9/8/20,436,29,1,2,0,35,33,10,6,784,69,96,273,59,16,35,30,63,734,101,77,2058,101,1035,3,69,958,14042,9,38,20,6,29,146,9,6,25,0,14,1889,108,8,0,2,29,7,67,26,30,120,48,1,15,85,4582,336,5,2,654,6,75,67,15,100,12,126,12,31,80,72,921,35,20,38,19,648,2986,274,378,177,34,18,6,34,28,5,239,20,180,60,14,2,123,36326.0
9/9/20,441,32,1,2,0,38,37,10,7,796,70,97,276,63,16,35,30,64,736,102,78,2064,106,1037,3,70,964,14158,9,40,20,6,29,154,9,6,25,0,15,1899,109,8,0,2,31,7,70,26,31,120,49,1,15,85,4699,337,6,2,662,6,75,69,16,103,13,127,12,31,80,77,930,36,21,42,19,653,3024,290,384,179,35,18,6,35,28,5,239,21,181,67,14,2,125,36768.0
9/10/20,448,34,1,2,0,42,39,10,8,818,70,97,281,63,16,35,30,64,739,104,78,2070,107,1039,3,72,974,14262,9,41,20,6,29,157,9,6,26,0,16,1908,109,8,0,2,35,7,70,26,31,123,49,2,15,86,4843,339,6,2,688,6,75,68,16,105,13,127,12,31,83,82,944,38,21,44,23,658,3055,292,387,179,36,18,7,35,28,5,240,21,181,68,15,1,128,37216.0
9/11/20,453,35,1,2,0,43,41,12,8,850,71,97,284,71,16,37,31,64,741,105,79,2076,107,1041,3,74,985,14348,10,44,20,6,29,162,9,6,30,0,17,1913,109,8,0,2,35,7,70,26,32,126,51,1,15,89,5000,340,6,2,703,6,76,71,17,108,13,129,13,32,85,84,953,39,21,46,33,661,3088,305,387,181,37,19,7,35,28,5,240,25,187,75,14,1,130,37694.0
9/12/20,458,36,1,2,0,45,42,12,10,858,72,100,285,72,16,37,31,64,742,105,79,2078,108,1043,3,75,992,14416,10,46,20,6,30,163,9,6,30,0,18,1916,110,8,0,2,35,7,71,26,33,126,51,2,15,89,5082,342,6,2,710,6,78,71,17,109,13,130,13,32,89,84,956,42,21,46,33,663,3108,312,387,187,38,19,7,35,28,5,240,25,190,77,14,1,134,37963.0
9/13/20,458,36,1,2,0,45,42,12,10,867,72,100,286,72,16,37,31,64,743,105,79,2081,108,1046,3,75,993,14448,10,46,20,6,30,163,9,6,30,0,18,1917,110,8,0,2,35,7,71,26,33,126,51,2,15,90,5086,343,6,2,713,6,78,71,17,109,13,130,13,32,89,83,958,43,21,47,33,664,3120,313,387,187,38,19,7,35,28,5,240,25,190,78,14,1,135,38042.0
9/14/20,469,38,1,2,0,46,44,12,11,883,72,101,289,71,17,37,32,64,744,105,79,2085,112,1052,3,75,1007,14563,10,48,20,6,30,169,9,6,30,0,20,1922,110,8,0,3,37,7,73,26,34,126,52,2,15,96,5186,345,6,2,732,6,79,72,18,108,13,131,13,32,91,84,963,43,21,47,34,668,3179,329,389,190,38,19,7,37,28,5,241,25,195,80,15,1,137,38482.0
9/15/20,480,41,1,2,0,50,45,12,12,892,72,101,289,72,18,37,33,64,744,105,79,2086,113,1055,4,75,1016,14648,10,48,20,6,30,172,9,6,31,0,20,1932,110,8,0,3,40,7,74,27,34,126,52,3,15,99,5267,347,6,2,738,6,79,73,18,108,13,130,14,33,92,87,969,43,22,48,34,670,3209,348,392,193,40,19,7,38,28,5,241,25,202,82,14,1,139,38810.0
9/16/20,482,44,1,2,0,52,51,12,15,897,73,103,291,73,18,37,34,64,750,106,80,2110,114,1058,4,79,1025,14751,10,48,20,6,32,176,9,7,31,1,20,1939,112,11,0,3,42,7,77,27,37,131,54,3,15,105,5349,349,6,2,753,6,79,73,21,109,13,130,15,33,96,93,980,45,25,49,35,673,3250,366,393,196,46,20,7,38,28,5,241,26,213,82,14,1,140,39249.0
