Date,Albany,Allegany,Bronx,Broome,Cattaraugus,Cayuga,Chautauqua,Chemung,Chenango,Clinton,Columbia,Cortland,Delaware,Dutchess,Erie,Essex,Franklin,Fulton,Genesee,Greene,Hamilton,Herkimer,Jefferson,Kings,Lewis,Livingston,Madison,Monroe,Montgomery,Nassau,New York,Niagara,Oneida,Onondaga,Ontario,Orange,Orleans,Oswego,Otsego,Putnam,Queens,Rensselaer,Richmond,Rockland,Saratoga,Schenectady,Schoharie,Schuyler,Seneca,St. Lawrence,Steuben,Suffolk,Sullivan,Tioga,Tompkins,Ulster,Warren,Washington,Wayne,Westchester,Wyoming,Yates,Total
1/22/20,0,0,0,0,0,0,0,0,0,0,0,0,0,0,0,0,0,0,0,0,0,0,0,0,0,0,0,0,0,0,0,0,0,0,0,0,0,0,0,0,0,0,0,0,0,0,0,0,0,0,0,0,0,0,0,0,0,0,0,0,0,0,0.0
1/23/20,0,0,0,0,0,0,0,0,0,0,0,0,0,0,0,0,0,0,0,0,0,0,0,0,0,0,0,0,0,0,0,0,0,0,0,0,0,0,0,0,0,0,0,0,0,0,0,0,0,0,0,0,0,0,0,0,0,0,0,0,0,0,0.0
1/24/20,0,0,0,0,0,0,0,0,0,0,0,0,0,0,0,0,0,0,0,0,0,0,0,0,0,0,0,0,0,0,0,0,0,0,0,0,0,0,0,0,0,0,0,0,0,0,0,0,0,0,0,0,0,0,0,0,0,0,0,0,0,0,0.0
1/25/20,0,0,0,0,0,0,0,0,0,0,0,0,0,0,0,0,0,0,0,0,0,0,0,0,0,0,0,0,0,0,0,0,0,0,0,0,0,0,0,0,0,0,0,0,0,0,0,0,0,0,0,0,0,0,0,0,0,0,0,0,0,0,0.0
1/26/20,0,0,0,0,0,0,0,0,0,0,0,0,0,0,0,0,0,0,0,0,0,0,0,0,0,0,0,0,0,0,0,0,0,0,0,0,0,0,0,0,0,0,0,0,0,0,0,0,0,0,0,0,0,0,0,0,0,0,0,0,0,0,0.0
1/27/20,0,0,0,0,0,0,0,0,0,0,0,0,0,0,0,0,0,0,0,0,0,0,0,0,0,0,0,0,0,0,0,0,0,0,0,0,0,0,0,0,0,0,0,0,0,0,0,0,0,0,0,0,0,0,0,0,0,0,0,0,0,0,0.0
1/28/20,0,0,0,0,0,0,0,0,0,0,0,0,0,0,0,0,0,0,0,0,0,0,0,0,0,0,0,0,0,0,0,0,0,0,0,0,0,0,0,0,0,0,0,0,0,0,0,0,0,0,0,0,0,0,0,0,0,0,0,0,0,0,0.0
1/29/20,0,0,0,0,0,0,0,0,0,0,0,0,0,0,0,0,0,0,0,0,0,0,0,0,0,0,0,0,0,0,0,0,0,0,0,0,0,0,0,0,0,0,0,0,0,0,0,0,0,0,0,0,0,0,0,0,0,0,0,0,0,0,0.0
1/30/20,0,0,0,0,0,0,0,0,0,0,0,0,0,0,0,0,0,0,0,0,0,0,0,0,0,0,0,0,0,0,0,0,0,0,0,0,0,0,0,0,0,0,0,0,0,0,0,0,0,0,0,0,0,0,0,0,0,0,0,0,0,0,0.0
1/31/20,0,0,0,0,0,0,0,0,0,0,0,0,0,0,0,0,0,0,0,0,0,0,0,0,0,0,0,0,0,0,0,0,0,0,0,0,0,0,0,0,0,0,0,0,0,0,0,0,0,0,0,0,0,0,0,0,0,0,0,0,0,0,0.0
2/1/20,0,0,0,0,0,0,0,0,0,0,0,0,0,0,0,0,0,0,0,0,0,0,0,0,0,0,0,0,0,0,0,0,0,0,0,0,0,0,0,0,0,0,0,0,0,0,0,0,0,0,0,0,0,0,0,0,0,0,0,0,0,0,0.0
2/2/20,0,0,0,0,0,0,0,0,0,0,0,0,0,0,0,0,0,0,0,0,0,0,0,0,0,0,0,0,0,0,0,0,0,0,0,0,0,0,0,0,0,0,0,0,0,0,0,0,0,0,0,0,0,0,0,0,0,0,0,0,0,0,0.0
2/3/20,0,0,0,0,0,0,0,0,0,0,0,0,0,0,0,0,0,0,0,0,0,0,0,0,0,0,0,0,0,0,0,0,0,0,0,0,0,0,0,0,0,0,0,0,0,0,0,0,0,0,0,0,0,0,0,0,0,0,0,0,0,0,0.0
2/4/20,0,0,0,0,0,0,0,0,0,0,0,0,0,0,0,0,0,0,0,0,0,0,0,0,0,0,0,0,0,0,0,0,0,0,0,0,0,0,0,0,0,0,0,0,0,0,0,0,0,0,0,0,0,0,0,0,0,0,0,0,0,0,0.0
2/5/20,0,0,0,0,0,0,0,0,0,0,0,0,0,0,0,0,0,0,0,0,0,0,0,0,0,0,0,0,0,0,0,0,0,0,0,0,0,0,0,0,0,0,0,0,0,0,0,0,0,0,0,0,0,0,0,0,0,0,0,0,0,0,0.0
2/6/20,0,0,0,0,0,0,0,0,0,0,0,0,0,0,0,0,0,0,0,0,0,0,0,0,0,0,0,0,0,0,0,0,0,0,0,0,0,0,0,0,0,0,0,0,0,0,0,0,0,0,0,0,0,0,0,0,0,0,0,0,0,0,0.0
2/7/20,0,0,0,0,0,0,0,0,0,0,0,0,0,0,0,0,0,0,0,0,0,0,0,0,0,0,0,0,0,0,0,0,0,0,0,0,0,0,0,0,0,0,0,0,0,0,0,0,0,0,0,0,0,0,0,0,0,0,0,0,0,0,0.0
2/8/20,0,0,0,0,0,0,0,0,0,0,0,0,0,0,0,0,0,0,0,0,0,0,0,0,0,0,0,0,0,0,0,0,0,0,0,0,0,0,0,0,0,0,0,0,0,0,0,0,0,0,0,0,0,0,0,0,0,0,0,0,0,0,0.0
2/9/20,0,0,0,0,0,0,0,0,0,0,0,0,0,0,0,0,0,0,0,0,0,0,0,0,0,0,0,0,0,0,0,0,0,0,0,0,0,0,0,0,0,0,0,0,0,0,0,0,0,0,0,0,0,0,0,0,0,0,0,0,0,0,0.0
2/10/20,0,0,0,0,0,0,0,0,0,0,0,0,0,0,0,0,0,0,0,0,0,0,0,0,0,0,0,0,0,0,0,0,0,0,0,0,0,0,0,0,0,0,0,0,0,0,0,0,0,0,0,0,0,0,0,0,0,0,0,0,0,0,0.0
2/11/20,0,0,0,0,0,0,0,0,0,0,0,0,0,0,0,0,0,0,0,0,0,0,0,0,0,0,0,0,0,0,0,0,0,0,0,0,0,0,0,0,0,0,0,0,0,0,0,0,0,0,0,0,0,0,0,0,0,0,0,0,0,0,0.0
2/12/20,0,0,0,0,0,0,0,0,0,0,0,0,0,0,0,0,0,0,0,0,0,0,0,0,0,0,0,0,0,0,0,0,0,0,0,0,0,0,0,0,0,0,0,0,0,0,0,0,0,0,0,0,0,0,0,0,0,0,0,0,0,0,0.0
2/13/20,0,0,0,0,0,0,0,0,0,0,0,0,0,0,0,0,0,0,0,0,0,0,0,0,0,0,0,0,0,0,0,0,0,0,0,0,0,0,0,0,0,0,0,0,0,0,0,0,0,0,0,0,0,0,0,0,0,0,0,0,0,0,0.0
2/14/20,0,0,0,0,0,0,0,0,0,0,0,0,0,0,0,0,0,0,0,0,0,0,0,0,0,0,0,0,0,0,0,0,0,0,0,0,0,0,0,0,0,0,0,0,0,0,0,0,0,0,0,0,0,0,0,0,0,0,0,0,0,0,0.0
2/15/20,0,0,0,0,0,0,0,0,0,0,0,0,0,0,0,0,0,0,0,0,0,0,0,0,0,0,0,0,0,0,0,0,0,0,0,0,0,0,0,0,0,0,0,0,0,0,0,0,0,0,0,0,0,0,0,0,0,0,0,0,0,0,0.0
2/16/20,0,0,0,0,0,0,0,0,0,0,0,0,0,0,0,0,0,0,0,0,0,0,0,0,0,0,0,0,0,0,0,0,0,0,0,0,0,0,0,0,0,0,0,0,0,0,0,0,0,0,0,0,0,0,0,0,0,0,0,0,0,0,0.0
2/17/20,0,0,0,0,0,0,0,0,0,0,0,0,0,0,0,0,0,0,0,0,0,0,0,0,0,0,0,0,0,0,0,0,0,0,0,0,0,0,0,0,0,0,0,0,0,0,0,0,0,0,0,0,0,0,0,0,0,0,0,0,0,0,0.0
2/18/20,0,0,0,0,0,0,0,0,0,0,0,0,0,0,0,0,0,0,0,0,0,0,0,0,0,0,0,0,0,0,0,0,0,0,0,0,0,0,0,0,0,0,0,0,0,0,0,0,0,0,0,0,0,0,0,0,0,0,0,0,0,0,0.0
2/19/20,0,0,0,0,0,0,0,0,0,0,0,0,0,0,0,0,0,0,0,0,0,0,0,0,0,0,0,0,0,0,0,0,0,0,0,0,0,0,0,0,0,0,0,0,0,0,0,0,0,0,0,0,0,0,0,0,0,0,0,0,0,0,0.0
2/20/20,0,0,0,0,0,0,0,0,0,0,0,0,0,0,0,0,0,0,0,0,0,0,0,0,0,0,0,0,0,0,0,0,0,0,0,0,0,0,0,0,0,0,0,0,0,0,0,0,0,0,0,0,0,0,0,0,0,0,0,0,0,0,0.0
2/21/20,0,0,0,0,0,0,0,0,0,0,0,0,0,0,0,0,0,0,0,0,0,0,0,0,0,0,0,0,0,0,0,0,0,0,0,0,0,0,0,0,0,0,0,0,0,0,0,0,0,0,0,0,0,0,0,0,0,0,0,0,0,0,0.0
2/22/20,0,0,0,0,0,0,0,0,0,0,0,0,0,0,0,0,0,0,0,0,0,0,0,0,0,0,0,0,0,0,0,0,0,0,0,0,0,0,0,0,0,0,0,0,0,0,0,0,0,0,0,0,0,0,0,0,0,0,0,0,0,0,0.0
2/23/20,0,0,0,0,0,0,0,0,0,0,0,0,0,0,0,0,0,0,0,0,0,0,0,0,0,0,0,0,0,0,0,0,0,0,0,0,0,0,0,0,0,0,0,0,0,0,0,0,0,0,0,0,0,0,0,0,0,0,0,0,0,0,0.0
2/24/20,0,0,0,0,0,0,0,0,0,0,0,0,0,0,0,0,0,0,0,0,0,0,0,0,0,0,0,0,0,0,0,0,0,0,0,0,0,0,0,0,0,0,0,0,0,0,0,0,0,0,0,0,0,0,0,0,0,0,0,0,0,0,0.0
2/25/20,0,0,0,0,0,0,0,0,0,0,0,0,0,0,0,0,0,0,0,0,0,0,0,0,0,0,0,0,0,0,0,0,0,0,0,0,0,0,0,0,0,0,0,0,0,0,0,0,0,0,0,0,0,0,0,0,0,0,0,0,0,0,0.0
2/26/20,0,0,0,0,0,0,0,0,0,0,0,0,0,0,0,0,0,0,0,0,0,0,0,0,0,0,0,0,0,0,0,0,0,0,0,0,0,0,0,0,0,0,0,0,0,0,0,0,0,0,0,0,0,0,0,0,0,0,0,0,0,0,0.0
2/27/20,0,0,0,0,0,0,0,0,0,0,0,0,0,0,0,0,0,0,0,0,0,0,0,0,0,0,0,0,0,0,0,0,0,0,0,0,0,0,0,0,0,0,0,0,0,0,0,0,0,0,0,0,0,0,0,0,0,0,0,0,0,0,0.0
2/28/20,0,0,0,0,0,0,0,0,0,0,0,0,0,0,0,0,0,0,0,0,0,0,0,0,0,0,0,0,0,0,0,0,0,0,0,0,0,0,0,0,0,0,0,0,0,0,0,0,0,0,0,0,0,0,0,0,0,0,0,0,0,0,0.0
2/29/20,0,0,0,0,0,0,0,0,0,0,0,0,0,0,0,0,0,0,0,0,0,0,0,0,0,0,0,0,0,0,0,0,0,0,0,0,0,0,0,0,0,0,0,0,0,0,0,0,0,0,0,0,0,0,0,0,0,0,0,0,0,0,0.0
3/1/20,0,0,0,0,0,0,0,0,0,0,0,0,0,0,0,0,0,0,0,0,0,0,0,0,0,0,0,0,0,0,0,0,0,0,0,0,0,0,0,0,0,0,0,0,0,0,0,0,0,0,0,0,0,0,0,0,0,0,0,0,0,0,0.0
3/2/20,0,0,0,0,0,0,0,0,0,0,0,0,0,0,0,0,0,0,0,0,0,0,0,0,0,0,0,0,0,0,0,0,0,0,0,0,0,0,0,0,0,0,0,0,0,0,0,0,0,0,0,0,0,0,0,0,0,0,0,0,0,0,0.0
3/3/20,0,0,0,0,0,0,0,0,0,0,0,0,0,0,0,0,0,0,0,0,0,0,0,0,0,0,0,0,0,0,0,0,0,0,0,0,0,0,0,0,0,0,0,0,0,0,0,0,0,0,0,0,0,0,0,0,0,0,0,1,0,0,1.0
3/4/20,0,0,0,0,0,0,0,0,0,0,0,0,0,0,0,0,0,0,0,0,0,0,0,0,0,0,0,0,0,0,0,0,0,0,0,0,0,0,0,0,0,0,0,0,0,0,0,0,0,0,0,0,0,0,0,0,0,0,0,10,0,0,10.0
3/5/20,0,0,0,0,0,0,0,0,0,0,0,0,0,0,0,0,0,0,0,0,0,0,0,1,0,0,0,0,0,1,1,0,0,0,0,0,0,0,0,0,0,0,0,0,0,0,0,0,0,0,0,0,0,0,0,0,0,0,0,18,0,0,21.0
3/6/20,0,0,0,0,0,0,0,0,0,0,0,0,0,0,0,0,0,0,0,0,0,0,0,1,0,0,0,0,0,1,2,0,0,0,0,0,0,0,0,0,1,0,0,0,0,0,0,0,0,0,0,0,0,0,0,0,0,0,0,19,0,0,24.0
3/7/20,0,0,0,0,0,0,0,0,0,0,0,0,0,0,0,0,0,0,0,0,0,0,0,4,0,0,0,0,0,4,5,0,0,0,0,0,0,0,0,0,2,0,0,2,2,0,0,0,0,0,0,0,0,0,0,0,0,0,0,57,0,0,76.0
3/8/20,0,0,0,0,0,0,0,0,0,0,0,0,0,0,0,0,0,0,0,0,0,0,0,4,0,0,0,0,0,5,5,0,0,0,0,0,0,0,0,0,2,0,0,2,2,0,0,0,0,0,0,1,0,0,0,1,0,0,0,83,0,0,105.0
3/9/20,0,0,1,0,0,0,0,0,0,0,0,0,0,0,0,0,0,0,0,0,0,0,0,6,0,0,0,0,0,17,5,0,0,0,0,0,0,0,0,0,3,0,0,4,2,0,0,0,0,0,0,1,0,0,0,1,0,0,0,98,0,0,138.0
3/10/20,0,0,5,0,0,0,0,0,0,0,0,0,0,0,0,0,0,0,0,0,0,0,0,7,0,0,0,0,0,19,12,0,0,0,0,0,0,0,0,0,3,0,0,4,2,0,0,0,0,0,0,1,0,0,0,1,0,0,0,98,0,0,152.0
3/11/20,0,0,5,0,0,0,0,0,0,0,0,0,0,0,0,0,0,0,0,0,0,0,0,14,0,0,0,0,0,28,24,0,0,0,0,0,0,0,0,0,7,0,1,6,2,0,0,0,0,0,0,6,0,0,0,2,0,0,0,121,0,0,216.0
3/12/20,2,0,7,0,0,0,0,0,0,0,0,0,1,1,0,0,0,0,0,0,0,1,0,16,0,0,0,2,0,41,27,0,0,0,0,2,0,0,0,0,12,0,2,7,3,0,0,0,0,0,0,20,0,0,0,4,0,0,0,148,0,0,296.0
3/13/20,2,0,10,1,0,0,0,0,0,0,0,0,1,3,0,0,0,0,0,0,0,1,0,24,0,0,0,1,0,51,45,0,0,0,0,3,0,0,0,0,27,0,6,9,3,1,0,0,0,0,0,28,0,0,0,5,0,0,0,158,0,0,379.0
3/14/20,7,0,20,1,0,0,0,0,0,0,0,0,1,4,3,0,0,0,0,0,0,1,0,41,0,0,0,2,0,68,84,0,0,0,0,6,0,0,0,0,57,0,11,10,3,1,0,0,0,0,0,33,0,1,1,5,0,0,0,172,0,0,532.0
3/15/20,7,0,28,1,0,0,0,0,0,0,0,0,1,4,3,0,0,0,0,0,0,1,0,58,0,0,0,2,0,79,112,0,0,0,0,6,0,0,0,0,75,0,14,12,3,1,0,0,0,0,0,41,0,1,1,5,0,0,0,178,0,0,633.0
3/16/20,15,2,57,1,0,0,0,0,0,0,0,0,1,10,7,0,0,0,0,2,0,1,0,84,0,0,0,11,1,109,172,0,0,1,1,11,0,0,0,2,124,0,20,16,5,4,0,0,0,0,0,74,0,1,2,7,0,0,0,220,0,0,961.0
3/17/20,25,2,86,1,0,0,0,0,0,1,0,0,1,16,11,1,0,0,0,2,0,1,0,123,0,0,0,14,1,140,241,0,1,2,1,15,0,0,0,2,162,1,31,22,9,5,0,0,0,0,0,97,1,1,2,8,0,0,0,380,1,0,1407.0
3/18/20,36,2,209,1,0,0,0,0,1,1,0,0,1,20,20,1,0,0,1,2,1,1,0,387,0,0,0,19,2,278,402,0,2,6,1,32,0,0,0,2,285,4,57,31,14,14,0,0,0,0,0,116,1,1,6,9,1,1,0,538,1,0,2507.0
3/19/20,43,2,363,1,0,0,0,0,1,1,0,0,1,31,28,1,0,0,1,2,1,1,0,660,0,0,0,30,2,372,737,4,2,7,1,51,0,0,0,5,621,4,90,53,14,14,1,0,0,0,0,239,1,1,6,9,1,1,0,798,2,0,4203.0
3/20/20,70,2,554,1,0,0,0,0,1,3,3,0,1,36,47,1,0,0,1,2,1,1,0,1334,0,0,0,36,2,754,1174,4,2,13,1,84,0,0,0,12,1140,8,206,101,21,14,2,0,0,0,2,459,1,1,11,9,1,1,1,1091,2,0,7211.0
3/21/20,88,2,851,2,0,0,0,0,2,4,7,0,1,49,50,2,0,1,1,2,2,3,1,1872,0,2,0,46,3,1234,1544,9,4,34,4,163,0,0,0,31,1631,20,315,262,35,32,1,0,0,0,2,662,12,1,11,18,1,1,3,1387,2,0,10410.0
3/22/20,123,2,1218,3,0,0,0,0,2,4,17,2,1,82,56,3,0,1,1,2,2,3,1,2765,0,2,0,68,3,1900,2066,9,4,45,4,247,0,0,0,31,2474,20,522,455,35,32,1,0,0,0,2,1034,12,1,15,18,1,1,3,1873,2,0,15168.0
3/23/20,127,2,1824,3,0,0,0,2,2,4,17,2,1,100,87,3,0,1,1,2,2,3,1,3467,0,2,1,81,3,2442,2673,9,5,53,4,389,0,2,1,31,3626,20,715,592,35,32,1,0,0,0,4,1458,12,1,15,18,1,1,3,2894,2,0,20777.0
3/24/20,146,2,2279,9,0,2,2,3,3,6,18,2,3,124,114,3,0,1,1,4,2,4,2,4167,0,3,4,106,3,2869,3078,10,10,60,6,498,0,2,1,82,4465,33,915,671,53,44,1,0,0,1,8,1880,23,1,16,35,2,3,6,3891,4,0,25681.0
3/25/20,152,2,2890,11,0,2,2,3,3,10,19,3,5,153,122,4,1,1,2,4,2,5,2,4946,0,3,7,118,4,3285,3520,12,10,81,9,638,0,2,2,84,5475,33,1025,968,64,55,2,0,0,1,8,2260,39,1,18,65,2,4,7,4691,4,0,30841.0
3/26/20,171,2,3728,16,0,2,2,7,3,11,24,3,7,190,206,5,1,1,4,5,2,7,4,5701,0,3,9,148,5,3914,4062,14,13,111,11,751,2,4,3,94,6713,44,1189,1197,73,62,2,0,0,4,11,2735,53,2,23,78,2,4,8,5944,7,0,37397.0
3/27/20,187,2,4557,18,0,2,2,11,4,11,27,4,8,225,245,5,2,1,6,6,2,9,4,6807,0,3,17,166,5,4657,4585,23,13,123,14,910,3,4,5,111,8037,44,1412,1457,82,66,3,0,0,4,12,3385,64,2,32,98,8,6,11,7187,7,0,44701.0
3/28/20,195,2,5403,23,1,2,5,12,8,12,30,7,8,262,318,5,5,1,7,7,2,9,6,8045,0,10,28,202,6,5537,5216,33,23,146,16,1101,3,9,7,131,9275,51,1827,1896,96,72,5,1,0,8,13,4138,72,6,48,133,13,9,12,7875,7,0,52400.0
3/29/20,205,6,6304,29,4,2,7,15,15,13,30,8,8,320,414,5,6,1,9,7,2,10,7,9018,0,10,29,219,6,6445,5806,38,26,194,18,1247,3,10,10,144,10411,51,2229,2209,102,76,5,1,0,12,17,5023,88,6,56,146,18,9,12,8519,8,0,59648.0
3/30/20,217,7,6962,35,6,3,7,15,17,17,36,10,11,392,443,5,6,1,9,10,2,12,11,10029,0,13,42,246,6,7344,6228,41,34,228,20,1435,4,15,17,167,11669,52,2565,2511,108,80,6,2,0,13,19,5791,101,7,70,190,18,9,15,9326,8,0,66663.0
3/31/20,226,9,7766,38,6,4,7,20,19,21,36,10,16,484,499,5,6,1,11,10,2,12,11,11917,2,15,49,257,6,8544,6876,41,34,249,20,1556,5,15,17,167,13691,54,2889,2863,108,85,6,2,0,23,19,6713,106,8,73,207,18,9,15,9967,8,0,75853.0
4/1/20,240,10,8861,42,7,4,8,22,26,25,41,10,20,547,582,6,9,2,13,18,2,12,12,13115,2,18,62,349,7,9554,7373,46,50,277,24,1756,6,20,19,207,14902,55,3188,3321,122,93,9,2,2,34,38,7605,121,8,76,222,18,11,24,10683,10,0,83948.0
4/2/20,253,12,9927,46,8,4,8,22,28,25,45,11,22,667,617,7,9,6,16,21,2,14,15,14304,2,18,68,420,8,10587,7843,91,61,301,26,1993,6,23,21,216,16268,60,3467,3751,132,101,9,3,4,39,43,8746,143,8,80,240,18,12,27,11567,14,1,92506.0
4/3/20,267,14,11086,56,9,6,9,35,32,30,51,14,24,809,734,7,10,6,17,23,2,14,18,15700,2,18,77,464,10,12024,8452,94,71,322,28,2397,6,28,21,252,18167,67,3754,4289,141,110,11,3,6,43,46,10154,168,8,87,263,19,15,30,12351,15,1,102987.0
4/4/20,293,16,12315,65,9,7,10,36,39,31,57,14,26,938,808,7,10,9,20,24,2,18,20,17504,2,18,78,512,13,13346,9300,101,80,349,31,2741,10,28,26,283,20114,67,4073,4872,141,117,11,4,6,52,60,11370,193,8,93,290,20,16,30,13081,18,1,113833.0
4/5/20,305,16,13368,71,10,8,18,38,43,33,69,14,27,1077,1059,9,10,9,22,24,2,22,26,18558,3,24,89,548,15,14398,9898,116,95,364,32,3187,11,32,29,314,21436,74,4291,5326,150,128,11,4,9,61,73,13129,193,8,95,358,25,18,32,13723,22,1,123160.0
4/6/20,319,17,14327,76,12,11,18,47,46,36,70,14,29,1189,1148,9,10,11,23,24,2,25,33,19702,6,24,92,574,15,15616,10440,120,100,377,32,3533,13,34,29,345,23133,74,4579,5703,153,138,11,4,9,61,75,14185,253,8,102,382,26,19,34,14294,23,1,131815.0
4/7/20,333,17,15348,86,13,14,18,49,51,37,72,16,36,1249,1234,9,10,13,33,24,2,27,39,20879,6,24,92,596,18,16610,11012,126,118,397,33,3829,15,34,34,402,24840,88,4797,5990,155,145,12,4,10,61,75,15561,270,8,103,398,31,19,35,14294,23,1,139875.0
4/8/20,342,21,16626,93,15,14,18,55,53,39,76,16,37,1395,1335,9,10,14,47,25,2,29,40,22082,6,29,92,651,18,18548,11504,155,125,422,39,4075,16,34,38,427,26248,88,5343,6413,162,149,12,4,12,78,87,17008,296,15,105,462,33,20,39,15887,27,1,151061.0
4/9/20,379,22,17792,105,17,16,22,59,55,40,83,16,37,1493,1432,8,11,15,56,31,3,32,42,23394,6,29,102,698,28,20140,12106,155,158,422,43,4309,22,36,39,456,27752,102,5984,6665,172,167,12,4,15,82,92,18803,296,17,107,462,40,25,39,17004,29,1,161779.0
4/10/20,426,26,19160,112,18,27,22,59,60,43,84,17,39,1598,1498,10,11,18,65,34,3,36,43,24715,6,29,102,742,29,21512,12722,156,172,456,51,4532,24,36,41,487,29303,102,6484,7122,182,191,12,5,15,82,117,20320,318,18,107,530,43,26,41,18077,30,2,172348.0
4/11/20,446,26,20477,117,19,28,22,60,61,43,87,17,39,1744,1506,12,11,21,67,37,3,37,44,26243,6,30,102,767,29,22584,13437,167,181,456,56,4847,24,37,43,494,31291,102,6860,7477,187,194,12,5,16,82,117,20321,340,19,108,589,44,31,42,18729,31,2,181026.0
4/12/20,478,26,21441,126,28,31,23,60,63,43,87,21,39,1838,1571,12,12,21,70,44,3,37,46,27471,6,34,105,798,29,23553,14145,194,195,494,57,5027,25,42,43,507,32835,102,7316,7721,196,199,12,5,16,88,147,20934,358,23,113,655,46,34,42,19313,31,2,189033.0
4/13/20,499,26,22205,133,28,31,23,60,65,44,93,21,42,1881,1661,12,12,21,71,45,3,38,46,28404,6,34,110,823,29,24358,14501,194,206,520,57,5598,26,42,43,507,33985,113,7668,7965,201,204,12,8,16,89,147,21643,380,23,113,716,48,37,42,19786,31,4,195749.0
4/14/20,535,28,23266,146,32,33,23,64,68,45,93,22,45,1934,1730,12,13,22,76,66,3,39,47,29306,7,34,110,850,32,25250,14880,216,229,537,61,5830,31,42,44,634,35053,140,7960,8335,224,235,20,8,18,92,147,22691,415,24,113,716,77,40,48,20191,32,6,203020.0
4/15/20,548,28,24653,153,32,36,24,69,71,45,100,23,46,2048,1812,12,13,24,76,73,3,40,47,31969,7,34,110,884,32,26715,16617,229,246,563,62,5830,33,42,44,634,36765,140,8298,8474,227,237,20,8,18,92,151,23523,424,25,118,745,77,42,48,20947,42,6,214454.0
4/16/20,581,28,25932,167,32,36,24,70,73,46,100,24,47,2085,1951,12,13,25,78,74,3,43,48,33521,8,34,110,932,32,27772,17091,229,249,579,65,6266,34,44,44,634,37918,140,8684,8752,231,245,20,8,18,93,154,24812,437,27,118,845,81,46,49,21828,42,7,223691.0
4/17/20,619,29,27035,178,34,36,25,71,76,47,101,25,48,2142,2023,15,13,27,83,77,3,46,50,34705,8,34,117,975,33,28539,17490,227,261,598,67,6514,34,45,44,732,39091,150,9031,8987,236,295,20,8,18,96,154,25035,505,30,119,880,91,48,49,22476,44,8,230597.0
4/18/20,648,30,28019,186,34,36,25,72,77,48,105,25,49,2201,2023,16,13,27,87,82,3,47,50,35763,8,37,117,1008,34,29180,17932,234,268,598,69,6514,41,45,47,732,40216,164,9333,9171,244,295,20,8,18,98,181,26143,524,32,119,880,94,52,49,23179,44,9,237403.0
4/19/20,682,30,28823,192,34,36,25,73,78,49,107,25,49,2240,2192,18,13,27,117,85,3,49,54,36482,8,39,117,1032,35,30013,18220,246,275,637,70,6514,46,47,48,778,41237,186,9674,9364,251,295,20,8,18,105,181,26888,537,35,119,960,96,63,50,23803,44,9,243551.0
4/20/20,687,30,29372,199,34,36,25,73,78,51,111,25,49,2284,2192,20,13,27,119,86,3,49,54,37030,9,39,117,1054,35,30677,18468,255,279,646,71,6514,46,52,49,778,42023,186,9913,9457,254,295,20,8,18,110,195,28127,560,37,119,997,101,65,50,24306,44,10,248631.0
4/21/20,704,30,29989,205,35,36,25,75,79,56,120,25,62,2331,2284,21,13,27,121,87,3,50,54,37694,9,39,117,1070,37,31079,18699,260,284,646,72,7029,53,52,49,807,42822,186,10121,9568,272,336,20,8,18,120,195,28701,592,37,123,1018,102,68,51,24656,44,10,253496.0
4/22/20,737,30,30868,219,37,36,36,75,79,56,120,25,62,2391,2284,22,13,28,122,87,3,53,54,38481,9,39,121,1112,38,31555,19025,268,301,667,73,7152,56,52,49,831,43713,202,10345,9699,277,352,20,8,18,123,214,28854,592,39,123,1018,108,73,52,25276,44,11,258427.0
4/23/20,758,30,31659,224,37,37,26,76,82,52,123,25,50,2460,2450,22,13,28,126,89,3,54,56,39354,9,41,106,1152,39,32124,19348,295,317,600,73,6816,59,49,50,615,44904,191,10590,9828,265,288,21,7,18,139,171,29567,580,40,119,942,119,80,53,25959,41,11,263460.0
4/24/20,805,31,32701,232,39,39,27,79,84,53,129,25,51,2517,2603,22,13,29,127,90,3,56,58,40648,9,44,106,1199,39,32765,19854,332,323,639,73,7155,60,51,50,619,46387,198,10883,10091,278,297,21,7,18,144,171,30606,628,40,121,976,122,83,53,26633,43,11,271590.0
4/25/20,899,35,34183,251,45,47,27,103,91,54,140,28,58,2660,2773,24,14,61,141,107,3,56,59,41660,9,58,121,1285,46,33798,20280,344,364,664,82,7973,75,57,60,885,47861,221,11129,11091,320,431,33,7,36,156,204,31368,689,71,126,1166,132,113,65,27231,57,16,282143.0
4/26/20,948,35,34970,257,45,47,29,106,93,57,143,28,58,2729,2954,24,14,62,144,110,3,57,60,42487,9,60,123,1316,47,34522,20773,368,384,692,84,8106,80,61,60,904,48745,242,11283,11256,330,449,35,7,38,167,207,32059,724,71,126,1190,135,127,65,27664,59,17,288045.0
4/27/20,979,35,35556,261,45,48,30,108,95,59,146,28,58,2793,3021,24,14,62,148,111,3,58,60,43014,9,62,124,1331,47,34865,21097,378,397,726,86,8238,80,61,62,925,49399,246,11423,11366,336,457,35,7,38,169,209,32470,748,71,126,1219,147,130,69,28007,63,17,291996.0
4/28/20,1009,35,35994,266,45,48,30,113,95,59,154,28,59,2817,3089,26,14,66,149,112,3,58,60,43587,9,65,126,1371,49,35085,21312,386,411,742,90,8374,80,63,65,932,49929,250,11516,11453,343,469,38,7,38,170,210,32724,769,82,126,1230,150,131,70,28245,63,17,295106.0
4/29/20,1067,35,36600,273,47,48,31,119,96,59,165,28,60,2881,3196,27,15,67,152,114,3,58,60,44236,9,67,126,1404,51,35505,21604,401,422,782,90,8488,85,63,66,946,50741,262,11660,11586,346,479,39,7,38,170,214,33265,811,84,127,1252,152,134,70,28626,65,17,299691.0
4/30/20,1165,35,37244,284,47,48,33,122,98,59,170,28,61,2954,3319,28,15,71,153,131,3,58,61,44872,9,69,131,1441,53,35854,21920,420,439,832,90,8650,89,63,67,970,51631,287,11811,11708,354,501,42,7,39,173,216,33664,838,88,128,1279,176,148,71,28970,67,18,304372.0
5/1/20,1204,35,37785,299,49,51,35,123,99,61,202,28,61,3002,3481,28,15,75,154,139,3,60,61,45519,9,73,139,1478,54,36161,22175,440,451,860,91,8751,92,64,67,990,52274,298,11937,11812,358,514,43,7,41,176,216,34037,880,90,128,1298,182,170,71,29232,68,18,308314.0
5/2/20,1238,35,38450,305,50,51,35,124,99,62,205,28,61,3049,3598,28,15,79,155,142,3,61,62,46275,9,76,149,1534,54,36519,22496,457,474,903,92,8910,93,66,67,1003,53039,311,12094,11945,361,521,43,7,42,176,217,34478,931,90,128,1327,185,184,73,29626,69,18,312977.0
5/3/20,1258,35,38916,327,53,51,36,125,99,66,209,28,61,3086,3710,29,15,82,155,151,3,62,62,46839,9,83,151,1566,56,36780,22741,474,489,952,95,8967,97,66,67,1013,53640,322,12195,12025,363,527,45,7,45,177,218,34855,951,90,129,1341,188,186,75,29884,69,19,316415.0
5/4/20,1287,35,39223,334,53,51,37,126,100,68,213,28,62,3131,3802,29,16,84,159,154,3,63,63,47183,9,85,217,1595,56,36965,22900,493,550,971,96,9015,97,67,67,1026,54090,337,12255,12095,367,535,45,7,45,178,219,35077,976,90,129,1354,192,188,76,30097,69,19,318953.0
5/5/20,1294,35,39476,338,53,51,37,126,100,69,229,28,62,3151,3891,30,16,97,159,166,3,67,63,47579,9,86,223,1623,61,37152,23054,508,574,1002,97,9144,99,68,67,1031,54448,339,12317,12144,368,537,45,7,46,178,221,35275,984,92,129,1357,192,188,78,30240,70,19,321192.0
5/6/20,1321,35,39839,345,54,51,38,128,102,69,291,28,62,3192,4008,30,16,100,162,188,5,68,63,47974,9,89,231,1655,63,37350,23257,549,579,1056,99,9215,103,70,67,1040,54880,347,12401,12204,371,551,45,7,46,180,223,35543,996,96,129,1383,193,189,78,30426,70,19,323978.0
5/7/20,1348,35,40181,360,59,52,40,129,105,69,302,29,63,3233,4136,30,16,101,168,198,5,74,64,48550,10,95,246,1688,63,37593,23529,588,609,1115,101,9328,108,70,67,1066,55450,367,12506,12280,374,551,45,7,46,181,224,35892,1021,97,130,1416,193,190,78,30708,71,19,327469.0
5/8/20,1384,35,40533,364,59,52,40,130,105,74,304,29,63,3277,4255,31,17,103,169,199,5,76,66,48998,10,100,249,1735,64,37812,23730,605,620,1169,104,9402,121,72,67,1074,55944,380,12578,12349,388,558,45,7,46,187,225,36223,1039,99,131,1429,199,201,79,30905,73,20,330407.0
5/9/20,1416,35,40804,372,60,53,40,131,109,76,304,29,63,3319,4337,31,17,104,170,204,5,77,67,49461,11,101,250,1775,66,38028,23881,627,638,1218,104,9486,122,75,67,1080,56493,407,12650,12400,399,571,46,7,48,187,226,36461,1071,104,132,1440,202,204,79,31087,75,20,333122.0
5/10/20,1432,36,41059,373,60,58,41,131,109,76,312,29,64,3359,4453,32,17,107,172,206,5,79,68,49817,11,102,251,1821,67,38217,23977,643,660,1265,106,9543,126,75,67,1089,56862,409,12702,12451,402,571,46,7,49,187,227,36702,1093,105,132,1450,207,206,80,31294,77,21,335395.0
5/11/20,1456,38,41296,378,61,60,41,131,111,76,314,29,65,3378,4483,32,17,109,173,206,5,81,68,50072,11,102,251,1850,67,38337,24062,655,669,1287,107,9584,130,75,67,1098,57180,411,12747,12484,403,575,46,7,49,190,228,36911,1109,107,132,1454,217,210,81,31384,77,21,337055.0
5/12/20,1479,42,41441,379,61,60,42,131,112,77,314,30,65,3399,4530,32,17,135,174,206,5,81,68,50331,11,102,251,1890,67,38434,24191,671,676,1308,107,9632,133,76,67,1098,57391,416,12769,12504,407,581,46,8,49,191,229,37062,1119,107,132,1465,221,210,83,31472,77,21,338485.0
5/13/20,1494,44,41677,382,61,60,43,132,112,78,318,31,66,3429,4606,32,17,140,174,206,5,84,68,50667,11,103,253,1959,68,38587,24348,690,686,1395,109,9693,142,76,67,1108,57748,420,12810,12543,410,587,47,8,49,192,230,37305,1135,108,136,1481,223,214,84,31611,77,22,340661.0
5/14/20,1509,44,41980,383,64,60,44,132,112,81,327,33,67,3474,4671,32,17,144,175,207,5,86,69,51095,12,106,255,2019,69,38743,24525,710,698,1423,129,9771,145,78,67,1115,58084,423,12861,12596,415,597,47,8,49,192,230,37544,1168,108,136,1495,227,215,89,31792,77,22,343051.0
5/15/20,1538,44,42519,390,64,61,45,133,113,85,333,33,67,3498,4782,32,17,145,175,209,5,87,71,51581,12,106,256,2091,72,38864,24832,743,713,1440,133,9825,147,80,67,1121,58516,428,12909,12637,421,603,47,8,49,192,231,37719,1189,110,136,1511,228,217,91,31943,77,22,345813.0
5/16/20,1572,44,42812,413,65,63,48,134,115,91,338,34,68,3527,4867,32,18,148,178,211,5,91,71,51991,13,107,258,2192,75,39033,24982,770,751,1469,139,9879,163,83,67,1127,58841,438,12974,12688,423,613,47,8,50,192,233,37942,1217,112,138,1537,228,218,92,32097,78,22,348232.0
5/17/20,1579,44,43022,414,65,63,48,134,117,92,340,34,69,3543,4954,33,18,171,180,212,5,91,71,52298,16,110,258,2258,75,39136,25130,792,760,1501,146,9943,167,84,67,1136,59132,439,13011,12758,428,620,47,9,51,192,234,38117,1231,113,139,1552,232,219,96,32224,78,23,350121.0
5/18/20,1610,44,43158,423,67,65,49,134,118,94,346,35,69,3552,4993,33,18,182,180,213,5,92,71,52485,17,110,258,2303,75,39225,25216,818,772,1520,148,9965,167,84,67,1141,59324,444,13047,12777,434,629,48,10,51,192,235,38224,1246,113,141,1557,234,219,97,32323,79,25,351371.0
5/19/20,1655,44,43270,429,69,68,49,134,118,94,350,36,69,3710,5037,34,18,182,182,214,5,92,71,52681,18,111,260,2376,75,39295,25293,845,785,1665,152,9988,168,89,67,1159,59508,444,13069,12798,436,631,48,10,51,192,236,38327,1258,113,142,1565,235,220,98,32402,79,26,352845.0
5/20/20,1682,44,43418,436,70,68,50,134,118,94,350,36,69,3724,5131,34,18,184,184,215,5,93,71,52889,18,111,292,2465,75,39368,25391,858,802,1718,170,10043,171,90,67,1168,59752,453,13100,12831,438,633,48,10,52,195,237,38411,1267,114,145,1571,235,221,103,32517,79,34,354370.0
5/21/20,1700,44,43603,451,71,72,58,134,118,94,355,36,71,3745,5270,36,19,186,188,215,5,93,71,53385,18,114,294,2530,77,39487,25522,880,817,1771,176,10092,174,92,67,1175,60025,456,13140,12877,440,638,49,10,52,195,238,38553,1281,117,145,1584,241,222,103,32673,79,34,356458.0
5/22/20,1756,44,43766,468,74,73,63,135,118,94,356,37,72,3767,5397,36,19,189,189,215,5,95,72,53639,19,114,297,2601,77,39608,25672,897,828,1828,180,10142,175,96,67,1187,60236,460,13171,12905,448,645,49,11,54,195,240,38672,1287,118,147,1595,246,224,104,32767,79,34,358154.0
5/23/20,1770,44,43921,485,78,76,72,136,118,95,359,38,74,3793,5552,36,20,193,191,217,5,100,72,53902,19,114,301,2661,77,39726,25806,927,864,1904,182,10197,196,99,68,1200,60422,463,13215,12934,452,648,49,11,54,196,240,38802,1297,121,149,1606,249,225,107,32881,80,37,359926.0
5/24/20,1782,44,44137,501,78,77,75,136,118,95,365,39,77,3807,5626,36,20,194,191,220,5,101,72,54175,19,114,301,2697,79,39837,25909,941,878,1953,184,10225,202,100,69,1208,60636,463,13266,12963,456,658,49,11,55,197,240,38964,1310,122,151,1617,250,226,108,32968,81,37,361515.0
5/25/20,1791,44,44247,519,81,77,75,136,119,95,372,39,77,3825,5700,36,20,196,192,225,5,103,72,54360,19,115,303,2733,79,39907,26009,955,905,1981,185,10244,205,104,69,1214,60828,465,13287,12996,461,664,49,11,55,197,240,39090,1324,122,154,1632,251,228,109,33049,82,37,362764.0
5/26/20,1793,44,44364,522,81,78,77,136,123,95,373,39,77,3834,5753,36,20,196,193,225,5,103,72,54560,20,118,303,2762,80,39974,26092,965,917,2012,195,10277,208,104,69,1222,60960,466,13325,13019,463,668,49,11,55,197,240,39199,1338,122,154,1638,251,228,110,33107,82,37,363836.0
5/27/20,1796,45,44503,528,82,80,78,136,125,95,380,39,78,3847,5810,36,20,198,195,231,5,105,72,54779,20,118,310,2791,82,40034,26213,972,929,2033,198,10292,210,105,69,1227,61125,466,13348,13047,465,673,49,11,55,200,241,39258,1340,124,155,1645,252,228,110,33186,82,39,364965.0
5/28/20,1814,45,44753,545,85,84,81,136,126,95,380,39,78,3867,5886,36,20,200,197,236,5,106,72,55147,20,118,310,2824,82,40140,26347,984,959,2054,201,10325,212,107,70,1236,61400,469,13404,13076,468,676,49,11,56,201,241,39359,1351,126,156,1658,253,231,112,33293,82,39,366733.0
5/29/20,1834,45,44974,557,86,89,82,137,130,95,382,39,79,3887,5935,36,21,206,199,237,5,107,74,55446,20,118,310,2860,84,40226,26480,1008,988,2092,205,10361,216,108,71,1241,61644,478,13455,13100,473,680,49,11,57,202,241,39445,1364,126,157,1663,254,232,113,33349,82,39,368284.0
5/30/20,1843,45,45116,561,87,90,83,137,132,95,383,41,79,3899,6014,36,22,207,200,238,5,107,74,55727,20,118,311,2909,89,40307,26576,1020,1006,2133,206,10389,228,108,71,1248,61827,486,13505,13128,477,686,50,11,58,202,241,39532,1375,128,161,1678,255,235,113,33429,84,39,369660.0
5/31/20,1860,45,45253,566,88,91,84,137,133,95,387,41,79,3909,6070,37,22,208,202,238,5,108,74,55900,20,119,316,2942,91,40396,26653,1037,1027,2170,207,10406,229,109,72,1252,61975,491,13522,13151,480,689,50,11,58,204,241,39643,1387,130,164,1685,255,235,115,33481,86,39,370770.0
6/1/20,1882,48,45359,574,89,92,85,137,133,96,389,41,81,3924,6123,37,23,210,202,239,5,109,74,56053,20,119,316,2964,91,40479,26721,1046,1036,2197,208,10422,236,110,72,1257,62094,492,13537,13185,483,693,50,11,59,205,241,39705,1389,130,164,1691,255,235,116,33552,86,39,371711.0
6/2/20,1900,48,45466,578,89,93,86,137,133,97,391,41,82,3936,6173,38,23,212,202,241,5,111,74,56242,20,119,317,2989,93,40572,26814,1048,1049,2228,209,10449,241,110,73,1262,62293,493,13562,13223,484,696,51,12,59,205,242,39980,1392,131,164,1696,255,237,116,33633,86,39,373040.0
6/3/20,1920,49,45571,589,90,96,89,137,133,97,399,41,82,3951,6234,38,23,213,202,241,5,113,74,56405,20,120,319,3048,94,40644,26886,1067,1058,2256,215,10460,246,112,73,1264,62425,495,13585,13259,489,701,51,12,60,206,243,40062,1393,133,165,1701,256,238,120,33691,87,39,374085.0
6/4/20,1930,49,45688,593,91,96,95,137,133,97,400,41,82,3962,6308,38,23,215,205,241,5,113,74,56587,20,120,319,3081,96,40713,26968,1085,1069,2295,218,10471,247,112,73,1268,62542,495,13621,13280,493,701,51,12,60,207,245,40153,1405,133,165,1704,256,238,121,33767,87,39,375133.0
6/5/20,1941,51,45778,605,92,98,97,137,133,97,411,41,84,3984,6359,38,23,219,205,242,5,115,75,56770,20,121,323,3117,96,40797,27037,1099,1077,2329,219,10484,247,112,73,1270,62692,497,13663,13297,496,706,51,12,61,207,246,40239,1409,134,167,1711,256,240,122,33854,88,39,376208.0
6/6/20,1953,51,45882,613,92,100,99,137,133,97,412,41,85,3995,6429,38,23,222,206,246,5,122,75,56966,20,121,325,3167,98,40853,27122,1109,1127,2375,220,10508,254,114,74,1274,62850,499,13691,13315,501,710,54,12,61,209,251,40278,1411,134,171,1714,257,240,123,33924,89,39,377316.0
6/7/20,1961,51,45980,620,94,101,101,137,134,97,414,41,85,4000,6486,38,23,224,208,246,5,123,77,57131,20,121,327,3190,100,40904,27178,1112,1143,2392,221,10514,255,115,74,1277,62963,502,13717,13325,502,711,54,12,61,209,251,40329,1415,134,171,1718,257,240,124,33954,89,39,378097.0
6/8/20,1978,51,46052,624,95,101,101,137,135,97,414,42,85,4006,6531,39,23,227,208,247,5,124,78,57260,20,121,327,3203,100,40947,27217,1116,1170,2408,221,10523,256,115,75,1279,63097,503,13727,13340,504,712,54,12,61,209,251,40377,1417,134,171,1721,257,240,125,34000,90,39,378799.0
6/9/20,1983,51,46127,627,95,102,103,138,135,97,414,42,86,4016,6595,40,23,228,210,248,5,125,79,57367,20,121,331,3243,100,40980,27258,1125,1185,2427,222,10533,257,115,75,1280,63194,505,13747,13353,511,715,54,12,61,209,252,40426,1418,134,171,1724,257,240,126,34035,91,39,379482.0
6/10/20,1986,52,46223,630,96,102,105,138,137,97,420,42,87,4022,6616,40,23,228,211,249,5,125,79,57484,20,121,331,3255,100,41015,27324,1129,1203,2433,222,10541,259,115,77,1282,63326,507,13761,13372,511,716,54,12,61,209,253,40464,1425,135,171,1726,257,240,126,34076,91,39,380156.0
6/11/20,1996,53,46316,641,98,102,106,138,137,98,424,42,88,4027,6659,40,23,230,212,249,5,125,79,57605,20,121,333,3293,101,41060,27384,1136,1216,2454,229,10550,260,119,78,1282,63432,508,13780,13385,513,717,54,12,62,212,254,40512,1426,135,171,1729,257,241,127,34106,91,39,380892.0
6/12/20,2007,53,46396,644,101,103,106,138,138,98,428,42,88,4035,6717,40,24,231,212,249,5,127,80,57733,20,121,333,3320,103,41114,27452,1143,1237,2474,230,10558,260,120,78,1282,63573,510,13800,13396,514,721,54,12,63,214,254,40559,1428,137,172,1734,257,242,129,34175,91,39,381714.0
6/13/20,2016,54,46501,647,101,103,106,138,138,98,431,42,88,4049,6753,40,25,232,212,250,5,128,81,57919,20,122,333,3340,103,41172,27529,1154,1253,2498,230,10563,261,122,80,1285,63727,511,13817,13411,514,723,54,12,63,214,255,40615,1430,137,173,1739,257,242,131,34253,91,39,382630.0
6/14/20,2020,54,46567,651,104,106,107,138,138,98,436,42,88,4056,6785,40,25,234,212,251,6,128,81,58059,20,123,334,3370,104,41204,27573,1166,1273,2519,233,10571,267,122,80,1288,63822,513,13857,13423,515,725,54,12,63,215,255,40659,1430,139,173,1741,257,243,133,34290,92,40,383324.0
6/15/20,2022,55,46645,655,106,106,107,138,138,98,439,42,88,4068,6817,40,25,235,213,251,6,128,81,58177,20,123,335,3380,104,41240,27627,1169,1280,2531,233,10573,268,126,80,1291,63932,514,13878,13441,517,732,54,12,64,215,256,40692,1432,139,173,1741,257,243,133,34327,92,40,383944.0
6/16/20,2026,55,46710,656,107,106,108,138,139,99,442,42,88,4075,6852,40,25,236,213,252,6,128,81,58274,20,123,336,3402,104,41290,27677,1171,1301,2545,234,10580,268,139,81,1292,64042,514,13888,13460,522,735,54,12,64,215,257,40738,1433,140,173,1742,257,243,134,34358,93,40,384575.0
6/17/20,2029,55,46778,657,109,106,108,138,139,99,442,42,89,4077,6882,40,25,236,216,252,6,128,82,58386,21,123,338,3418,104,41320,27708,1177,1307,2558,234,10599,270,139,82,1294,64176,515,13893,13467,523,737,55,12,64,215,257,40770,1433,140,173,1744,257,243,137,34385,93,40,385142.0
6/18/20,2034,57,46830,657,109,106,110,138,139,99,443,44,89,4088,6920,40,26,236,217,252,6,128,82,58502,21,123,341,3439,105,41349,27760,1183,1332,2615,235,10604,271,144,82,1295,64268,515,13900,13474,526,738,55,12,64,215,257,40810,1434,140,173,1746,258,243,139,34409,93,40,385760.0
6/19/20,2049,58,46915,663,109,107,112,139,139,99,446,44,89,4110,6955,40,27,237,218,254,6,131,82,58634,21,123,342,3461,106,41387,27824,1185,1357,2634,239,10620,274,167,82,1299,64380,519,13917,13486,528,746,55,12,64,215,257,40864,1434,140,173,1749,261,243,141,34455,93,40,386556.0
6/20/20,2053,58,46979,665,113,108,115,139,139,100,451,44,90,4127,6980,41,27,243,222,255,6,134,83,58761,22,123,343,3487,106,41443,27891,1188,1378,2644,239,10638,275,169,82,1301,64486,521,13944,13495,531,749,56,12,64,216,261,40908,1435,140,174,1750,261,244,143,34486,93,41,387272.0
6/21/20,2054,58,47027,668,115,108,116,139,139,100,451,44,90,4138,7004,41,27,243,222,256,6,136,84,58874,23,123,345,3498,106,41479,27966,1192,1393,2666,240,10648,276,173,82,1301,64621,524,13958,13504,533,754,57,12,64,216,261,40972,1437,140,175,1754,261,244,143,34521,93,41,387936.0
6/22/20,2060,58,47092,670,115,108,116,139,140,100,452,44,90,4145,7035,41,27,244,225,256,6,137,84,58949,23,124,347,3512,108,41513,28017,1193,1416,2675,242,10654,276,173,83,1305,64712,528,13971,13514,535,761,57,12,64,217,263,41010,1438,140,175,1756,262,244,143,34557,93,42,388488.0
6/23/20,2062,58,47154,671,118,108,116,139,141,100,454,44,91,4150,7073,41,28,244,229,256,6,137,84,59047,24,125,347,3540,109,41544,28075,1195,1421,2702,242,10666,277,179,83,1305,64797,533,13983,13529,538,770,57,12,64,217,263,41056,1440,141,175,1757,262,244,145,34581,93,43,389085.0
6/24/20,2065,58,47230,671,120,109,118,139,142,100,454,44,91,4158,7108,41,28,244,230,256,6,142,84,59111,24,125,347,3567,110,41585,28132,1199,1445,2734,246,10669,277,188,83,1306,64881,534,13994,13534,538,772,57,12,64,217,263,41101,1447,141,175,1760,262,244,150,34597,93,44,389666.0
6/25/20,2076,58,47294,680,121,109,121,139,144,101,455,44,91,4176,7138,41,28,244,231,257,6,143,85,59206,25,126,349,3602,111,41646,28192,1203,1479,2751,248,10679,279,191,83,1311,64987,541,14020,13549,540,778,57,12,66,217,264,41151,1448,141,175,1765,263,245,154,34642,93,44,390415.0
6/26/20,2084,58,47383,697,123,109,122,139,145,101,460,44,91,4179,7181,41,28,248,232,257,6,149,85,59311,26,126,351,3641,113,41684,28250,1213,1520,2782,252,10698,279,192,83,1317,65089,549,14037,13557,540,781,57,12,69,218,264,41208,1449,141,175,1768,263,245,159,34700,94,45,391220.0
6/27/20,2091,58,47456,701,123,111,123,139,146,101,461,44,91,4191,7206,42,29,249,237,260,6,154,85,59420,26,126,351,3676,116,41725,28331,1223,1547,2791,254,10710,280,194,84,1319,65175,550,14052,13566,546,786,57,12,69,218,264,41253,1451,142,175,1773,263,245,161,34748,95,45,391923.0
6/28/20,2097,59,47514,703,123,113,123,140,146,101,463,46,91,4198,7228,42,29,255,238,260,6,158,85,59507,29,128,352,3690,118,41754,28380,1226,1586,2816,256,10713,281,195,84,1323,65276,551,14073,13576,548,792,58,12,69,218,266,41306,1451,142,176,1778,263,246,162,34780,95,45,392539.0
6/29/20,2099,59,47555,710,123,114,123,140,146,101,463,47,91,4201,7249,42,30,256,238,260,6,159,86,59576,30,128,353,3709,118,41780,28401,1228,1616,2822,257,10716,281,196,84,1325,65325,553,14082,13580,549,799,58,12,69,219,266,41339,1451,142,177,1778,263,246,165,34798,95,46,392930.0
6/30/20,2102,59,47598,716,123,115,127,141,146,101,464,47,91,4207,7292,42,30,256,238,260,6,159,86,59650,30,129,357,3742,118,41807,28447,1234,1627,2842,259,10723,281,197,84,1326,65391,553,14093,13590,549,800,58,12,69,219,266,41385,1451,143,177,1781,263,246,170,34838,95,46,393454.0
7/1/20,2112,61,47651,722,123,119,127,144,146,101,466,47,91,4213,7337,42,31,257,238,260,6,162,88,59742,30,130,357,3780,118,41853,28518,1237,1642,2863,265,10730,281,201,84,1329,65455,555,14109,13602,550,805,58,13,70,219,268,41427,1452,143,177,1782,263,246,174,34866,95,46,394079.0
7/2/20,2125,62,47758,729,124,119,127,144,148,101,472,47,91,4225,7370,42,32,260,238,260,6,164,90,59855,30,130,359,3833,119,41910,28596,1248,1672,2897,268,10744,282,206,84,1332,65568,556,14125,13612,555,816,58,13,70,220,268,41491,1453,143,178,1790,264,246,176,34912,95,46,394954.0
7/3/20,2130,63,47838,736,124,120,129,145,148,101,474,48,91,4231,7427,46,33,261,239,263,6,172,93,59957,30,130,360,3885,119,41947,28698,1262,1708,2909,275,10759,282,206,84,1333,65705,559,14164,13623,561,824,58,13,70,222,268,41538,1455,143,178,1815,266,246,181,34980,95,46,395872.0
7/4/20,2145,63,47902,752,127,120,131,146,149,101,474,50,91,4238,7462,47,33,261,239,263,6,172,93,60078,31,131,363,3922,119,41988,28760,1277,1725,2928,278,10766,282,206,86,1335,65800,563,14190,13629,562,831,58,13,70,223,269,41585,1456,145,178,1825,268,246,183,35020,96,48,396598.0
7/5/20,2152,63,47938,753,127,120,132,146,150,103,475,51,91,4243,7475,48,33,261,239,263,6,173,94,60149,31,132,363,3953,119,42031,28804,1284,1742,2949,280,10775,282,206,86,1336,65876,565,14202,13648,566,834,59,13,71,224,270,41642,1456,146,179,1834,269,246,185,35043,97,48,397131.0
7/6/20,2160,63,47994,757,128,122,134,146,156,103,477,52,91,4246,7500,49,33,262,242,263,6,179,94,60211,31,133,364,3974,120,42053,28870,1290,1749,2963,282,10781,284,206,86,1337,65928,568,14213,13656,572,838,59,13,71,226,271,41685,1457,148,179,1840,272,247,186,35084,97,48,397649.0
7/7/20,2164,63,48038,762,128,122,135,147,157,105,479,53,91,4248,7544,49,33,262,242,263,6,181,94,60281,31,134,367,4004,121,42088,28920,1297,1760,2997,283,10798,285,207,86,1340,66024,571,14225,13668,578,843,59,13,71,226,271,41730,1459,150,179,1843,273,247,191,35106,97,48,398237.0
7/8/20,2175,64,48076,766,130,122,149,147,159,106,482,54,91,4250,7596,49,33,262,244,263,6,181,94,60386,31,137,368,4046,121,42122,28973,1307,1776,3029,286,10806,286,210,86,1344,66099,580,14243,13679,582,844,60,13,71,227,271,41799,1460,150,180,1845,273,247,193,35154,98,48,398929.0
7/9/20,2183,64,48126,770,131,124,152,148,163,107,482,55,91,4255,7624,51,34,263,244,263,6,182,95,60461,31,140,368,4074,125,42164,29029,1315,1791,3050,290,10810,286,211,86,1348,66174,586,14262,13683,585,848,61,13,73,227,272,41849,1460,151,180,1851,273,248,195,35183,99,48,399513.0
7/10/20,2190,64,48208,784,134,124,155,148,166,107,482,56,91,4262,7660,51,35,264,246,264,6,184,95,60560,31,144,371,4120,128,42232,29109,1327,1806,3078,293,10820,287,216,88,1355,66241,588,14285,13691,587,852,62,13,73,227,272,41911,1464,159,181,1853,274,249,201,35226,101,48,400299.0
7/11/20,2208,66,48267,807,138,126,170,148,166,108,485,58,91,4269,7711,51,35,265,247,265,6,188,95,60647,31,145,374,4153,130,42267,29165,1334,1818,3100,296,10830,287,219,88,1361,66323,593,14308,13700,595,856,62,15,74,230,274,41987,1464,160,183,1855,274,249,203,35260,101,48,401029.0
7/12/20,2219,66,48327,820,138,126,170,148,166,109,486,58,92,4276,7742,51,36,265,250,266,6,192,97,60748,31,147,374,4177,132,42307,29237,1340,1823,3124,300,10835,287,220,89,1361,66410,616,14329,13716,602,864,62,15,74,230,274,42028,1465,161,186,1859,277,249,205,35297,101,48,401706.0
7/13/20,2225,66,48377,827,138,126,171,148,169,109,487,59,92,4280,7766,51,36,265,250,266,6,193,99,60815,31,147,375,4200,133,42354,29302,1342,1830,3142,302,10841,287,222,89,1365,66466,617,14341,13719,610,868,62,15,74,231,276,42112,1465,161,186,1862,280,249,209,35327,102,48,402263.0
7/14/20,2247,68,48433,841,139,127,180,149,171,110,489,59,92,4318,7833,51,36,266,252,267,6,195,100,60904,32,151,376,4247,141,42423,29363,1351,1847,3179,307,10850,288,225,90,1376,66544,625,14372,13733,616,883,62,15,74,233,278,42214,1466,161,186,1872,280,250,214,35366,103,49,403175.0
7/15/20,2280,69,48496,852,141,128,186,151,175,111,489,61,92,4337,7891,51,37,266,254,271,6,197,100,61012,32,151,376,4281,141,42462,29442,1356,1860,3203,312,10878,288,226,91,1382,66643,632,14389,13743,623,891,62,15,76,234,279,42267,1467,163,198,1888,284,250,221,35394,103,50,404006.0
7/16/20,2290,70,48575,861,142,128,191,151,178,111,489,63,92,4357,7927,51,38,266,254,271,6,202,102,61124,32,153,377,4317,141,42506,29516,1364,1868,3225,317,10895,288,227,92,1385,66735,639,14417,13763,624,896,62,15,76,237,279,42333,1469,163,198,1894,285,250,223,35422,103,50,404775.0
7/17/20,2310,71,48643,870,145,129,192,151,181,111,490,67,92,4363,7982,51,39,266,254,271,6,204,103,61233,32,155,379,4353,141,42555,29590,1371,1909,3240,319,10908,288,227,94,1386,66829,643,14439,13775,630,902,62,15,77,238,279,42382,1469,168,198,1898,286,250,223,35463,103,51,405551.0
7/18/20,2315,71,48715,877,145,129,194,153,182,111,491,68,93,4373,8016,51,40,266,256,271,6,204,104,61351,32,157,382,4383,143,42594,29675,1375,1937,3262,324,10921,288,229,94,1390,66921,650,14459,13784,635,910,62,16,78,242,280,42440,1473,169,199,1900,286,250,225,35503,104,51,406305.0
7/19/20,2318,71,48769,883,145,129,194,154,182,113,492,69,93,4376,8035,51,40,267,257,272,6,206,105,61432,33,158,383,4401,143,42622,29731,1382,1940,3278,324,10931,288,229,98,1391,67007,651,14480,13793,637,915,62,16,80,242,281,42466,1473,170,208,1901,287,250,227,35515,104,51,406807.0
7/20/20,2322,71,48837,902,145,131,194,155,184,113,492,69,93,4376,8046,51,40,267,258,272,6,206,106,61488,33,159,384,4422,143,42678,29796,1384,1942,3290,326,10938,288,229,98,1392,67079,653,14503,13798,639,915,62,20,80,246,282,42496,1473,173,209,1901,287,250,228,35551,104,51,407326.0
7/21/20,2351,72,48926,917,147,131,206,155,188,114,495,73,93,4380,8106,51,42,267,258,272,6,208,112,61568,33,160,387,4452,144,42729,29867,1388,1962,3312,329,10953,288,231,100,1393,67194,658,14539,13806,646,926,64,20,80,247,283,42575,1473,174,209,1906,288,250,232,35587,107,51,408181.0
7/22/20,2369,72,49017,930,147,134,210,156,191,114,497,77,93,4387,8135,54,42,267,258,272,6,211,113,61662,33,161,388,4492,144,42765,29943,1395,1975,3326,333,10960,288,232,101,1394,67265,668,14557,13812,650,936,64,20,80,250,283,42621,1473,175,209,1909,288,251,236,35636,108,51,408886.0
7/23/20,2401,72,49086,934,148,135,212,157,194,114,497,80,95,4400,8187,54,42,268,260,273,6,213,120,61752,34,161,388,4511,145,42816,30033,1405,1980,3344,334,10968,288,234,102,1397,67374,669,14587,13820,663,946,66,20,80,253,284,42715,1475,175,213,1911,290,252,238,35667,108,51,409697.0
7/24/20,2426,74,49200,954,150,137,212,158,196,117,498,82,97,4408,8234,54,42,268,261,278,7,223,123,61824,34,161,390,4537,146,42860,30097,1408,1990,3360,337,10976,289,234,102,1399,67458,676,14613,13830,665,955,67,20,83,254,285,42773,1475,176,221,1912,292,252,239,35700,110,51,410450.0
7/25/20,2438,74,49280,966,150,139,216,160,203,119,500,84,98,4412,8282,54,42,270,261,279,7,224,126,61926,34,162,390,4569,147,42915,30161,1420,2000,3378,338,10994,289,236,103,1403,67532,681,14633,13837,679,975,67,20,83,257,288,42822,1476,178,223,1916,293,252,240,35738,110,51,411200.0
7/26/20,2451,74,49336,978,151,139,218,160,203,120,500,85,98,4425,8301,54,44,270,264,281,7,230,127,61988,34,162,390,4591,148,42960,30193,1422,2000,3389,341,10998,290,238,103,1404,67595,684,14649,13839,685,987,68,20,83,258,288,42883,1476,179,224,1925,294,253,241,35777,110,51,411736.0
7/27/20,2453,74,49388,986,153,140,218,160,203,120,503,87,98,4440,8327,55,44,270,266,282,7,234,128,62053,34,162,390,4620,148,43017,30250,1424,2010,3398,343,11010,290,239,103,1408,67679,687,14681,13841,688,990,68,20,83,258,288,42967,1476,180,225,1926,294,254,243,35799,110,52,412344.0
7/28/20,2468,74,49422,992,153,140,219,160,203,123,504,89,99,4447,8364,55,47,270,266,283,7,236,128,62110,34,162,391,4632,152,43059,30280,1424,2028,3419,345,11024,290,239,105,1412,67739,690,14698,13845,691,998,68,20,84,258,289,43024,1476,180,225,1942,298,254,243,35838,111,52,412878.0
7/29/20,2480,74,49481,1015,157,141,223,161,205,123,510,90,101,4453,8410,55,48,270,267,285,7,236,128,62194,34,163,393,4656,152,43100,30329,1430,2053,3437,347,11034,291,239,107,1416,67820,694,14727,13852,701,1010,68,20,84,259,290,43084,1476,183,225,1973,298,254,243,35874,111,52,413593.0
7/30/20,2493,74,49527,1029,157,141,224,162,206,125,513,90,101,4468,8434,55,48,275,270,287,7,239,128,62295,34,164,396,4677,152,43158,30399,1434,2062,3459,349,11072,291,240,107,1418,67894,718,14748,13860,709,1018,68,20,84,260,290,43170,1479,184,227,2010,298,254,243,35913,111,52,414370.0
7/31/20,2503,74,49573,1037,158,143,228,163,207,126,516,91,102,4490,8492,55,50,275,270,289,7,239,129,62385,34,165,398,4710,154,43203,30458,1440,2070,3464,349,11082,293,241,112,1421,67968,724,14764,13864,715,1023,68,21,84,260,290,43224,1480,187,228,2021,300,254,245,35933,112,53,415014.0
8/1/20,2515,74,49626,1048,158,144,231,163,209,127,519,91,103,4504,8548,55,50,282,272,289,7,240,130,62494,34,166,399,4742,155,43271,30518,1444,2081,3477,349,11088,295,244,112,1425,68041,734,14781,13880,726,1032,68,22,85,261,290,43300,1483,188,230,2026,300,255,245,35974,112,55,415767.0
8/2/20,2521,74,49676,1054,159,148,232,163,211,127,522,92,103,4520,8572,55,50,283,272,289,7,241,134,62577,35,167,400,4768,157,43322,30564,1446,2087,3485,349,11093,295,246,112,1428,68101,736,14805,13882,732,1035,68,22,86,262,292,43345,1483,189,230,2028,300,255,246,35998,112,55,416298.0
8/3/20,2531,75,49714,1064,162,148,234,163,211,127,523,92,104,4543,8626,55,50,285,273,289,7,246,134,62641,35,167,401,4790,160,43380,30621,1449,2090,3490,351,11096,295,248,114,1433,68166,740,14822,13885,733,1037,68,22,86,262,292,43395,1483,190,230,2031,300,255,247,36014,113,55,416843.0
8/4/20,2543,75,49823,1078,164,150,241,163,212,127,529,93,104,4557,8667,55,50,285,273,289,7,262,139,62715,37,170,405,4821,160,43436,30677,1458,2103,3515,352,11105,295,249,115,1437,68225,748,14840,13893,739,1041,68,22,86,262,294,43468,1484,191,230,2039,302,255,248,36049,113,56,417589.0
8/5/20,2556,76,49906,1082,164,150,241,165,212,127,531,94,104,4568,8702,55,52,287,274,289,7,264,140,62790,37,171,406,4841,161,43482,30734,1466,2114,3525,352,11113,297,250,115,1439,68297,755,14854,13903,744,1045,68,22,86,262,297,43553,1485,193,231,2039,304,255,248,36075,114,56,418225.0
8/6/20,2565,78,49980,1094,164,151,244,165,212,127,534,94,104,4582,8737,55,52,291,274,290,8,268,140,62890,39,173,409,4868,169,43534,30799,1470,2117,3535,355,11127,297,251,115,1444,68368,758,14877,13918,747,1050,69,22,86,263,297,43630,1485,193,232,2045,304,256,249,36107,115,56,418928.0
8/7/20,2573,79,50057,1115,164,151,249,168,215,127,535,95,104,4589,8791,55,54,293,277,291,8,270,140,62999,39,174,412,4901,170,43580,30859,1491,2129,3556,357,11129,297,251,116,1446,68452,759,14891,13925,752,1055,69,22,87,263,297,43681,1488,193,233,2049,307,256,249,36136,116,56,419642.0
8/8/20,2581,79,50120,1120,165,151,253,171,215,127,539,95,105,4600,8850,55,54,295,277,291,8,273,140,63086,41,176,412,4922,172,43628,30921,1494,2142,3565,357,11156,298,253,116,1447,68548,761,14909,13936,755,1058,69,22,89,263,298,43749,1488,193,234,2057,308,257,249,36180,116,56,420345.0
8/9/20,2595,79,50188,1126,165,152,253,171,216,127,540,95,105,4607,8904,55,54,296,277,292,8,274,142,63155,41,176,412,4956,176,43655,30964,1498,2146,3576,360,11159,298,253,116,1449,68604,765,14921,13942,757,1058,69,22,89,263,298,43786,1489,193,234,2062,308,259,250,36205,118,57,420860.0
8/10/20,2600,80,50226,1131,166,152,257,172,216,128,541,95,105,4613,8918,55,54,297,277,293,8,274,142,63223,41,176,412,4976,177,43690,31016,1500,2150,3585,361,11168,298,253,116,1449,68670,766,14934,13949,760,1060,69,22,90,263,298,43844,1489,193,234,2072,312,260,252,36233,118,57,421336.0
8/11/20,2614,80,50278,1143,168,157,258,176,218,129,546,95,106,4619,8987,56,54,297,279,294,8,277,142,63308,45,176,413,5002,177,43724,31071,1512,2175,3602,362,11180,298,255,118,1449,68733,770,14953,13954,767,1075,69,22,91,263,300,43893,1490,194,234,2076,312,260,252,36272,118,57,422003.0
8/12/20,2624,80,50369,1150,168,161,258,177,218,129,548,96,106,4631,9013,56,54,299,280,295,8,277,142,63410,46,176,414,5035,177,43761,31147,1514,2180,3613,363,11191,298,257,118,1450,68829,780,14974,13966,768,1079,69,22,91,263,300,43948,1491,194,234,2077,312,260,258,36324,118,57,422703.0
8/13/20,2636,80,50485,1153,169,162,260,184,218,129,550,97,107,4640,9033,56,54,300,280,296,8,278,142,63542,47,176,417,5079,179,43795,31217,1518,2183,3627,365,11210,299,258,118,1455,68925,782,14998,13973,774,1084,69,22,92,263,301,43987,1491,194,234,2081,312,260,263,36357,118,58,423440.0
8/14/20,2639,80,50579,1165,169,163,260,187,218,130,551,97,107,4655,9064,57,54,303,284,296,8,278,143,63636,47,178,419,5122,181,43840,31279,1524,2189,3646,366,11217,299,264,118,1457,69023,785,15017,13981,782,1092,69,22,93,263,303,44045,1491,195,236,2086,312,260,265,36402,118,58,424167.0
8/15/20,2643,80,50651,1165,170,163,263,188,218,131,551,97,107,4668,9114,59,54,303,284,297,8,282,143,63779,47,178,421,5143,184,43891,31342,1529,2195,3663,367,11229,300,271,118,1459,69098,789,15046,13997,783,1101,69,23,93,263,306,44109,1493,195,238,2089,312,261,269,36435,118,59,424901.0
8/16/20,2654,80,50724,1166,171,164,263,189,218,132,552,97,107,4686,9147,59,54,303,285,298,11,283,143,63861,47,178,421,5165,187,43929,31398,1532,2198,3674,368,11254,301,271,118,1461,69174,795,15066,14007,792,1119,69,23,93,263,306,44159,1493,195,238,2095,312,261,269,36453,118,59,425508.0
8/17/20,2657,80,50786,1172,171,164,265,190,218,133,552,97,107,4700,9157,59,54,303,285,298,11,284,143,63913,47,178,421,5183,188,43955,31441,1532,2201,3680,369,11256,302,272,118,1463,69245,795,15073,14011,795,1121,69,23,94,263,307,44185,1493,196,238,2098,312,261,269,36486,118,59,425916.0
8/18/20,2661,80,50840,1177,172,164,271,190,218,134,558,97,107,4704,9187,63,55,305,288,300,11,284,143,64002,47,178,423,5213,188,44001,31505,1535,2213,3696,371,11269,302,272,120,1463,69308,801,15087,14053,800,1130,69,23,95,263,307,44235,1493,198,238,2100,313,262,270,36540,120,59,426571.0
8/19/20,2675,80,50907,1189,173,164,272,191,218,134,559,97,108,4710,9241,63,56,305,289,300,11,284,143,64082,47,178,424,5241,189,44063,31541,1544,2218,3712,371,11282,303,274,122,1466,69384,804,15101,14067,800,1133,69,23,95,264,307,44305,1494,199,238,2106,313,262,270,36563,120,59,427202.0
8/20/20,2684,81,50954,1196,174,164,275,193,219,135,560,98,109,4721,9283,85,56,305,290,301,12,284,143,64162,47,178,424,5256,190,44112,31603,1547,2222,3719,373,11292,303,276,123,1468,69451,809,15118,14089,802,1143,69,23,95,264,307,44353,1495,203,240,2113,313,264,270,36586,120,59,427803.0
8/21/20,2691,84,51010,1211,174,164,278,193,222,136,561,98,109,4734,9364,85,56,306,290,304,12,289,144,64236,47,178,431,5273,193,44162,31661,1556,2233,3743,373,11316,303,279,124,1470,69538,810,15129,14106,808,1159,69,24,95,265,308,44400,1495,203,244,2115,314,264,272,36621,121,59,428512.0
8/22/20,2693,84,51067,1227,178,166,287,194,223,141,561,98,109,4753,9413,98,56,308,290,305,12,289,144,64301,47,179,432,5297,193,44205,31708,1566,2242,3756,378,11328,304,281,124,1473,69623,813,15142,14118,813,1172,69,24,95,265,309,44456,1495,204,244,2126,315,266,275,36651,121,59,429165.0
8/23/20,2699,85,51137,1239,180,167,289,194,223,141,562,98,109,4767,9465,100,56,309,290,305,12,289,145,64375,47,180,432,5317,194,44245,31752,1575,2244,3758,381,11334,304,282,124,1473,69694,817,15162,14129,815,1179,69,24,95,267,310,44498,1495,206,244,2127,315,266,275,36689,123,60,429737.0
8/24/20,2701,85,51194,1250,182,167,289,194,223,142,562,98,109,4777,9491,100,56,309,290,305,12,289,145,64422,47,180,432,5330,196,44284,31796,1576,2245,3768,381,11343,304,282,124,1475,69745,818,15177,14139,816,1182,69,24,95,267,310,44519,1495,206,244,2134,315,266,275,36710,124,60,430145.0
8/25/20,2711,86,51239,1256,184,174,305,194,223,146,564,98,109,4790,9546,101,56,309,291,305,13,290,146,64495,47,181,434,5348,196,44348,31837,1586,2256,3792,381,11354,304,285,124,1480,69805,819,15189,14149,824,1206,69,24,96,267,310,44561,1499,206,245,2137,316,266,275,36742,125,60,430774.0
8/26/20,2718,86,51292,1268,185,175,310,194,223,147,564,98,109,4798,9589,105,57,309,292,306,13,292,146,64572,48,181,435,5364,197,44403,31885,1590,2259,3801,381,11366,305,286,124,1482,69870,822,15206,14161,824,1211,69,24,98,267,310,44605,1499,206,248,2141,316,266,277,36780,125,60,431340.0
8/27/20,2736,87,51357,1274,188,176,340,194,224,148,568,98,110,4815,9668,119,58,310,292,306,13,294,148,64664,48,181,439,5385,198,44450,31935,1595,2264,3832,384,11382,305,287,124,1487,69960,823,15224,14183,829,1231,69,24,98,269,311,44641,1506,206,249,2152,318,266,279,36825,125,60,432131.0
8/28/20,2746,87,51406,1283,197,177,355,196,224,149,568,98,112,4827,9713,126,58,310,293,306,14,294,149,64754,48,181,456,5398,200,44503,31977,1600,2265,3847,385,11399,306,288,125,1492,70034,826,15239,14197,832,1233,69,25,98,270,312,44678,1515,207,251,2155,320,267,279,36863,125,60,432767.0
8/29/20,2754,88,51468,1286,197,177,373,196,225,150,569,98,112,4846,9741,126,58,311,293,307,14,295,149,64857,48,182,459,5422,202,44554,32013,1605,2268,3866,386,11410,306,291,134,1494,70098,830,15252,14218,832,1255,69,26,98,273,313,44712,1516,208,261,2162,321,267,280,36895,125,61,433402.0
8/30/20,2764,89,51533,1295,201,177,382,200,227,150,569,99,115,4852,9807,128,58,311,294,307,14,297,150,64930,49,182,461,5443,202,44610,32075,1612,2272,3883,389,11418,306,295,143,1500,70162,833,15269,14233,842,1260,69,26,100,274,315,44763,1521,208,264,2168,321,267,280,36949,126,61,434100.0
8/31/20,2770,89,51610,1307,205,178,394,203,228,150,569,100,115,4865,9872,129,58,311,295,307,14,297,150,64998,49,183,461,5452,206,44677,32119,1618,2274,3892,391,11433,306,303,144,1501,70222,838,15288,14255,844,1263,69,26,100,275,315,44820,1529,209,265,2175,321,267,280,36984,126,62,434756.0
9/1/20,2786,89,51663,1311,206,180,405,205,229,151,569,101,115,4868,9947,131,58,311,297,309,14,298,150,65118,49,183,461,5462,207,44761,32165,1626,2281,3912,393,11445,306,304,179,1505,70288,841,15308,14271,846,1271,70,26,100,275,315,44885,1530,209,270,2176,322,268,280,37021,126,62,435510.0
9/2/20,2791,89,51711,1315,216,180,428,205,229,151,570,102,120,4878,10017,135,58,311,297,310,14,303,150,65201,49,184,461,5468,208,44845,32218,1632,2283,3922,393,11460,306,307,189,1510,70344,844,15332,14305,852,1278,70,26,100,279,315,44940,1534,209,280,2178,322,268,281,37057,126,62,436218.0
9/3/20,2802,90,51768,1333,222,181,452,205,230,152,570,102,121,4892,10086,141,59,312,298,310,14,305,154,65328,49,187,467,5502,211,44924,32251,1635,2286,3937,396,11478,306,311,209,1518,70413,848,15350,14334,863,1290,70,27,101,287,316,45006,1537,210,303,2190,323,268,283,37106,126,62,437107.0
9/4/20,2819,90,51820,1342,223,181,464,206,231,152,574,102,121,4902,10156,145,59,312,300,313,14,306,154,65440,49,188,474,5529,212,45008,32310,1638,2295,3947,398,11487,307,314,235,1523,70496,854,15369,14358,868,1298,71,27,102,291,319,45102,1540,211,308,2196,324,269,288,37152,126,62,437971.0
9/5/20,2823,92,51860,1350,227,182,471,206,233,152,575,102,123,4914,10212,147,59,312,300,313,14,306,154,65540,49,188,474,5551,214,45115,32372,1643,2298,3964,401,11504,310,325,249,1528,70549,858,15393,14382,877,1299,72,27,102,293,319,45200,1543,211,321,2199,325,269,288,37205,126,62,438772.0
9/6/20,2831,92,51912,1357,229,183,475,208,235,152,575,103,123,4928,10266,148,59,312,301,314,14,308,154,65626,49,189,474,5572,215,45193,32426,1650,2302,3983,405,11515,314,325,268,1531,70625,859,15420,14396,889,1310,73,28,102,296,320,45258,1543,212,332,2201,326,270,291,37246,126,62,439501.0
9/7/20,2833,92,51944,1365,230,183,476,210,235,152,576,103,124,4939,10320,149,59,312,302,314,14,308,156,65700,49,189,475,5585,215,45229,32442,1654,2305,3993,408,11525,315,329,285,1534,70675,860,15451,14418,893,1314,73,28,102,297,320,45304,1544,214,339,2203,326,270,296,37277,127,62,440021.0
9/8/20,2840,92,51984,1374,233,184,477,211,239,152,576,103,125,4944,10346,149,59,312,303,316,14,308,156,65757,49,189,475,5602,215,45294,32461,1659,2309,4002,413,11535,317,331,288,1539,70766,865,15466,14439,900,1322,73,29,102,297,323,45356,1544,216,344,2203,331,271,296,37314,127,62,440578.0
9/9/20,2846,92,52018,1378,234,185,478,214,240,152,576,103,125,4956,10394,149,59,312,304,316,14,308,156,65819,50,190,475,5615,215,45372,32500,1663,2316,4012,421,11552,317,331,291,1541,70824,866,15486,14459,911,1324,73,29,102,301,325,45411,1544,217,346,2203,331,272,297,37355,127,62,441154.0
9/10/20,2859,93,52076,1383,236,185,492,218,242,152,576,104,125,4962,10444,150,59,312,306,317,14,308,156,65929,50,190,475,5648,215,45445,32551,1666,2322,4023,423,11572,318,333,291,1541,70917,867,15510,14480,918,1335,74,29,103,302,325,45463,1548,218,361,2204,332,272,298,37405,127,62,441911.0
9/11/20,2882,93,52125,1395,239,185,496,239,244,152,577,109,128,4975,10503,150,60,315,306,317,14,312,157,66009,50,190,476,5676,217,45550,32603,1671,2333,4043,427,11594,320,357,296,1550,70978,870,15537,14510,943,1343,75,30,103,303,326,45534,1548,218,369,2209,341,275,301,37454,127,62,442791.0
9/12/20,2896,94,52186,1410,239,187,507,247,245,152,577,119,128,4984,10567,151,61,316,307,317,14,312,157,66124,50,194,478,5712,218,45633,32643,1678,2341,4060,435,11611,321,362,312,1554,71040,876,15565,14530,955,1351,77,32,104,304,326,45615,1549,219,375,2215,348,283,301,37486,128,62,443640.0
9/13/20,2915,94,52235,1418,241,190,515,251,245,153,577,128,128,4986,10637,151,63,318,307,318,14,313,157,66197,50,196,478,5727,218,45711,32677,1685,2347,4081,439,11635,321,388,314,1557,71111,879,15582,14547,961,1356,78,32,104,304,326,45683,1553,219,381,2218,348,284,303,37531,128,62,444365.0
9/14/20,2921,94,52281,1420,242,190,516,251,245,153,577,132,128,4994,10668,151,63,320,307,318,14,313,158,66274,50,196,478,5764,218,45763,32728,1689,2348,4096,443,11652,321,390,314,1561,71180,879,15604,14581,964,1357,82,32,104,307,326,45714,1557,221,382,2219,348,284,303,37571,130,62,444948.0
9/15/20,2936,94,52335,1423,242,191,523,269,245,154,577,137,128,5006,10716,153,63,324,307,318,14,313,158,66381,50,196,480,5793,218,45840,32772,1693,2356,4114,444,11676,322,402,316,1564,71254,884,15631,14617,965,1358,83,33,104,308,331,45785,1559,221,384,2225,348,284,304,37601,130,62,445714.0
9/16/20,2948,94,52371,1428,245,193,527,275,245,154,577,137,129,5014,10752,154,63,325,307,318,14,314,158,66468,50,197,480,5809,218,45906,32835,1694,2359,4133,449,11711,322,409,318,1565,71309,887,15642,14660,970,1362,83,33,104,310,334,45843,1561,221,386,2229,351,286,304,37634,130,62,446366.0
