Date,Adams,Allen,Ashland,Ashtabula,Athens,Auglaize,Belmont,Brown,Butler,Carroll,Champaign,Clark,Clermont,Clinton,Columbiana,Coshocton,Crawford,Cuyahoga,Darke,Defiance,Delaware,Erie,Fairfield,Fayette,Franklin,Fulton,Gallia,Geauga,Greene,Guernsey,Hamilton,Hancock,Hardin,Harrison,Henry,Highland,Hocking,Holmes,Huron,Jackson,Jefferson,Knox,Lake,Lawrence,Licking,Logan,Lorain,Lucas,Madison,Mahoning,Marion,Medina,Meigs,Mercer,Miami,Monroe,Montgomery,Morgan,Morrow,Muskingum,Noble,Ottawa,Paulding,Perry,Pickaway,Pike,Portage,Preble,Putnam,Richland,Ross,Sandusky,Scioto,Seneca,Shelby,Stark,Summit,Trumbull,Tuscarawas,Union,Van Wert,Vinton,Warren,Washington,Wayne,Williams,Wood,Wyandot,Total
1/22/20,0,0,0,0,0,0,0,0,0,0,0,0,0,0,0,0,0,0,0,0,0,0,0,0,0,0,0,0,0,0,0,0,0,0,0,0,0,0,0,0,0,0,0,0,0,0,0,0,0,0,0,0,0,0,0,0,0,0,0,0,0,0,0,0,0,0,0,0,0,0,0,0,0,0,0,0,0,0,0,0,0,0,0,0,0,0,0,0,0.0
1/23/20,0,0,0,0,0,0,0,0,0,0,0,0,0,0,0,0,0,0,0,0,0,0,0,0,0,0,0,0,0,0,0,0,0,0,0,0,0,0,0,0,0,0,0,0,0,0,0,0,0,0,0,0,0,0,0,0,0,0,0,0,0,0,0,0,0,0,0,0,0,0,0,0,0,0,0,0,0,0,0,0,0,0,0,0,0,0,0,0,0.0
1/24/20,0,0,0,0,0,0,0,0,0,0,0,0,0,0,0,0,0,0,0,0,0,0,0,0,0,0,0,0,0,0,0,0,0,0,0,0,0,0,0,0,0,0,0,0,0,0,0,0,0,0,0,0,0,0,0,0,0,0,0,0,0,0,0,0,0,0,0,0,0,0,0,0,0,0,0,0,0,0,0,0,0,0,0,0,0,0,0,0,0.0
1/25/20,0,0,0,0,0,0,0,0,0,0,0,0,0,0,0,0,0,0,0,0,0,0,0,0,0,0,0,0,0,0,0,0,0,0,0,0,0,0,0,0,0,0,0,0,0,0,0,0,0,0,0,0,0,0,0,0,0,0,0,0,0,0,0,0,0,0,0,0,0,0,0,0,0,0,0,0,0,0,0,0,0,0,0,0,0,0,0,0,0.0
1/26/20,0,0,0,0,0,0,0,0,0,0,0,0,0,0,0,0,0,0,0,0,0,0,0,0,0,0,0,0,0,0,0,0,0,0,0,0,0,0,0,0,0,0,0,0,0,0,0,0,0,0,0,0,0,0,0,0,0,0,0,0,0,0,0,0,0,0,0,0,0,0,0,0,0,0,0,0,0,0,0,0,0,0,0,0,0,0,0,0,0.0
1/27/20,0,0,0,0,0,0,0,0,0,0,0,0,0,0,0,0,0,0,0,0,0,0,0,0,0,0,0,0,0,0,0,0,0,0,0,0,0,0,0,0,0,0,0,0,0,0,0,0,0,0,0,0,0,0,0,0,0,0,0,0,0,0,0,0,0,0,0,0,0,0,0,0,0,0,0,0,0,0,0,0,0,0,0,0,0,0,0,0,0.0
1/28/20,0,0,0,0,0,0,0,0,0,0,0,0,0,0,0,0,0,0,0,0,0,0,0,0,0,0,0,0,0,0,0,0,0,0,0,0,0,0,0,0,0,0,0,0,0,0,0,0,0,0,0,0,0,0,0,0,0,0,0,0,0,0,0,0,0,0,0,0,0,0,0,0,0,0,0,0,0,0,0,0,0,0,0,0,0,0,0,0,0.0
1/29/20,0,0,0,0,0,0,0,0,0,0,0,0,0,0,0,0,0,0,0,0,0,0,0,0,0,0,0,0,0,0,0,0,0,0,0,0,0,0,0,0,0,0,0,0,0,0,0,0,0,0,0,0,0,0,0,0,0,0,0,0,0,0,0,0,0,0,0,0,0,0,0,0,0,0,0,0,0,0,0,0,0,0,0,0,0,0,0,0,0.0
1/30/20,0,0,0,0,0,0,0,0,0,0,0,0,0,0,0,0,0,0,0,0,0,0,0,0,0,0,0,0,0,0,0,0,0,0,0,0,0,0,0,0,0,0,0,0,0,0,0,0,0,0,0,0,0,0,0,0,0,0,0,0,0,0,0,0,0,0,0,0,0,0,0,0,0,0,0,0,0,0,0,0,0,0,0,0,0,0,0,0,0.0
1/31/20,0,0,0,0,0,0,0,0,0,0,0,0,0,0,0,0,0,0,0,0,0,0,0,0,0,0,0,0,0,0,0,0,0,0,0,0,0,0,0,0,0,0,0,0,0,0,0,0,0,0,0,0,0,0,0,0,0,0,0,0,0,0,0,0,0,0,0,0,0,0,0,0,0,0,0,0,0,0,0,0,0,0,0,0,0,0,0,0,0.0
2/1/20,0,0,0,0,0,0,0,0,0,0,0,0,0,0,0,0,0,0,0,0,0,0,0,0,0,0,0,0,0,0,0,0,0,0,0,0,0,0,0,0,0,0,0,0,0,0,0,0,0,0,0,0,0,0,0,0,0,0,0,0,0,0,0,0,0,0,0,0,0,0,0,0,0,0,0,0,0,0,0,0,0,0,0,0,0,0,0,0,0.0
2/2/20,0,0,0,0,0,0,0,0,0,0,0,0,0,0,0,0,0,0,0,0,0,0,0,0,0,0,0,0,0,0,0,0,0,0,0,0,0,0,0,0,0,0,0,0,0,0,0,0,0,0,0,0,0,0,0,0,0,0,0,0,0,0,0,0,0,0,0,0,0,0,0,0,0,0,0,0,0,0,0,0,0,0,0,0,0,0,0,0,0.0
2/3/20,0,0,0,0,0,0,0,0,0,0,0,0,0,0,0,0,0,0,0,0,0,0,0,0,0,0,0,0,0,0,0,0,0,0,0,0,0,0,0,0,0,0,0,0,0,0,0,0,0,0,0,0,0,0,0,0,0,0,0,0,0,0,0,0,0,0,0,0,0,0,0,0,0,0,0,0,0,0,0,0,0,0,0,0,0,0,0,0,0.0
2/4/20,0,0,0,0,0,0,0,0,0,0,0,0,0,0,0,0,0,0,0,0,0,0,0,0,0,0,0,0,0,0,0,0,0,0,0,0,0,0,0,0,0,0,0,0,0,0,0,0,0,0,0,0,0,0,0,0,0,0,0,0,0,0,0,0,0,0,0,0,0,0,0,0,0,0,0,0,0,0,0,0,0,0,0,0,0,0,0,0,0.0
2/5/20,0,0,0,0,0,0,0,0,0,0,0,0,0,0,0,0,0,0,0,0,0,0,0,0,0,0,0,0,0,0,0,0,0,0,0,0,0,0,0,0,0,0,0,0,0,0,0,0,0,0,0,0,0,0,0,0,0,0,0,0,0,0,0,0,0,0,0,0,0,0,0,0,0,0,0,0,0,0,0,0,0,0,0,0,0,0,0,0,0.0
2/6/20,0,0,0,0,0,0,0,0,0,0,0,0,0,0,0,0,0,0,0,0,0,0,0,0,0,0,0,0,0,0,0,0,0,0,0,0,0,0,0,0,0,0,0,0,0,0,0,0,0,0,0,0,0,0,0,0,0,0,0,0,0,0,0,0,0,0,0,0,0,0,0,0,0,0,0,0,0,0,0,0,0,0,0,0,0,0,0,0,0.0
2/7/20,0,0,0,0,0,0,0,0,0,0,0,0,0,0,0,0,0,0,0,0,0,0,0,0,0,0,0,0,0,0,0,0,0,0,0,0,0,0,0,0,0,0,0,0,0,0,0,0,0,0,0,0,0,0,0,0,0,0,0,0,0,0,0,0,0,0,0,0,0,0,0,0,0,0,0,0,0,0,0,0,0,0,0,0,0,0,0,0,0.0
2/8/20,0,0,0,0,0,0,0,0,0,0,0,0,0,0,0,0,0,0,0,0,0,0,0,0,0,0,0,0,0,0,0,0,0,0,0,0,0,0,0,0,0,0,0,0,0,0,0,0,0,0,0,0,0,0,0,0,0,0,0,0,0,0,0,0,0,0,0,0,0,0,0,0,0,0,0,0,0,0,0,0,0,0,0,0,0,0,0,0,0.0
2/9/20,0,0,0,0,0,0,0,0,0,0,0,0,0,0,0,0,0,0,0,0,0,0,0,0,0,0,0,0,0,0,0,0,0,0,0,0,0,0,0,0,0,0,0,0,0,0,0,0,0,0,0,0,0,0,0,0,0,0,0,0,0,0,0,0,0,0,0,0,0,0,0,0,0,0,0,0,0,0,0,0,0,0,0,0,0,0,0,0,0.0
2/10/20,0,0,0,0,0,0,0,0,0,0,0,0,0,0,0,0,0,0,0,0,0,0,0,0,0,0,0,0,0,0,0,0,0,0,0,0,0,0,0,0,0,0,0,0,0,0,0,0,0,0,0,0,0,0,0,0,0,0,0,0,0,0,0,0,0,0,0,0,0,0,0,0,0,0,0,0,0,0,0,0,0,0,0,0,0,0,0,0,0.0
2/11/20,0,0,0,0,0,0,0,0,0,0,0,0,0,0,0,0,0,0,0,0,0,0,0,0,0,0,0,0,0,0,0,0,0,0,0,0,0,0,0,0,0,0,0,0,0,0,0,0,0,0,0,0,0,0,0,0,0,0,0,0,0,0,0,0,0,0,0,0,0,0,0,0,0,0,0,0,0,0,0,0,0,0,0,0,0,0,0,0,0.0
2/12/20,0,0,0,0,0,0,0,0,0,0,0,0,0,0,0,0,0,0,0,0,0,0,0,0,0,0,0,0,0,0,0,0,0,0,0,0,0,0,0,0,0,0,0,0,0,0,0,0,0,0,0,0,0,0,0,0,0,0,0,0,0,0,0,0,0,0,0,0,0,0,0,0,0,0,0,0,0,0,0,0,0,0,0,0,0,0,0,0,0.0
2/13/20,0,0,0,0,0,0,0,0,0,0,0,0,0,0,0,0,0,0,0,0,0,0,0,0,0,0,0,0,0,0,0,0,0,0,0,0,0,0,0,0,0,0,0,0,0,0,0,0,0,0,0,0,0,0,0,0,0,0,0,0,0,0,0,0,0,0,0,0,0,0,0,0,0,0,0,0,0,0,0,0,0,0,0,0,0,0,0,0,0.0
2/14/20,0,0,0,0,0,0,0,0,0,0,0,0,0,0,0,0,0,0,0,0,0,0,0,0,0,0,0,0,0,0,0,0,0,0,0,0,0,0,0,0,0,0,0,0,0,0,0,0,0,0,0,0,0,0,0,0,0,0,0,0,0,0,0,0,0,0,0,0,0,0,0,0,0,0,0,0,0,0,0,0,0,0,0,0,0,0,0,0,0.0
2/15/20,0,0,0,0,0,0,0,0,0,0,0,0,0,0,0,0,0,0,0,0,0,0,0,0,0,0,0,0,0,0,0,0,0,0,0,0,0,0,0,0,0,0,0,0,0,0,0,0,0,0,0,0,0,0,0,0,0,0,0,0,0,0,0,0,0,0,0,0,0,0,0,0,0,0,0,0,0,0,0,0,0,0,0,0,0,0,0,0,0.0
2/16/20,0,0,0,0,0,0,0,0,0,0,0,0,0,0,0,0,0,0,0,0,0,0,0,0,0,0,0,0,0,0,0,0,0,0,0,0,0,0,0,0,0,0,0,0,0,0,0,0,0,0,0,0,0,0,0,0,0,0,0,0,0,0,0,0,0,0,0,0,0,0,0,0,0,0,0,0,0,0,0,0,0,0,0,0,0,0,0,0,0.0
2/17/20,0,0,0,0,0,0,0,0,0,0,0,0,0,0,0,0,0,0,0,0,0,0,0,0,0,0,0,0,0,0,0,0,0,0,0,0,0,0,0,0,0,0,0,0,0,0,0,0,0,0,0,0,0,0,0,0,0,0,0,0,0,0,0,0,0,0,0,0,0,0,0,0,0,0,0,0,0,0,0,0,0,0,0,0,0,0,0,0,0.0
2/18/20,0,0,0,0,0,0,0,0,0,0,0,0,0,0,0,0,0,0,0,0,0,0,0,0,0,0,0,0,0,0,0,0,0,0,0,0,0,0,0,0,0,0,0,0,0,0,0,0,0,0,0,0,0,0,0,0,0,0,0,0,0,0,0,0,0,0,0,0,0,0,0,0,0,0,0,0,0,0,0,0,0,0,0,0,0,0,0,0,0.0
2/19/20,0,0,0,0,0,0,0,0,0,0,0,0,0,0,0,0,0,0,0,0,0,0,0,0,0,0,0,0,0,0,0,0,0,0,0,0,0,0,0,0,0,0,0,0,0,0,0,0,0,0,0,0,0,0,0,0,0,0,0,0,0,0,0,0,0,0,0,0,0,0,0,0,0,0,0,0,0,0,0,0,0,0,0,0,0,0,0,0,0.0
2/20/20,0,0,0,0,0,0,0,0,0,0,0,0,0,0,0,0,0,0,0,0,0,0,0,0,0,0,0,0,0,0,0,0,0,0,0,0,0,0,0,0,0,0,0,0,0,0,0,0,0,0,0,0,0,0,0,0,0,0,0,0,0,0,0,0,0,0,0,0,0,0,0,0,0,0,0,0,0,0,0,0,0,0,0,0,0,0,0,0,0.0
2/21/20,0,0,0,0,0,0,0,0,0,0,0,0,0,0,0,0,0,0,0,0,0,0,0,0,0,0,0,0,0,0,0,0,0,0,0,0,0,0,0,0,0,0,0,0,0,0,0,0,0,0,0,0,0,0,0,0,0,0,0,0,0,0,0,0,0,0,0,0,0,0,0,0,0,0,0,0,0,0,0,0,0,0,0,0,0,0,0,0,0.0
2/22/20,0,0,0,0,0,0,0,0,0,0,0,0,0,0,0,0,0,0,0,0,0,0,0,0,0,0,0,0,0,0,0,0,0,0,0,0,0,0,0,0,0,0,0,0,0,0,0,0,0,0,0,0,0,0,0,0,0,0,0,0,0,0,0,0,0,0,0,0,0,0,0,0,0,0,0,0,0,0,0,0,0,0,0,0,0,0,0,0,0.0
2/23/20,0,0,0,0,0,0,0,0,0,0,0,0,0,0,0,0,0,0,0,0,0,0,0,0,0,0,0,0,0,0,0,0,0,0,0,0,0,0,0,0,0,0,0,0,0,0,0,0,0,0,0,0,0,0,0,0,0,0,0,0,0,0,0,0,0,0,0,0,0,0,0,0,0,0,0,0,0,0,0,0,0,0,0,0,0,0,0,0,0.0
2/24/20,0,0,0,0,0,0,0,0,0,0,0,0,0,0,0,0,0,0,0,0,0,0,0,0,0,0,0,0,0,0,0,0,0,0,0,0,0,0,0,0,0,0,0,0,0,0,0,0,0,0,0,0,0,0,0,0,0,0,0,0,0,0,0,0,0,0,0,0,0,0,0,0,0,0,0,0,0,0,0,0,0,0,0,0,0,0,0,0,0.0
2/25/20,0,0,0,0,0,0,0,0,0,0,0,0,0,0,0,0,0,0,0,0,0,0,0,0,0,0,0,0,0,0,0,0,0,0,0,0,0,0,0,0,0,0,0,0,0,0,0,0,0,0,0,0,0,0,0,0,0,0,0,0,0,0,0,0,0,0,0,0,0,0,0,0,0,0,0,0,0,0,0,0,0,0,0,0,0,0,0,0,0.0
2/26/20,0,0,0,0,0,0,0,0,0,0,0,0,0,0,0,0,0,0,0,0,0,0,0,0,0,0,0,0,0,0,0,0,0,0,0,0,0,0,0,0,0,0,0,0,0,0,0,0,0,0,0,0,0,0,0,0,0,0,0,0,0,0,0,0,0,0,0,0,0,0,0,0,0,0,0,0,0,0,0,0,0,0,0,0,0,0,0,0,0.0
2/27/20,0,0,0,0,0,0,0,0,0,0,0,0,0,0,0,0,0,0,0,0,0,0,0,0,0,0,0,0,0,0,0,0,0,0,0,0,0,0,0,0,0,0,0,0,0,0,0,0,0,0,0,0,0,0,0,0,0,0,0,0,0,0,0,0,0,0,0,0,0,0,0,0,0,0,0,0,0,0,0,0,0,0,0,0,0,0,0,0,0.0
2/28/20,0,0,0,0,0,0,0,0,0,0,0,0,0,0,0,0,0,0,0,0,0,0,0,0,0,0,0,0,0,0,0,0,0,0,0,0,0,0,0,0,0,0,0,0,0,0,0,0,0,0,0,0,0,0,0,0,0,0,0,0,0,0,0,0,0,0,0,0,0,0,0,0,0,0,0,0,0,0,0,0,0,0,0,0,0,0,0,0,0.0
2/29/20,0,0,0,0,0,0,0,0,0,0,0,0,0,0,0,0,0,0,0,0,0,0,0,0,0,0,0,0,0,0,0,0,0,0,0,0,0,0,0,0,0,0,0,0,0,0,0,0,0,0,0,0,0,0,0,0,0,0,0,0,0,0,0,0,0,0,0,0,0,0,0,0,0,0,0,0,0,0,0,0,0,0,0,0,0,0,0,0,0.0
3/1/20,0,0,0,0,0,0,0,0,0,0,0,0,0,0,0,0,0,0,0,0,0,0,0,0,0,0,0,0,0,0,0,0,0,0,0,0,0,0,0,0,0,0,0,0,0,0,0,0,0,0,0,0,0,0,0,0,0,0,0,0,0,0,0,0,0,0,0,0,0,0,0,0,0,0,0,0,0,0,0,0,0,0,0,0,0,0,0,0,0.0
3/2/20,0,0,0,0,0,0,0,0,0,0,0,0,0,0,0,0,0,0,0,0,0,0,0,0,0,0,0,0,0,0,0,0,0,0,0,0,0,0,0,0,0,0,0,0,0,0,0,0,0,0,0,0,0,0,0,0,0,0,0,0,0,0,0,0,0,0,0,0,0,0,0,0,0,0,0,0,0,0,0,0,0,0,0,0,0,0,0,0,0.0
3/3/20,0,0,0,0,0,0,0,0,0,0,0,0,0,0,0,0,0,0,0,0,0,0,0,0,0,0,0,0,0,0,0,0,0,0,0,0,0,0,0,0,0,0,0,0,0,0,0,0,0,0,0,0,0,0,0,0,0,0,0,0,0,0,0,0,0,0,0,0,0,0,0,0,0,0,0,0,0,0,0,0,0,0,0,0,0,0,0,0,0.0
3/4/20,0,0,0,0,0,0,0,0,0,0,0,0,0,0,0,0,0,0,0,0,0,0,0,0,0,0,0,0,0,0,0,0,0,0,0,0,0,0,0,0,0,0,0,0,0,0,0,0,0,0,0,0,0,0,0,0,0,0,0,0,0,0,0,0,0,0,0,0,0,0,0,0,0,0,0,0,0,0,0,0,0,0,0,0,0,0,0,0,0.0
3/5/20,0,0,0,0,0,0,0,0,0,0,0,0,0,0,0,0,0,0,0,0,0,0,0,0,0,0,0,0,0,0,0,0,0,0,0,0,0,0,0,0,0,0,0,0,0,0,0,0,0,0,0,0,0,0,0,0,0,0,0,0,0,0,0,0,0,0,0,0,0,0,0,0,0,0,0,0,0,0,0,0,0,0,0,0,0,0,0,0,0.0
3/6/20,0,0,0,0,0,0,0,0,0,0,0,0,0,0,0,0,0,0,0,0,0,0,0,0,0,0,0,0,0,0,0,0,0,0,0,0,0,0,0,0,0,0,0,0,0,0,0,0,0,0,0,0,0,0,0,0,0,0,0,0,0,0,0,0,0,0,0,0,0,0,0,0,0,0,0,0,0,0,0,0,0,0,0,0,0,0,0,0,0.0
3/7/20,0,0,0,0,0,0,0,0,0,0,0,0,0,0,0,0,0,0,0,0,0,0,0,0,0,0,0,0,0,0,0,0,0,0,0,0,0,0,0,0,0,0,0,0,0,0,0,0,0,0,0,0,0,0,0,0,0,0,0,0,0,0,0,0,0,0,0,0,0,0,0,0,0,0,0,0,0,0,0,0,0,0,0,0,0,0,0,0,0.0
3/8/20,0,0,0,0,0,0,0,0,0,0,0,0,0,0,0,0,0,0,0,0,0,0,0,0,0,0,0,0,0,0,0,0,0,0,0,0,0,0,0,0,0,0,0,0,0,0,0,0,0,0,0,0,0,0,0,0,0,0,0,0,0,0,0,0,0,0,0,0,0,0,0,0,0,0,0,0,0,0,0,0,0,0,0,0,0,0,0,0,0.0
3/9/20,0,0,0,0,0,0,0,0,0,0,0,0,0,0,0,0,0,0,0,0,0,0,0,0,0,0,0,0,0,0,0,0,0,0,0,0,0,0,0,0,0,0,0,0,0,0,0,0,0,0,0,0,0,0,0,0,0,0,0,0,0,0,0,0,0,0,0,0,0,0,0,0,0,0,0,0,0,0,0,0,0,0,0,0,0,0,0,0,0.0
3/10/20,0,0,0,0,0,0,0,0,0,0,0,0,0,0,0,0,0,3,0,0,0,0,0,0,0,0,0,0,0,0,0,0,0,0,0,0,0,0,0,0,0,0,0,0,0,0,0,0,0,0,0,0,0,0,0,0,0,0,0,0,0,0,0,0,0,0,0,0,0,0,0,0,0,0,0,0,0,0,0,0,0,0,0,0,0,0,0,0,3.0
3/11/20,0,0,0,0,0,0,0,0,0,0,0,0,0,0,0,0,0,3,0,0,0,0,0,0,0,0,0,0,0,0,0,0,0,0,0,0,0,0,0,0,0,0,0,0,0,0,0,0,0,0,0,0,0,0,0,0,0,0,0,0,0,0,0,0,0,0,0,0,0,0,0,0,0,0,0,1,0,0,0,0,0,0,0,0,0,0,0,0,4.0
3/12/20,0,0,0,0,0,0,0,0,0,0,0,0,0,0,0,0,0,3,0,0,0,0,0,0,0,0,0,0,0,0,0,0,0,0,0,0,0,0,0,0,0,0,0,0,0,0,0,0,0,0,0,0,0,0,0,0,0,0,0,0,0,0,0,0,0,0,0,0,0,0,0,0,0,0,0,1,0,1,0,0,0,0,0,0,0,0,0,0,5.0
3/13/20,0,0,0,0,0,0,2,0,0,0,0,0,0,0,0,0,0,6,0,0,0,0,0,0,0,0,0,0,0,0,0,0,0,0,0,0,0,0,0,0,0,0,0,0,0,0,0,0,0,0,0,0,0,0,0,0,0,0,0,0,0,0,0,0,0,0,0,0,0,0,0,0,0,0,0,2,1,1,0,0,0,0,0,0,0,0,0,0,12.0
3/14/20,0,0,0,0,0,0,2,0,4,0,0,0,0,0,0,0,0,11,0,0,0,0,0,0,1,0,0,0,0,0,0,0,0,0,0,0,0,0,0,0,0,0,0,0,0,0,1,0,0,0,0,0,0,0,0,0,0,0,0,0,0,0,0,0,0,0,0,0,0,0,0,0,0,0,0,3,2,2,0,0,0,0,0,0,0,0,0,0,26.0
3/15/20,0,0,0,0,0,0,2,0,4,0,0,0,0,0,0,0,0,11,0,0,0,0,0,0,3,0,0,0,0,0,0,0,0,0,0,0,0,0,0,0,0,0,0,0,0,0,1,1,0,0,0,0,0,0,0,0,0,0,0,0,0,0,0,0,0,0,0,0,0,0,0,0,0,0,0,3,2,2,1,0,0,0,0,0,0,0,0,0,30.0
3/16/20,0,0,0,0,0,0,2,0,6,0,0,0,0,0,0,0,0,24,0,0,0,0,0,0,3,0,0,1,0,0,0,0,0,0,0,0,0,0,0,0,0,0,0,0,0,0,3,1,0,0,0,2,0,0,0,0,0,0,0,0,0,0,0,0,0,0,0,0,0,0,0,0,0,0,0,3,2,2,1,0,0,0,0,0,0,0,0,0,50.0
3/17/20,0,0,0,0,0,0,2,0,6,0,0,0,0,0,0,2,0,31,1,0,0,0,0,0,4,0,0,1,0,0,0,0,0,0,0,0,0,0,0,0,0,0,1,0,0,0,4,1,0,1,0,3,0,0,0,0,0,0,0,0,0,0,0,0,0,0,0,0,0,0,0,0,0,0,0,3,4,2,1,0,0,0,0,0,0,0,0,0,67.0
3/18/20,0,0,1,0,0,0,2,0,8,0,0,0,0,0,0,2,0,38,1,0,1,0,0,0,7,0,0,1,0,0,0,0,0,0,0,0,0,0,1,0,0,0,2,0,0,0,6,1,0,3,0,4,0,0,0,0,1,0,0,0,0,0,0,0,0,0,0,0,0,0,0,0,0,0,0,3,4,2,1,0,0,0,0,0,0,0,0,0,89.0
3/19/20,0,0,1,0,0,0,2,0,8,0,0,1,0,0,0,2,0,53,1,0,2,0,0,0,10,0,0,1,0,0,1,0,0,0,0,0,0,0,1,0,0,0,2,0,0,0,6,1,0,5,0,5,0,0,1,0,1,0,0,0,0,0,0,0,0,0,0,0,0,1,0,0,0,0,0,5,6,2,1,0,0,0,0,0,0,0,0,0,119.0
3/20/20,0,0,1,1,0,0,2,0,12,0,0,1,0,0,0,2,0,69,1,1,2,1,0,0,14,0,0,1,0,0,7,0,0,0,0,0,0,0,1,0,0,0,3,0,1,0,10,2,0,7,1,6,0,0,2,0,1,0,0,0,0,0,0,0,0,0,0,0,0,1,0,0,0,0,0,6,10,3,1,1,0,0,2,0,0,0,0,0,173.0
3/21/20,0,0,1,1,0,0,2,0,16,0,0,1,2,0,0,2,0,92,1,2,4,1,0,0,21,0,1,1,0,0,8,0,0,0,0,0,0,0,1,0,0,0,4,0,1,0,14,4,0,14,1,9,0,0,11,0,1,0,0,0,0,0,0,0,0,0,0,0,0,1,0,0,0,0,0,8,15,3,1,1,0,0,2,0,0,0,0,0,247.0
3/22/20,0,0,1,2,0,0,2,0,17,1,0,1,5,1,2,2,0,125,1,2,6,1,0,0,34,0,1,2,1,0,19,1,0,0,0,0,0,0,1,0,0,1,6,0,1,0,19,7,1,18,1,10,0,0,13,0,5,0,0,0,0,0,0,0,0,0,1,0,0,1,0,0,0,0,0,10,23,3,2,1,0,0,3,1,0,0,1,0,356.0
3/23/20,0,0,1,3,0,0,2,0,17,2,0,1,5,1,2,3,0,149,1,2,7,1,0,0,44,0,1,2,1,0,26,1,0,0,0,1,0,0,1,0,0,1,8,0,1,1,24,10,1,23,3,15,0,0,17,0,7,0,0,0,0,0,0,0,0,0,2,0,0,1,0,1,0,0,0,12,28,3,2,1,0,0,5,1,0,0,2,0,443.0
3/24/20,0,0,1,3,0,0,2,0,18,3,1,2,5,1,3,3,1,167,1,2,11,1,2,0,75,0,1,5,3,0,38,1,0,0,0,1,0,0,2,0,0,1,11,0,2,2,30,13,1,28,4,15,0,0,19,0,10,0,0,0,0,0,0,0,0,0,4,0,0,4,0,1,0,1,0,13,36,4,3,2,0,0,7,1,0,0,2,0,567.0
3/25/20,0,0,1,3,0,0,3,0,18,3,1,2,5,2,4,4,1,206,1,2,12,2,5,1,88,0,1,4,3,0,48,1,0,0,0,1,0,0,2,0,0,2,14,1,3,2,37,23,2,42,4,22,0,1,19,0,14,0,0,0,0,0,0,0,1,0,4,0,0,4,0,1,0,1,0,13,42,9,3,3,0,0,8,1,1,0,3,0,704.0
3/26/20,0,0,1,3,1,0,3,0,21,3,2,2,6,2,5,4,1,259,1,2,15,3,6,1,109,0,1,7,3,0,53,2,0,0,0,1,0,0,3,0,1,2,19,1,5,2,44,35,3,51,4,24,0,1,20,0,14,0,0,1,0,0,0,0,2,0,8,0,0,4,0,1,0,1,1,16,50,12,3,3,0,0,10,1,2,0,6,1,868.0
3/27/20,0,0,3,5,1,0,6,0,23,3,2,2,6,2,7,4,1,330,1,5,20,3,8,1,152,2,1,10,3,0,63,2,0,0,0,1,0,0,3,0,1,2,27,1,10,2,56,48,3,68,5,32,0,2,32,0,19,0,0,2,0,0,0,0,2,0,13,0,0,4,0,1,0,1,1,22,65,17,3,3,0,0,11,2,3,0,8,1,1137.0
3/28/20,0,2,3,6,2,1,8,0,25,3,2,2,8,3,9,4,2,370,1,5,26,5,14,1,222,2,1,14,3,0,71,3,0,0,0,1,0,0,3,0,5,2,30,1,14,3,65,67,4,80,5,37,0,2,38,0,20,0,0,2,0,1,0,0,4,1,19,0,0,5,0,2,0,1,3,25,79,27,5,3,1,0,16,2,4,0,10,1,1406.0
3/29/20,0,4,2,6,3,2,8,0,27,4,2,7,8,3,11,4,2,440,3,5,31,5,14,1,247,2,1,17,3,0,85,3,0,0,0,1,0,0,3,0,5,3,35,1,15,3,74,94,4,84,6,45,0,2,43,0,25,0,0,2,0,1,0,0,4,1,27,0,0,5,0,3,0,1,3,29,99,36,5,3,1,0,20,3,4,0,12,1,1653.0
3/30/20,0,4,2,6,3,2,8,1,30,5,3,6,9,3,11,5,5,493,12,5,38,5,13,1,281,2,1,22,3,0,101,3,0,0,0,1,0,1,3,0,7,3,43,1,21,3,78,114,5,117,7,48,0,2,46,0,31,0,0,2,0,2,0,0,5,1,32,1,0,5,1,3,0,3,4,44,118,42,7,4,1,0,20,3,7,0,13,1,1933.0
3/31/20,0,5,2,6,3,2,9,2,36,5,3,6,10,3,15,5,5,527,13,5,42,5,14,1,325,2,1,24,6,0,124,5,0,0,0,1,0,1,4,0,11,4,44,1,25,3,82,133,7,153,8,55,0,2,52,0,37,0,0,2,0,2,0,1,12,1,38,1,0,6,2,4,0,3,5,45,131,50,7,4,1,0,21,3,9,0,15,2,2199.0
4/1/20,0,6,2,6,3,3,11,2,41,5,4,6,11,4,19,7,5,589,22,6,47,5,22,1,391,2,1,25,8,0,154,6,0,0,0,2,0,1,4,0,11,4,48,1,24,3,85,171,9,177,9,59,0,4,60,0,41,0,1,2,0,4,0,2,12,1,44,1,0,8,2,5,0,4,6,52,144,58,14,4,2,0,23,3,11,0,15,2,2547.0
4/2/20,0,10,3,8,3,3,12,2,45,5,4,7,14,5,22,8,6,663,22,6,50,5,28,1,441,3,3,33,8,1,178,8,1,0,0,3,0,1,4,0,13,5,62,2,30,3,90,206,11,192,10,68,0,5,62,0,49,0,1,3,0,5,0,2,11,1,59,1,0,8,3,5,0,4,6,67,155,63,16,4,2,0,26,4,11,0,18,2,2901.0
4/3/20,0,12,4,9,3,4,14,3,49,5,5,7,17,6,26,10,7,780,28,7,61,6,32,1,503,4,4,41,9,1,203,9,1,0,0,3,0,2,5,0,16,5,65,3,35,3,95,233,13,220,11,79,0,6,66,0,57,0,1,4,0,6,0,2,13,1,64,1,0,8,3,5,0,5,7,72,165,72,18,4,2,0,31,4,13,1,20,2,3312.0
4/4/20,1,15,3,11,3,6,17,3,59,8,5,7,20,7,36,8,7,781,28,7,69,6,36,2,557,5,4,38,11,1,288,9,1,0,0,4,0,1,6,0,14,6,76,7,50,3,105,272,15,250,12,74,0,6,69,0,69,0,3,4,0,5,0,3,20,1,74,4,0,14,4,5,0,5,10,92,184,90,19,7,2,0,35,6,25,1,23,5,3739.0
4/5/20,2,18,3,12,3,6,20,3,68,8,5,8,21,8,42,9,9,826,32,7,70,8,46,2,597,5,4,38,13,1,319,11,1,0,0,4,0,1,6,0,14,7,79,8,55,5,110,302,17,261,19,78,0,7,76,2,84,0,5,4,0,5,0,3,29,1,84,5,0,17,4,5,0,6,12,95,184,89,20,8,2,0,36,8,26,1,29,5,4043.0
4/6/20,2,19,3,15,3,8,22,3,75,9,5,10,27,8,53,10,9,871,32,8,77,10,54,2,644,5,4,40,15,2,394,14,2,0,0,6,0,2,9,0,15,7,87,10,57,5,117,321,17,272,25,83,0,8,90,2,109,1,5,5,0,5,1,4,29,1,94,5,1,19,6,5,1,6,17,109,189,102,23,8,2,0,37,15,26,1,34,5,4453.0
4/7/20,2,22,3,18,3,8,25,4,92,9,5,11,22,9,59,10,9,911,34,9,77,10,59,2,703,5,4,41,20,1,411,15,2,0,0,6,0,2,10,0,15,7,92,9,61,5,116,347,18,300,28,88,1,8,101,2,132,1,6,6,0,5,1,4,31,1,101,7,0,20,9,5,1,6,18,110,199,110,23,8,2,0,45,27,29,1,38,5,4782.0
4/8/20,2,23,3,20,3,8,30,4,102,9,5,13,27,11,71,10,9,960,38,10,79,10,65,4,761,5,4,44,21,2,437,17,2,0,1,6,0,3,9,2,18,7,99,13,64,5,136,371,20,305,32,94,1,11,107,2,147,2,6,6,0,6,2,6,35,1,108,8,0,25,10,5,1,6,19,114,211,126,26,8,2,0,46,30,30,1,41,5,5148.0
4/9/20,3,23,4,19,3,8,36,4,108,9,5,14,33,12,81,12,12,1014,40,10,84,10,68,5,802,5,4,47,21,4,473,16,3,0,1,6,0,3,10,2,19,8,106,15,78,5,140,403,21,334,40,98,1,12,110,2,156,2,6,8,1,8,2,6,39,1,116,9,0,27,10,7,2,7,21,120,221,132,26,9,2,0,53,34,30,1,42,8,5512.0
4/10/20,3,24,5,19,3,9,42,4,112,10,6,14,36,15,92,15,13,1052,40,11,88,10,73,5,850,5,4,49,22,5,504,17,4,0,1,6,0,3,10,2,20,9,108,15,79,7,150,443,23,358,42,103,1,12,113,2,161,2,8,8,1,9,2,7,44,1,124,10,0,28,12,7,3,8,24,125,235,149,26,10,2,0,72,35,37,2,49,9,5878.0
4/11/20,3,27,5,24,3,14,49,5,115,11,6,18,41,15,96,15,13,1113,42,11,89,10,78,7,894,6,4,53,24,5,529,20,4,0,1,6,2,3,15,2,23,9,112,15,80,7,161,490,23,375,49,107,1,12,116,2,175,2,8,8,1,10,3,8,51,1,134,11,0,34,13,10,4,8,25,133,243,155,26,10,2,0,74,36,40,3,52,10,6250.0
4/12/20,3,33,5,26,3,14,50,6,117,13,6,20,41,15,105,16,16,1152,45,11,94,10,81,9,943,7,5,61,28,6,535,19,5,0,1,6,2,3,14,2,24,10,114,16,83,7,176,503,23,417,53,110,1,13,117,2,198,2,8,8,1,10,5,8,58,1,137,15,0,36,17,11,4,9,27,154,257,168,27,10,2,0,75,39,50,3,54,11,6602.0
4/13/20,3,37,5,31,3,14,53,5,121,14,6,20,39,16,114,16,17,1197,49,12,96,12,84,10,1012,7,8,68,30,6,558,19,8,0,1,7,2,3,14,2,24,10,117,17,86,8,184,514,24,443,91,112,1,13,121,2,201,2,9,8,2,11,5,8,83,1,144,16,1,43,19,12,4,9,27,167,262,174,28,11,2,0,76,41,54,3,54,12,6975.0
4/14/20,3,46,5,32,3,15,57,5,127,14,6,20,44,18,115,16,19,1239,50,12,99,14,90,12,1053,7,8,69,31,7,576,20,11,0,1,7,4,3,14,3,24,10,121,17,86,8,191,540,24,469,110,116,1,13,122,2,205,2,10,8,2,11,5,8,97,1,146,17,2,43,20,13,4,10,27,171,273,187,28,11,2,0,78,44,54,3,61,13,7285.0
4/15/20,3,51,6,36,3,18,58,8,133,14,6,21,49,23,123,16,23,1281,52,12,108,16,92,12,1102,8,8,82,31,10,594,23,11,0,2,7,4,3,14,3,24,10,124,17,88,8,203,596,24,486,164,122,2,13,125,2,211,2,14,8,3,12,5,8,172,1,158,20,4,44,21,13,4,11,27,176,294,199,28,11,2,0,85,47,56,6,64,14,7794.0
4/16/20,3,57,5,45,3,19,59,8,148,14,6,23,60,23,136,16,26,1331,55,12,114,19,96,12,1212,10,6,92,33,10,615,25,12,1,2,7,4,3,16,3,24,11,127,19,92,8,221,644,29,512,276,126,2,13,127,2,213,3,14,8,3,17,5,8,196,1,162,20,4,48,26,14,5,11,28,204,310,203,29,11,2,0,89,53,66,6,67,14,8414.0
4/17/20,3,65,5,54,3,21,63,8,155,15,6,25,66,26,154,16,28,1383,55,13,119,23,95,12,1320,13,6,96,33,10,658,27,13,2,3,7,4,3,16,3,24,11,130,20,94,12,245,682,27,547,428,130,2,13,129,2,222,3,16,8,3,21,5,8,253,1,166,21,13,50,28,16,5,11,28,210,323,213,31,12,2,0,93,55,72,6,73,16,9107.0
4/18/20,3,70,5,64,3,22,68,9,164,15,7,26,71,26,161,16,36,1453,55,13,119,27,97,13,1403,14,6,98,39,10,701,30,15,2,3,7,4,3,15,4,26,11,131,20,94,13,291,724,30,572,983,132,2,13,129,2,229,3,19,8,3,27,5,9,302,1,168,21,14,60,33,17,7,11,28,221,340,231,31,12,2,0,112,57,77,7,80,17,10222.0
4/19/20,3,79,6,66,3,22,68,9,166,15,8,25,72,26,167,16,41,1466,56,14,123,33,97,13,1513,17,6,100,38,11,718,29,17,2,3,7,4,3,16,5,28,11,133,21,102,13,294,789,30,589,1834,135,2,13,129,2,232,3,20,8,6,27,5,9,477,1,176,21,18,65,36,18,9,12,29,224,350,237,31,12,3,0,112,65,79,8,84,17,11602.0
4/20/20,3,84,5,68,3,23,73,9,180,16,8,26,72,26,182,16,37,1577,57,15,122,37,99,13,1510,16,6,105,39,12,735,30,17,2,3,7,4,4,20,4,30,13,135,21,100,13,303,823,30,604,2073,139,2,13,131,2,235,3,23,9,4,29,5,9,1246,2,180,24,21,64,29,17,6,13,28,237,370,249,32,13,3,0,116,65,81,8,84,17,12919.0
4/21/20,3,88,5,70,3,23,84,9,184,16,7,28,74,26,185,16,37,1653,58,15,127,37,101,13,1557,16,6,113,39,12,768,29,20,2,4,7,5,4,23,4,31,13,139,23,102,13,320,853,30,621,2132,142,2,13,133,2,237,3,24,9,3,32,5,10,1635,2,186,25,22,66,30,17,6,11,28,251,385,257,34,16,3,0,117,69,82,8,92,20,13725.0
4/22/20,4,94,5,80,3,28,93,10,192,18,7,28,73,26,195,16,36,1713,62,17,128,44,106,13,1598,18,6,117,39,15,785,30,20,2,4,8,5,4,25,4,31,13,145,22,103,14,332,878,30,635,2137,143,2,14,134,2,241,4,25,9,3,32,8,11,1658,2,197,25,24,68,30,17,6,11,30,266,415,261,38,16,3,0,118,73,85,16,98,21,14117.0
4/23/20,4,100,5,98,4,29,95,11,201,18,8,29,76,27,208,16,37,1768,62,17,132,43,109,13,1673,18,6,119,40,15,868,32,20,2,4,8,5,5,24,4,33,14,148,22,104,15,344,936,38,666,2161,148,2,16,134,2,250,4,25,10,3,34,7,11,1661,2,206,25,47,70,30,20,6,11,30,290,447,272,42,16,3,0,124,75,88,23,105,21,14694.0
4/24/20,4,108,5,103,3,29,98,11,208,19,8,30,77,27,214,16,38,1817,74,18,137,44,108,13,1768,18,6,126,40,15,932,34,21,2,4,8,6,5,25,4,33,15,154,22,105,16,366,985,47,688,2169,149,2,16,134,2,251,4,26,12,4,35,8,12,1659,2,213,25,49,73,35,20,6,12,30,294,460,278,42,17,3,0,128,80,91,28,122,24,15169.0
4/25/20,4,108,5,107,3,30,101,11,216,20,12,32,77,27,219,16,39,1867,75,19,138,47,110,13,1839,19,6,128,41,15,975,34,23,2,4,8,11,5,27,4,35,15,157,22,108,18,374,1033,51,721,2172,153,2,18,135,2,256,4,26,11,4,37,8,12,1662,3,214,25,51,77,35,20,6,12,30,303,475,287,48,18,3,0,131,93,100,27,132,24,15587.0
4/26/20,4,108,6,110,3,30,106,11,225,20,12,33,77,28,223,16,39,1902,75,19,143,47,114,13,1942,19,6,137,43,15,1005,34,23,4,4,9,14,5,28,4,37,15,157,23,108,18,377,1104,51,737,2178,160,2,18,135,2,260,4,34,11,5,37,8,13,1662,3,220,25,54,78,35,20,6,13,30,310,485,293,50,18,3,0,133,94,104,29,133,24,15972.0
4/27/20,4,103,6,110,3,31,114,11,234,19,12,43,76,28,228,16,41,1938,75,19,148,49,116,14,2005,19,6,146,45,15,1048,35,22,4,4,10,16,5,29,4,39,15,158,24,110,18,395,1130,52,764,2188,159,2,18,136,2,262,4,34,11,5,37,8,12,1698,3,221,25,54,76,36,19,6,14,30,312,500,295,57,18,3,0,124,94,114,29,139,24,16325.0
4/28/20,4,103,6,113,3,32,118,11,254,19,14,48,78,28,235,17,41,1984,75,20,151,52,121,15,2090,20,6,148,45,15,1091,37,24,4,5,10,16,5,30,4,42,15,160,24,114,18,406,1166,56,784,2191,162,2,18,136,2,266,4,36,10,5,38,8,13,1706,3,226,25,63,80,36,19,6,14,30,324,542,299,59,18,3,3,131,95,119,31,145,24,16769.0
4/29/20,5,116,6,116,3,32,128,11,261,19,14,51,81,29,247,17,45,2030,76,20,153,54,129,15,2216,21,6,153,46,15,1150,37,24,4,5,11,16,5,30,4,43,16,165,24,115,18,418,1208,60,804,2196,165,2,18,138,3,279,4,41,10,5,37,8,12,1722,3,230,27,64,80,37,23,8,14,30,333,584,305,60,19,3,5,134,95,125,33,154,25,17303.0
4/30/20,4,121,7,126,3,32,144,11,281,21,14,57,88,29,253,17,45,2126,76,20,160,56,137,15,2441,22,6,154,46,15,1218,37,25,4,5,11,18,6,29,4,43,16,168,24,118,18,452,1251,63,828,2196,167,2,21,139,3,285,4,42,12,5,38,8,12,1732,3,236,27,67,81,39,27,10,14,30,347,608,308,74,22,3,6,146,98,128,34,164,24,18027.0
5/1/20,5,121,7,136,4,33,153,11,296,21,14,57,93,31,267,17,48,2217,76,20,163,56,138,16,2589,24,6,155,46,15,1297,37,25,4,5,10,18,6,29,4,43,16,170,24,121,18,471,1297,64,853,2276,171,2,26,142,3,293,4,45,15,5,40,8,12,1731,3,237,27,68,85,39,28,11,14,30,363,639,318,94,22,3,6,160,99,143,36,174,24,18743.0
5/2/20,5,123,8,142,4,34,156,11,318,21,14,63,99,31,274,17,50,2305,76,20,168,58,140,17,2698,24,6,159,48,16,1353,38,26,5,5,10,19,6,31,4,43,18,170,25,122,19,480,1331,64,883,2294,172,2,28,143,4,311,4,75,17,5,40,8,13,1724,3,243,27,69,89,40,32,11,14,30,379,679,324,109,22,3,6,166,100,149,36,183,24,19335.0
5/3/20,5,124,9,146,4,35,163,11,328,21,15,67,101,31,278,17,52,2338,77,20,175,58,150,20,2905,24,6,163,48,19,1380,38,26,6,5,10,19,6,31,5,45,18,172,25,125,19,490,1376,67,937,2329,172,3,29,143,3,316,4,75,17,5,40,8,13,1729,3,247,27,69,90,41,34,12,14,30,398,701,331,118,24,3,6,168,102,153,36,187,24,19914.0
5/4/20,5,133,9,149,4,35,174,12,334,21,14,70,103,31,287,17,56,2398,77,20,179,60,152,20,2988,26,6,169,49,19,1434,39,26,6,5,11,19,6,32,5,45,19,173,24,130,19,503,1429,71,961,2332,175,3,33,144,4,320,5,75,18,5,40,8,13,1828,3,251,27,71,90,41,36,12,14,30,405,716,347,126,25,3,6,172,103,161,41,193,24,20474.0
5/5/20,5,135,9,160,4,36,181,13,346,21,15,69,109,31,292,17,57,2428,77,21,184,67,155,21,3097,29,6,172,50,19,1480,39,26,6,6,11,19,6,33,6,46,19,176,24,133,19,510,1478,73,998,2335,177,3,38,144,4,328,5,83,21,5,44,8,13,1831,4,254,27,71,91,42,41,13,14,30,414,751,356,133,26,3,8,178,105,166,42,203,24,20969.0
5/6/20,5,139,12,165,4,36,201,13,361,21,15,71,110,31,297,17,60,2542,79,21,190,71,158,21,3237,30,6,181,50,20,1527,39,26,6,6,11,20,6,34,7,48,20,180,24,137,19,518,1527,73,1024,2347,184,3,42,144,4,332,5,83,22,6,44,8,13,1836,4,262,27,71,92,42,40,13,14,30,427,787,363,144,26,3,8,179,106,173,42,210,24,21576.0
5/7/20,5,138,12,169,4,36,205,16,372,21,16,74,110,32,311,18,65,2591,79,21,196,75,162,23,3377,30,6,184,52,20,1572,39,26,6,6,11,20,7,34,7,49,20,187,24,146,23,528,1583,73,1044,2350,185,3,42,145,5,345,5,83,23,5,44,8,13,1841,4,265,27,73,94,44,41,15,14,31,450,831,371,153,28,3,9,188,111,177,43,212,25,22131.0
5/8/20,5,139,12,172,4,42,216,16,404,23,16,80,120,33,313,19,69,2668,82,21,199,78,171,23,3615,30,6,187,52,20,1664,39,27,6,8,11,20,7,37,7,50,20,192,24,150,23,537,1665,78,1087,2366,190,3,62,176,8,356,5,84,24,5,45,8,13,1842,4,272,27,75,103,49,47,13,14,31,464,867,392,168,28,3,10,191,111,183,44,220,26,23016.0
5/9/20,6,144,14,190,5,42,229,16,436,23,17,90,122,33,319,19,71,2755,84,26,211,79,177,27,3710,30,6,189,53,21,1731,39,27,6,8,12,20,7,38,7,54,20,194,24,162,23,543,1710,81,1104,2381,193,3,66,244,8,369,5,84,25,6,46,9,13,1844,5,274,28,76,113,48,48,13,14,31,479,880,404,196,28,3,11,202,113,188,44,222,27,23697.0
5/10/20,6,144,14,192,6,42,234,17,452,23,18,93,123,34,325,19,72,2795,84,26,220,80,177,26,3777,31,6,189,59,21,1757,39,28,6,8,12,20,8,38,8,54,20,197,25,162,23,548,1757,83,1119,2387,194,3,67,268,10,390,5,84,25,5,46,9,14,1845,5,276,28,76,118,51,49,13,14,31,500,892,406,211,28,3,11,206,114,186,44,224,26,24081.0
5/11/20,6,146,15,193,6,43,258,17,479,24,19,98,125,35,336,19,77,2861,89,26,222,83,178,23,3881,31,6,191,63,21,1823,39,28,6,9,12,22,8,38,8,56,20,199,25,164,23,554,1806,84,1144,2404,195,3,84,313,19,422,5,87,27,5,47,9,14,1933,5,280,28,76,121,53,52,13,14,32,511,915,408,216,28,3,12,209,114,186,44,225,26,24777.0
5/12/20,6,154,15,199,6,46,266,20,496,24,19,104,125,35,343,19,79,2908,90,25,232,85,188,23,4002,32,6,195,67,21,1859,39,28,7,10,14,22,8,39,8,56,20,203,25,172,23,560,1836,87,1150,2412,203,3,86,314,22,433,5,87,31,5,49,9,14,1955,5,275,28,77,130,55,53,13,14,33,515,930,413,223,28,3,15,213,114,190,44,229,26,25250.0
5/13/20,6,155,15,208,6,47,276,21,509,24,21,114,129,36,354,19,86,2979,93,25,234,86,191,23,4113,32,6,198,68,21,1886,40,29,8,10,14,28,8,39,9,56,20,206,26,175,23,569,1858,88,1163,2419,205,3,90,316,25,442,5,91,32,5,52,10,14,1958,5,280,28,77,135,55,53,13,14,33,526,946,420,229,28,3,15,237,115,192,44,229,27,25721.0
5/14/20,7,164,15,212,6,51,296,21,542,24,20,122,136,37,367,19,89,3066,95,25,240,86,198,23,4227,32,6,206,70,22,1927,42,30,8,10,14,29,10,40,9,58,20,210,27,180,23,576,1883,93,1174,2431,207,3,109,317,28,468,5,93,31,5,56,10,15,1990,5,284,28,77,143,56,54,13,15,34,538,976,432,235,28,3,15,252,116,194,44,233,27,26357.0
5/15/20,8,164,15,223,8,54,300,22,558,24,22,131,144,38,397,20,92,3156,102,25,241,88,203,28,4330,34,6,212,73,22,1961,44,29,9,10,14,31,10,39,10,59,21,214,27,182,24,585,1921,95,1185,2436,210,3,115,326,53,489,5,97,31,5,57,11,15,2005,5,289,28,80,150,58,56,13,15,35,548,989,440,246,30,3,16,259,116,198,46,237,29,26954.0
5/16/20,8,165,15,229,8,54,318,22,578,24,23,138,149,39,415,20,94,3223,111,25,257,97,203,30,4420,34,7,220,75,24,2007,45,30,9,10,14,59,10,40,11,59,21,219,27,184,24,589,1945,98,1199,2449,212,3,121,327,53,500,5,97,34,5,65,11,15,2011,5,290,28,80,155,58,56,14,15,34,553,995,447,258,31,4,16,269,116,200,47,241,29,27474.0
5/17/20,8,167,15,232,8,54,328,22,591,25,23,139,152,39,420,19,94,3321,118,25,258,102,205,31,4493,34,7,220,75,24,2047,45,30,9,10,16,61,11,41,11,61,22,224,27,185,23,595,1960,98,1212,2500,216,3,133,332,55,504,5,97,35,5,65,11,15,2018,5,292,29,82,159,58,56,14,15,34,558,1004,450,264,35,4,16,275,116,201,47,249,29,27923.0
5/18/20,8,168,15,232,9,55,341,23,610,26,23,148,152,40,434,20,97,3410,121,27,263,121,208,32,4574,35,7,221,78,25,2082,46,30,9,10,15,61,13,42,11,61,22,226,27,190,24,605,1986,99,1226,2513,224,3,141,332,56,520,5,98,36,5,66,11,15,2021,5,296,30,84,161,58,57,14,15,34,595,1028,461,269,37,5,16,283,116,202,47,257,30,28454.0
5/19/20,8,171,15,244,13,55,343,23,639,26,23,155,156,41,453,21,98,3463,126,28,266,124,215,31,4706,35,7,226,78,26,2138,46,30,10,12,15,61,13,43,11,61,23,231,27,190,24,610,1999,100,1247,2524,229,3,148,332,56,531,5,101,38,5,64,11,16,2025,6,297,30,84,165,59,62,14,15,34,610,1042,469,272,36,5,16,285,116,206,47,257,31,28952.0
5/20/20,8,172,17,250,13,57,352,23,671,26,25,166,160,43,457,22,101,3512,134,30,277,124,217,32,4793,35,8,231,85,28,2167,46,30,10,12,16,63,15,44,11,62,23,235,28,197,25,620,2021,102,1252,2540,237,3,162,337,59,539,5,104,40,5,64,12,15,2029,6,298,30,84,166,60,63,14,16,35,620,1077,478,281,37,4,16,292,116,209,48,254,33,29436.0
5/21/20,8,176,17,263,13,55,362,23,699,26,25,178,167,43,467,22,103,3667,142,30,280,131,222,33,4885,35,7,241,86,29,2228,47,33,10,13,16,63,15,46,11,62,23,246,27,199,32,624,2056,105,1277,2557,245,4,163,337,65,554,5,104,42,5,66,12,16,2031,6,303,30,84,170,60,63,14,16,35,642,1141,499,293,40,5,17,309,116,211,47,259,33,30167.0
5/22/20,8,178,17,272,13,56,374,24,734,28,26,184,170,43,476,23,104,3762,146,32,282,133,229,34,4996,35,7,248,86,29,2279,47,37,10,13,16,64,20,48,11,62,23,252,28,200,33,626,2071,128,1295,2581,258,5,170,337,71,561,5,103,43,5,66,12,17,2033,6,308,30,84,178,61,63,14,16,36,655,1183,507,301,40,5,18,310,116,242,48,261,33,30794.0
5/23/20,8,184,17,274,13,58,381,24,750,28,26,195,177,43,477,24,104,3851,147,32,292,137,233,34,5097,35,7,250,92,30,2349,48,38,10,14,18,64,22,49,11,62,23,263,28,201,38,637,2087,132,1317,2608,274,6,178,346,71,578,5,104,44,5,87,13,17,2038,6,309,30,85,179,62,65,14,17,37,670,1204,514,306,42,5,19,319,116,248,51,269,36,31408.0
5/24/20,8,189,17,277,14,59,384,24,776,28,26,206,181,43,478,24,104,3927,151,32,296,155,240,34,5188,36,7,256,93,31,2403,48,40,10,14,18,65,25,52,11,62,23,267,28,204,37,641,2107,133,1334,2617,288,6,184,348,71,593,5,104,45,5,90,13,18,2042,6,310,31,85,183,63,65,15,18,40,682,1220,525,312,43,5,19,328,117,248,51,274,36,31911.0
5/25/20,8,191,18,281,14,64,390,25,802,28,26,223,188,43,609,24,104,3963,153,32,300,157,240,37,5310,36,7,257,93,31,2458,48,41,10,15,18,65,27,55,11,62,23,268,28,207,37,648,2126,134,1341,2619,302,6,190,348,71,605,5,104,45,5,91,13,18,2043,6,314,30,87,186,66,68,15,19,41,685,1236,529,318,45,5,19,336,117,250,52,276,36,32477.0
5/26/20,8,191,19,283,18,64,402,25,817,28,27,225,193,43,657,26,106,4060,156,32,302,159,246,37,5414,35,7,258,94,32,2492,48,41,10,15,19,69,28,55,12,63,23,282,28,214,37,653,2152,141,1347,2623,307,6,200,351,73,609,5,104,45,5,92,13,18,2046,6,316,30,87,187,66,70,15,19,40,697,1277,540,321,46,6,19,340,117,252,52,277,36,33006.0
5/27/20,8,201,19,316,18,64,403,25,826,29,27,231,197,43,682,34,110,4137,156,33,302,163,248,37,5486,36,7,261,98,33,2523,48,41,10,15,19,69,29,55,12,65,23,287,28,218,37,659,2162,144,1367,2628,310,6,201,351,74,617,5,104,46,5,94,13,18,2046,6,313,31,87,189,67,70,15,19,40,700,1315,544,326,46,6,19,344,118,256,52,280,37,33439.0
5/28/20,8,206,19,324,18,65,412,28,847,30,27,234,202,43,684,37,110,4211,162,33,310,165,251,39,5566,37,7,272,101,34,2555,51,42,10,15,22,69,29,56,13,66,23,290,29,222,37,667,2178,148,1397,2642,313,6,201,352,75,637,5,104,48,5,93,13,18,2048,6,318,33,88,193,67,72,15,20,40,705,1335,551,337,49,6,19,351,118,260,51,282,38,33915.0
5/29/20,9,212,20,330,18,71,419,28,862,30,27,252,206,43,739,38,110,4318,167,33,320,167,258,40,5674,39,7,277,101,34,2603,50,45,10,15,23,69,32,56,13,67,24,302,30,230,37,672,2202,152,1405,2657,328,6,203,355,77,651,5,105,50,6,95,14,18,2050,6,322,35,90,197,68,73,15,20,40,716,1380,562,339,51,6,19,359,118,266,54,285,39,34566.0
5/30/20,9,211,20,338,18,73,428,28,874,30,27,277,206,43,743,38,114,4369,167,33,331,171,259,40,5773,40,9,282,101,35,2642,50,60,10,15,23,69,34,57,14,67,25,306,30,243,38,678,2241,152,1428,2660,337,6,210,355,78,656,5,107,50,6,99,14,18,2050,6,323,35,91,199,71,73,15,20,41,723,1390,569,342,51,6,21,366,118,272,54,287,40,35033.0
5/31/20,10,212,20,339,18,73,429,29,893,31,28,285,211,43,793,40,114,4444,170,34,337,172,267,40,5862,41,8,284,101,35,2672,50,61,10,15,25,69,39,58,14,67,25,308,30,248,39,687,2267,156,1431,2666,337,6,211,357,78,663,5,107,52,6,99,14,18,2074,6,325,37,92,200,71,79,16,20,43,727,1420,573,343,52,6,21,373,118,274,55,294,41,35513.0
6/1/20,10,212,20,340,18,72,435,29,909,31,28,295,213,43,875,40,115,4508,174,34,337,175,280,40,5933,44,8,286,103,36,2698,50,61,10,16,25,69,43,60,14,67,25,309,30,249,39,692,2277,155,1438,2668,346,6,216,358,79,684,5,107,52,6,103,14,18,2086,8,327,39,93,201,72,81,18,20,43,736,1453,582,349,52,6,21,378,118,277,55,295,42,35984.0
6/2/20,10,212,20,340,18,75,438,28,919,31,28,298,215,43,881,41,116,4581,181,34,340,178,301,40,5996,44,8,292,102,36,2721,51,61,10,16,26,70,45,60,14,66,25,309,30,258,40,702,2282,157,1456,2674,356,6,217,361,79,688,5,107,52,6,103,14,19,2092,8,329,39,93,205,73,82,17,21,43,743,1475,584,352,52,7,21,383,118,281,55,300,45,36350.0
6/3/20,10,214,21,345,18,76,439,30,933,31,28,306,216,45,889,40,117,4669,184,34,344,182,310,40,6112,45,8,295,102,36,2739,51,64,10,17,26,70,46,60,14,67,25,318,30,265,40,709,2296,162,1463,2679,366,6,220,362,79,695,5,107,52,6,102,14,19,2095,9,332,39,95,209,73,85,17,24,46,752,1487,584,360,55,7,21,390,118,288,56,303,44,36792.0
6/4/20,11,219,21,347,18,77,447,30,948,34,28,313,218,45,891,45,118,4732,189,34,355,185,314,41,6216,45,8,300,105,38,2767,53,71,10,17,26,70,54,61,14,67,25,320,31,267,43,722,2313,163,1466,2686,376,6,223,366,80,720,5,108,54,6,104,14,19,2096,9,333,39,95,216,73,85,17,26,46,782,1505,594,367,55,7,21,398,118,293,56,304,48,37282.0
6/5/20,11,221,23,369,18,77,449,31,975,35,28,323,219,47,894,48,118,4789,190,34,360,184,318,41,6323,45,8,303,106,38,2811,53,73,10,17,29,70,57,61,15,67,25,325,30,271,43,730,2329,164,1486,2688,376,6,227,367,80,734,5,108,56,6,107,14,19,2099,9,335,39,95,222,73,91,18,26,47,803,1529,600,371,56,7,21,407,118,296,58,306,48,37758.0
6/6/20,11,222,24,372,18,78,450,31,985,36,29,336,224,47,894,48,118,4827,191,35,366,184,321,42,6406,45,9,306,108,41,2831,54,73,10,19,29,71,60,62,15,68,26,327,30,275,43,737,2340,164,1502,2689,382,6,230,373,80,766,6,108,56,6,109,14,20,2099,9,338,39,96,223,73,94,18,27,47,813,1540,607,376,58,8,20,413,118,296,58,308,48,38111.0
6/7/20,11,222,24,372,18,78,451,31,999,36,33,355,227,47,896,48,120,4858,193,36,368,189,326,42,6512,46,9,309,111,42,2860,56,73,10,18,29,71,68,63,15,68,28,331,30,277,44,747,2348,166,1511,2691,387,6,233,374,80,791,6,108,56,6,109,14,20,2106,9,339,39,97,231,74,95,18,27,49,817,1548,612,378,58,8,20,419,118,298,58,307,48,38476.0
6/8/20,11,224,24,374,18,80,453,31,1013,36,34,371,232,48,899,48,121,4910,193,37,369,190,333,43,6586,50,9,313,114,43,2891,58,76,10,19,30,74,69,63,15,69,29,334,30,280,46,755,2354,167,1516,2694,388,6,237,375,81,817,6,108,57,6,109,14,20,2108,9,341,39,97,232,74,97,19,27,49,821,1571,616,381,58,8,21,427,118,300,58,308,48,38837.0
6/9/20,11,227,25,375,18,80,455,32,1034,36,35,377,234,48,901,48,121,4939,194,38,378,191,336,43,6667,51,9,317,120,44,2918,60,77,10,19,30,73,69,64,16,69,29,337,30,284,46,757,2372,167,1522,2695,390,6,237,376,81,835,6,108,57,6,112,14,21,2109,9,344,39,98,232,75,98,19,28,49,827,1592,618,382,61,8,21,443,118,301,58,308,48,39162.0
6/10/20,12,229,26,377,22,81,460,32,1045,36,34,384,237,49,903,48,121,5011,195,39,384,191,342,43,6741,52,9,327,122,44,2975,60,78,10,19,31,73,72,64,16,69,29,337,30,285,46,762,2390,167,1529,2697,394,6,239,379,83,847,6,108,55,6,111,14,21,2110,9,346,40,99,234,77,102,19,28,49,839,1621,620,389,61,8,21,461,118,302,58,312,48,39575.0
6/11/20,12,233,26,382,23,82,462,36,1048,36,34,394,235,50,911,49,123,5057,210,40,387,191,348,44,6844,52,9,331,129,44,3011,61,87,10,19,33,73,74,71,16,69,30,338,32,287,47,772,2394,167,1563,2699,394,6,242,380,83,874,6,110,55,6,111,14,22,2121,10,348,40,100,238,78,102,19,29,49,845,1623,625,392,62,9,21,473,117,304,58,314,49,40004.0
6/12/20,12,232,26,381,23,84,463,37,1065,36,34,400,236,52,914,50,122,5112,220,40,389,191,353,44,6918,52,9,331,132,44,3078,61,87,10,19,32,73,84,72,16,69,31,344,32,297,47,779,2411,168,1576,2701,397,6,244,382,83,901,6,110,56,6,114,14,22,2115,9,352,41,100,242,79,102,19,29,49,847,1638,642,397,62,10,21,497,117,304,58,316,48,40424.0
6/13/20,14,238,28,382,23,84,466,38,1080,37,34,403,237,52,916,51,122,5144,222,40,394,209,360,44,7030,52,9,331,133,44,3130,61,92,10,20,33,73,87,74,16,70,31,346,32,305,48,786,2419,168,1586,2704,397,6,244,384,83,934,6,110,57,6,116,14,23,2123,9,352,42,101,246,79,102,21,29,49,855,1655,652,398,62,10,22,508,118,304,58,320,48,40851.0
6/14/20,15,240,28,385,23,85,467,39,1090,37,34,409,238,53,917,51,122,5175,222,40,398,210,364,45,7076,53,9,334,135,44,3185,61,93,10,20,34,73,87,77,16,70,31,347,32,312,48,794,2428,168,1595,2706,397,6,245,386,82,969,6,110,57,6,117,14,23,2125,9,353,43,101,249,79,103,21,29,49,863,1666,656,399,62,13,22,512,118,306,58,321,48,41148.0
6/15/20,15,241,28,390,23,85,469,38,1103,37,35,425,240,54,920,51,123,5220,222,40,402,213,370,45,7202,53,9,337,143,44,3250,61,93,10,20,34,73,90,77,16,71,32,348,34,314,48,804,2457,168,1600,2706,398,6,246,388,82,992,6,110,58,6,118,16,23,2126,9,353,44,101,252,79,104,21,29,49,870,1675,658,405,62,14,22,517,118,308,59,321,48,41576.0
6/16/20,17,241,29,392,23,86,469,38,1120,37,36,460,244,54,921,52,123,5271,222,40,403,215,374,45,7289,53,9,342,151,44,3316,61,94,11,20,34,73,92,79,16,71,33,350,35,317,48,807,2460,168,1607,2712,400,7,247,388,82,1026,6,110,58,6,118,17,24,2125,9,354,44,101,253,81,104,21,29,49,881,1706,665,406,62,14,22,525,118,311,59,329,49,42010.0
6/17/20,17,242,31,397,24,86,472,39,1129,37,36,502,252,54,923,53,122,5336,223,40,403,215,387,45,7365,53,9,344,150,44,3374,61,96,11,20,35,73,92,81,16,71,33,354,37,321,48,814,2462,169,1606,2712,402,8,253,392,82,1058,6,110,60,6,118,17,24,2128,11,359,45,101,257,81,104,21,30,50,891,1712,675,405,63,14,22,532,118,313,59,329,50,42422.0
6/18/20,18,246,37,402,24,87,472,40,1153,37,37,568,256,54,940,54,122,5404,227,40,410,215,392,45,7487,53,9,349,156,44,3508,62,105,11,21,35,73,101,95,16,71,33,356,40,324,48,822,2468,170,1619,2713,404,9,253,393,82,1118,6,110,61,6,118,17,25,2131,12,364,46,102,260,82,106,21,30,50,908,1722,682,408,67,14,22,549,119,316,59,331,50,43122.0
6/19/20,18,247,37,406,24,89,476,41,1166,38,37,606,266,54,954,56,122,5481,227,40,412,216,398,45,7590,53,9,353,158,44,3634,62,106,11,21,37,73,109,96,16,74,33,358,42,329,48,825,2478,172,1632,2715,406,9,255,397,82,1174,6,110,61,6,118,18,25,2135,12,366,49,103,266,82,109,21,30,51,918,1735,693,409,69,15,22,559,119,321,59,332,55,43731.0
6/20/20,18,248,39,402,24,89,477,43,1194,39,37,639,275,54,956,59,122,5555,228,42,419,217,404,45,7694,53,9,355,165,44,3744,62,107,11,22,37,73,111,97,16,74,33,364,42,330,48,831,2483,174,1639,2715,407,9,257,399,82,1214,6,110,63,6,118,18,26,2137,13,367,50,103,269,84,109,21,31,51,927,1743,698,416,71,16,22,571,119,323,59,333,55,44261.0
6/21/20,18,251,39,407,25,90,484,43,1201,41,37,653,279,55,961,60,122,5633,227,42,427,217,409,45,7794,53,9,357,169,45,3829,62,107,11,23,39,73,127,110,16,74,34,367,44,331,48,843,2490,174,1654,2715,413,9,258,400,82,1263,6,110,64,6,119,18,26,2139,14,369,51,105,271,84,109,21,31,51,942,1756,711,429,71,16,22,584,119,327,59,334,55,44808.0
6/22/20,19,253,40,410,25,90,493,45,1223,42,37,670,287,55,975,60,122,5734,228,42,433,218,414,45,7915,53,9,361,175,46,4020,63,107,11,23,39,74,136,122,16,74,34,369,45,337,50,854,2511,175,1665,2713,416,9,257,405,82,1292,6,110,65,6,122,19,26,2141,17,369,52,105,277,85,110,22,31,52,957,1780,726,436,71,16,22,594,120,330,60,337,55,45537.0
6/23/20,19,255,44,411,26,91,500,45,1248,42,37,688,288,55,983,60,125,5820,228,43,439,218,426,45,8029,54,9,363,177,46,4098,64,107,11,23,39,74,152,127,16,74,34,373,48,340,50,867,2516,176,1669,2713,426,9,258,410,83,1345,6,110,67,6,122,21,26,2144,17,371,51,105,280,86,110,27,32,52,960,1796,742,444,73,18,22,614,120,332,60,342,55,46127.0
6/24/20,19,257,45,412,28,91,506,47,1269,43,37,697,294,55,984,64,125,5964,228,43,441,219,433,45,8144,54,9,369,183,47,4189,65,107,12,23,39,74,162,129,16,74,34,381,52,344,50,878,2527,177,1680,2714,434,9,259,411,83,1392,6,110,69,6,123,21,26,2148,17,379,51,106,285,87,110,28,31,52,963,1809,756,449,73,19,22,629,120,338,60,344,55,46759.0
6/25/20,20,261,46,413,29,93,516,50,1301,46,37,703,300,55,1033,64,126,6111,230,43,449,221,438,45,8310,54,9,372,187,49,4337,68,108,12,23,39,75,169,144,17,75,36,390,55,351,51,889,2534,179,1682,2717,441,10,259,413,83,1465,6,111,71,6,124,22,26,2150,19,382,55,107,296,89,112,28,31,55,977,1839,771,454,73,20,22,649,120,343,60,345,55,47651.0
6/26/20,20,264,45,412,29,96,519,51,1322,46,37,712,307,56,1087,66,127,6287,231,43,458,223,448,45,8511,56,10,378,189,51,4491,69,108,12,24,42,76,176,147,17,76,37,393,55,358,52,901,2538,181,1695,2717,451,10,265,418,85,1527,7,111,72,7,126,22,26,2157,20,395,57,109,300,96,114,31,31,55,990,1863,788,462,74,21,22,698,122,346,62,350,57,48638.0
6/27/20,20,265,45,412,30,96,521,52,1350,47,37,722,319,56,1093,67,129,6429,233,44,461,225,458,45,8694,56,10,379,193,51,4661,71,111,12,26,43,76,184,153,17,76,38,405,57,371,54,912,2549,182,1705,2719,460,11,265,421,85,1553,7,113,73,8,127,22,26,2162,20,400,57,110,306,97,114,33,31,55,1008,1884,800,475,76,21,22,708,122,348,63,354,57,49455.0
6/28/20,20,269,46,415,30,98,523,53,1371,48,37,727,327,60,1197,70,130,6571,233,45,471,225,470,45,8840,57,10,382,194,58,4794,69,111,12,27,43,76,190,159,17,76,38,415,59,381,56,925,2567,184,1720,2721,464,11,266,425,85,1603,7,113,74,9,127,22,26,2164,20,407,59,112,310,100,115,34,31,56,1016,1896,809,486,77,21,22,725,122,350,63,363,57,50309.0
6/29/20,21,284,51,419,32,98,524,53,1388,50,37,728,336,60,1202,75,132,6694,233,45,482,226,476,46,8982,57,11,383,201,59,4922,72,111,12,28,42,76,197,165,17,76,38,422,60,396,56,937,2584,185,1736,2724,469,11,266,431,85,1646,7,114,73,9,127,22,28,2169,20,409,60,113,312,105,120,34,32,58,1026,1920,824,498,77,23,22,731,124,352,63,368,57,51046.0
6/30/20,21,293,53,420,33,99,528,52,1405,51,37,729,347,61,1205,76,135,6831,234,45,494,228,481,46,9148,57,14,387,208,59,5010,76,111,12,29,42,76,202,170,17,76,39,433,63,404,58,947,2600,187,1741,2726,480,11,270,437,85,1704,9,114,73,9,129,23,30,2170,20,412,62,113,314,107,122,35,33,58,1042,1953,834,507,77,24,22,738,124,353,65,376,58,51789.0
7/1/20,21,297,55,421,37,99,534,53,1448,51,38,739,356,62,1209,81,135,7013,236,48,518,229,503,46,9338,57,14,390,222,60,5224,76,113,12,29,43,76,204,177,17,80,39,443,65,416,58,962,2628,188,1752,2731,491,11,272,442,86,1784,9,115,73,11,130,23,30,2176,20,418,66,115,318,109,122,36,33,59,1052,1969,863,515,80,27,22,757,127,354,65,384,58,52865.0
7/2/20,21,297,55,421,37,99,534,53,1448,51,38,739,356,62,1209,81,135,7013,236,48,518,229,503,46,9338,57,14,390,222,60,5224,76,113,12,29,43,76,204,177,17,80,39,443,65,416,58,962,2628,188,1752,2731,491,11,272,442,86,1784,9,115,73,11,130,23,30,2176,20,418,66,115,318,109,122,36,33,59,1052,1969,863,515,80,27,22,757,127,354,65,384,58,52865.0
7/3/20,22,305,58,425,43,104,543,54,1511,58,39,761,390,66,1288,90,134,7392,245,49,541,234,529,46,9825,61,14,399,244,67,5605,78,120,12,29,44,78,220,199,18,83,45,480,67,442,58,983,2669,192,1805,2730,506,11,278,455,88,1918,11,116,76,11,139,23,32,2184,22,428,70,126,325,113,126,38,33,64,1079,2079,916,529,80,32,22,814,130,359,68,404,58,55257.0
7/4/20,23,308,58,431,49,106,544,56,1547,58,39,765,394,68,1295,94,135,7571,246,50,553,236,543,46,10023,61,16,400,248,68,5770,78,120,12,29,44,78,226,211,22,87,48,492,68,466,58,997,2700,193,1818,2730,508,12,280,455,88,1931,11,116,81,11,143,23,32,2188,23,432,73,127,332,118,127,38,33,65,1091,2110,925,541,82,34,22,823,131,360,69,412,58,56183.0
7/5/20,22,315,59,433,56,106,546,56,1576,59,40,765,400,68,1303,97,135,7724,248,50,568,242,559,46,10271,61,17,405,251,70,5924,78,123,12,29,45,78,231,215,23,87,51,497,70,477,62,1021,2723,195,1825,2732,516,12,281,463,89,1981,11,116,83,11,143,23,34,2191,23,440,73,128,337,124,134,38,33,68,1107,2131,939,552,85,34,22,839,132,362,70,421,58,57150.0
7/6/20,24,321,59,435,59,107,549,57,1599,59,40,766,414,68,1307,111,135,7883,251,51,582,244,572,46,10410,61,18,407,258,74,6019,79,123,12,30,45,78,236,220,23,88,51,500,71,493,62,1035,2752,197,1832,2734,523,12,282,466,89,2034,11,116,83,11,149,25,35,2197,23,442,73,128,345,127,136,41,34,68,1123,2143,967,567,86,35,22,860,135,363,71,428,59,57956.0
7/7/20,24,323,60,436,63,107,554,58,1637,59,41,772,422,68,1306,127,136,8048,253,51,588,246,585,46,10587,62,18,408,276,74,6158,79,123,12,30,45,78,239,223,24,91,52,508,72,496,64,1051,2788,199,1849,2734,536,12,287,472,89,2134,11,117,86,11,150,26,35,2201,24,449,78,129,347,130,137,45,34,69,1133,2175,974,568,89,38,22,881,135,363,72,436,59,58904.0
7/8/20,24,328,62,437,79,107,555,59,1674,60,44,780,431,68,1309,130,136,8277,253,53,617,250,605,48,10879,63,20,414,287,76,6287,83,123,12,32,46,79,245,228,26,92,53,529,74,520,65,1064,2836,202,1861,2736,543,12,290,475,89,2201,11,118,89,11,160,26,37,2205,24,461,80,132,351,132,138,54,35,70,1156,2241,997,585,92,42,22,895,140,365,72,452,60,60181.0
7/9/20,24,338,62,438,91,109,558,59,1721,60,46,784,436,70,1324,132,137,8518,253,54,645,260,614,51,11122,65,20,415,300,76,6396,84,123,12,32,47,79,252,234,27,95,53,551,79,536,66,1073,2859,206,1885,2737,548,12,294,486,89,2283,11,120,92,13,161,27,40,2206,27,477,81,133,359,136,142,56,36,72,1171,2269,1014,590,92,43,22,918,142,367,72,461,61,61331.0
7/10/20,25,348,63,445,111,109,567,60,1767,64,51,793,453,79,1350,141,138,8786,253,53,675,267,643,55,11433,66,20,425,322,79,6563,85,123,12,33,49,80,257,238,27,105,53,570,82,560,68,1097,2889,213,1907,2740,566,12,295,503,89,2378,12,121,96,13,166,28,41,2216,27,487,82,134,363,139,157,65,40,74,1196,2299,1032,601,93,45,23,945,144,372,74,474,62,62856.0
7/11/20,26,356,67,447,139,109,569,61,1821,67,51,800,473,81,1378,142,138,8979,256,53,698,271,667,55,11724,67,20,425,343,82,6781,86,123,13,33,50,80,259,240,28,109,53,589,83,568,71,1120,2952,216,1928,2745,582,13,299,506,89,2440,11,120,100,14,173,30,44,2222,28,492,90,137,371,144,160,67,41,74,1214,2327,1045,604,93,47,23,977,146,372,76,488,63,64214.0
7/12/20,26,366,68,448,167,111,570,63,1863,70,55,816,497,89,1385,142,141,9208,259,54,724,286,692,55,12035,67,21,428,346,81,6950,86,123,14,35,53,81,261,247,30,115,55,609,86,583,71,1152,3007,222,1948,2748,589,13,302,510,89,2513,11,121,104,14,193,32,46,2227,29,502,91,142,378,148,169,71,41,75,1225,2351,1053,609,102,49,23,1009,146,373,76,494,63,65592.0
7/13/20,28,385,69,452,192,112,573,62,1897,71,57,820,515,91,1395,143,140,9359,261,55,763,301,719,58,12301,68,21,431,365,82,7046,87,125,13,37,58,83,262,260,31,127,57,627,92,600,71,1189,3079,225,1971,2755,599,13,304,514,89,2579,12,127,106,14,217,34,48,2229,29,509,96,145,390,150,176,77,44,77,1244,2382,1066,621,115,49,23,1018,147,376,77,510,66,66853.0
7/14/20,28,391,78,452,201,112,572,62,1942,71,60,832,532,92,1405,155,140,9509,261,56,784,308,751,58,12574,71,21,436,380,83,7179,92,125,13,38,58,84,264,264,32,132,59,643,93,619,73,1208,3110,230,1996,2757,614,13,304,520,89,2647,13,129,106,14,219,35,50,2235,29,507,96,146,392,154,180,80,43,78,1252,2420,1071,628,119,50,23,1068,149,378,77,515,66,67995.0
7/15/20,30,399,87,453,220,113,572,64,1975,72,61,840,552,97,1411,155,140,9784,262,58,806,317,773,58,12823,72,24,447,385,83,7279,98,126,13,38,58,90,267,271,33,135,61,661,97,640,75,1226,3162,233,2007,2759,633,15,307,536,89,2724,13,130,110,14,235,38,52,2246,31,518,97,148,403,158,186,87,44,77,1271,2459,1084,641,128,51,24,1098,153,384,78,519,68,69311.0
7/16/20,30,410,90,460,234,115,575,65,2012,76,61,851,570,97,1418,160,146,9985,262,62,829,327,787,58,13099,74,24,448,411,85,7415,103,129,16,40,61,90,278,275,34,140,65,679,103,664,77,1243,3214,237,2027,2764,646,17,313,539,89,2777,13,132,112,14,237,39,53,2249,33,525,102,153,412,161,191,90,48,79,1294,2499,1094,655,130,52,24,1124,158,387,86,529,70,70601.0
7/17/20,30,425,97,462,250,120,575,66,2063,78,65,868,588,99,1433,160,149,10215,263,68,871,340,834,59,13412,81,24,453,432,88,7586,109,133,16,47,65,91,285,278,38,145,72,706,115,684,78,1277,3296,244,2055,2768,658,18,320,561,89,2867,14,133,115,15,243,39,55,2258,35,542,104,156,422,168,207,94,54,81,1319,2538,1117,662,134,53,24,1171,162,393,87,544,72,72280.0
7/18/20,32,440,100,464,260,124,574,67,2091,81,68,877,606,104,1451,162,151,10438,263,72,902,353,874,59,13778,83,29,458,454,88,7703,112,136,16,49,66,91,289,284,39,147,72,762,136,697,80,1305,3387,244,2073,2774,670,19,334,570,89,2939,14,133,118,15,259,39,58,2263,37,550,105,157,425,173,208,99,61,81,1341,2570,1139,677,140,53,25,1203,164,399,87,570,72,73821.0
7/19/20,34,451,101,473,268,126,575,68,2114,86,68,895,618,105,1458,164,153,10553,265,75,916,363,897,59,14001,86,29,465,461,89,7828,116,136,16,59,69,92,293,290,39,153,74,789,138,705,82,1322,3486,245,2089,2777,681,19,345,574,89,2987,14,133,119,16,264,41,59,2268,37,561,107,161,428,182,221,100,66,82,1358,2597,1159,682,142,53,25,1228,165,400,90,593,72,74932.0
7/20/20,35,471,102,478,274,135,575,68,2143,86,69,907,630,106,1467,165,152,10713,266,77,940,377,916,61,14246,91,30,466,472,89,7923,133,137,16,66,74,94,297,303,41,159,80,812,146,733,88,1344,3567,253,2119,2780,691,20,352,576,89,3018,14,136,119,16,267,43,62,2275,40,574,108,161,441,194,230,104,69,84,1379,2638,1171,685,150,56,25,1256,166,405,94,616,72,76168.0
7/21/20,37,479,103,480,284,138,577,73,2182,88,71,924,643,111,1469,166,152,10828,266,80,959,380,934,64,14432,96,33,468,485,89,8020,140,140,14,73,77,95,297,309,44,162,89,823,152,766,89,1351,3629,257,2148,2794,698,21,368,588,89,3083,15,136,120,16,271,45,62,2283,40,577,110,163,450,201,234,106,81,91,1391,2667,1179,691,152,56,25,1272,168,412,95,626,73,77215.0
7/22/20,39,486,103,489,292,147,578,76,2230,90,77,951,671,119,1477,167,153,11015,271,88,977,390,970,64,14736,102,37,474,503,90,8071,148,140,14,78,83,98,297,311,49,162,95,837,162,808,91,1375,3742,259,2187,2805,709,20,379,599,89,3200,15,138,125,16,277,46,63,2290,43,586,114,165,461,212,240,110,88,96,1412,2712,1210,694,162,58,25,1307,171,418,96,648,74,78742.0
7/23/20,40,501,107,497,303,151,578,76,2269,93,77,964,689,120,1483,169,153,11206,272,96,991,400,988,64,14993,105,39,482,507,95,8203,177,141,15,85,87,98,300,317,51,164,103,851,164,829,94,1404,3853,262,2188,2807,719,22,382,616,89,3283,16,142,134,16,288,45,66,2298,43,608,113,168,465,218,254,115,96,103,1449,2771,1242,706,163,58,26,1326,177,421,97,666,84,80186.0
7/24/20,40,512,110,503,309,157,578,77,2347,93,78,976,705,123,1486,170,154,11404,273,102,1024,406,1018,65,15301,109,40,493,526,96,8325,190,141,16,86,90,101,306,320,52,166,112,878,170,859,98,1423,3927,266,2214,2818,733,23,414,628,89,3353,16,144,138,16,302,46,66,2304,44,618,115,169,473,238,264,120,97,110,1483,2827,1262,713,168,59,26,1358,177,432,101,696,91,81746.0
7/25/20,40,522,113,507,315,165,584,82,2382,93,83,988,715,126,1489,172,155,11584,274,106,1048,428,1048,66,15548,113,41,498,538,96,8436,215,142,16,90,94,102,311,328,55,168,116,900,175,910,100,1463,4006,271,2232,2820,746,23,423,650,89,3456,16,148,140,16,308,53,68,2307,46,635,122,170,477,253,271,122,101,112,1514,2879,1286,717,169,60,26,1383,178,443,103,713,92,83184.0
7/26/20,42,532,116,510,318,173,584,83,2418,92,84,988,723,127,1492,173,158,11697,277,110,1060,433,1057,68,15682,117,43,502,545,98,8497,238,142,16,90,95,102,313,329,55,176,124,914,182,918,101,1474,4077,271,2258,2821,757,23,438,659,89,3501,16,151,143,16,313,52,70,2308,48,648,123,173,480,271,275,132,104,116,1516,2914,1300,722,178,61,26,1400,179,446,106,725,99,84073.0
7/27/20,44,560,118,514,319,174,585,88,2455,97,85,1002,725,132,1507,175,158,11788,279,115,1073,449,1091,71,15862,122,44,506,554,99,8591,245,143,16,95,96,101,313,334,55,178,127,929,186,953,102,1484,4146,276,2280,2825,765,23,449,681,89,3567,16,151,150,16,316,55,74,2314,50,663,126,176,487,283,282,138,112,121,1533,2951,1312,723,190,61,26,1421,180,447,108,749,106,85177.0
7/28/20,48,571,118,517,326,182,586,91,2476,101,86,1023,739,132,1510,179,158,11938,281,118,1095,458,1102,73,16042,127,46,509,568,101,8633,269,146,17,96,103,102,313,343,59,185,131,957,191,985,104,1513,4304,285,2306,2836,775,23,456,698,89,3653,17,150,153,16,321,55,78,2324,53,676,126,177,491,300,288,145,117,126,1563,3011,1324,726,195,62,27,1451,185,452,110,795,110,86497.0
7/29/20,51,583,121,525,330,189,588,96,2517,103,92,1031,754,134,1523,180,160,12088,304,120,1112,468,1141,76,16311,127,49,513,587,102,8702,279,146,18,98,106,103,315,349,62,189,139,971,198,1014,107,1534,4407,299,2321,2841,786,23,470,711,89,3747,17,151,158,16,324,56,80,2332,55,686,131,177,496,327,293,155,120,135,1587,3067,1347,730,197,63,28,1481,190,463,110,809,113,87893.0
7/30/20,53,603,123,530,334,192,588,99,2605,104,95,1046,792,142,1547,182,160,12212,308,124,1141,488,1177,80,16630,133,49,515,599,103,8872,291,147,19,99,114,104,315,359,63,191,142,983,199,1059,109,1563,4521,308,2349,2855,795,23,476,728,89,3845,17,155,163,16,335,57,84,2342,61,693,140,181,509,359,298,167,129,138,1619,3131,1374,730,204,65,29,1517,191,472,112,852,114,89626.0
7/31/20,53,628,126,534,339,200,589,107,2619,107,102,1058,802,144,1565,185,163,12399,312,127,1168,499,1216,88,16842,137,49,519,610,107,8977,303,149,19,101,118,106,318,369,64,196,154,1008,206,1081,114,1584,4658,313,2371,2860,812,23,498,747,89,3926,17,157,172,16,341,58,100,2345,61,704,154,188,525,374,315,179,140,148,1643,3188,1393,736,209,65,29,1551,192,485,117,880,119,91159.0
8/1/20,53,635,127,537,342,208,589,113,2652,107,102,1067,821,144,1566,185,164,12518,313,129,1180,507,1228,91,16952,138,58,522,617,110,9048,309,150,19,104,121,106,319,368,65,203,157,1024,211,1094,116,1596,4762,322,2383,2867,821,23,517,762,89,3970,18,158,175,16,346,59,102,2348,63,708,162,192,531,381,319,180,147,153,1661,3212,1408,743,212,66,30,1579,195,488,120,895,119,92087.0
8/2/20,53,646,130,538,344,213,589,112,2683,107,105,1076,835,146,1570,185,164,12646,316,129,1194,516,1238,94,17107,139,57,528,619,110,9110,315,150,19,106,127,108,320,371,65,204,165,1034,216,1116,120,1620,4852,329,2393,2875,831,24,522,768,90,4024,20,158,178,16,352,59,105,2352,66,711,164,193,536,387,329,185,153,157,1679,3248,1421,746,214,68,30,1600,197,492,123,910,119,93031.0
8/3/20,53,654,133,539,345,222,589,112,2714,108,138,1086,855,148,1582,186,168,12753,321,129,1206,524,1254,97,17254,140,58,531,626,111,9160,320,150,20,106,132,111,322,376,67,206,169,1043,220,1125,123,1634,4944,333,2411,2884,835,25,535,769,91,4057,20,158,181,17,359,61,106,2357,66,717,166,192,540,401,332,188,161,160,1690,3294,1433,747,216,69,30,1634,197,499,124,924,120,93963.0
8/4/20,56,667,133,544,350,226,590,118,2743,110,150,1092,859,153,1583,185,168,12881,341,132,1219,535,1264,102,17404,141,58,535,635,112,9248,333,153,21,108,136,111,322,378,68,210,185,1054,225,1158,130,1650,5035,336,2437,2896,848,26,535,781,91,4092,20,160,199,16,361,62,109,2365,70,724,172,198,547,419,343,199,167,164,1713,3338,1451,756,222,70,30,1669,198,508,124,954,125,95106.0
8/5/20,59,682,135,551,352,233,591,120,2778,110,151,1104,874,154,1607,186,168,13011,348,133,1241,546,1285,104,17619,143,62,540,644,113,9297,344,158,22,110,141,114,326,383,70,212,189,1064,234,1179,136,1665,5114,343,2470,2901,869,29,561,788,91,4114,21,163,207,16,365,64,113,2374,73,734,175,198,559,431,354,204,177,168,1756,3399,1465,759,228,70,30,1689,198,517,129,973,128,96305.0
8/6/20,59,699,137,550,353,239,592,123,2822,110,157,1115,892,158,1618,188,171,13141,360,133,1263,556,1309,109,17834,144,62,548,656,114,9374,353,159,22,113,146,114,326,388,73,219,191,1073,242,1202,140,1689,5155,349,2477,2910,887,33,573,811,91,4174,23,165,215,17,368,64,116,2378,75,743,176,199,589,444,363,211,190,177,1766,3433,1481,762,233,70,30,1711,198,519,130,993,136,97471.0
8/7/20,59,718,140,559,356,244,614,126,2861,110,159,1133,902,158,1634,190,172,13269,385,139,1273,564,1332,110,18006,147,62,552,662,116,9493,355,161,24,115,148,115,327,393,73,219,199,1087,267,1224,145,1713,5207,353,2502,2919,896,36,591,819,91,4229,25,168,221,16,371,65,121,2380,76,746,180,202,596,450,368,222,196,186,1783,3486,1500,772,237,71,30,1742,200,525,132,1013,142,98675.0
8/8/20,59,732,143,562,356,250,621,127,2891,111,173,1142,921,162,1656,192,174,13414,393,142,1292,570,1367,112,18182,147,65,554,684,116,9583,372,164,26,116,156,116,327,395,74,224,203,1111,279,1260,152,1736,5288,355,2532,2922,914,38,605,832,91,4318,25,168,225,17,377,67,123,2383,76,754,201,205,600,468,373,224,204,190,1813,3523,1518,781,246,71,31,1767,202,529,134,1030,145,99969.0
8/9/20,61,740,144,569,357,254,621,129,2929,111,176,1146,933,164,1658,193,174,13514,395,144,1301,575,1387,113,18317,148,65,556,690,117,9643,378,165,26,117,158,118,328,396,74,229,205,1114,283,1281,155,1770,5348,374,2554,2925,923,40,612,839,93,4362,26,170,236,16,386,69,130,2387,76,758,203,205,604,484,377,226,214,194,1827,3555,1524,782,251,71,31,1789,203,539,135,1043,146,100848.0
8/10/20,61,760,149,574,359,256,621,138,2944,110,178,1158,941,165,1665,194,174,13640,402,148,1316,592,1400,115,18483,147,65,558,703,118,9689,379,169,26,117,159,118,328,401,75,234,206,1124,288,1299,155,1802,5377,388,2566,2929,930,50,625,853,93,4398,28,172,239,16,390,70,136,2387,77,765,204,208,608,490,384,234,222,200,1844,3573,1534,788,254,72,31,1803,205,544,135,1058,148,101731.0
8/11/20,61,769,154,576,360,263,623,146,2976,113,181,1178,953,169,1671,196,175,13734,406,150,1344,597,1416,121,18697,153,70,559,718,119,9766,389,170,26,122,166,118,328,404,76,237,212,1131,300,1319,160,1813,5448,401,2595,2935,945,54,631,858,94,4438,30,176,243,16,396,70,140,2391,79,771,207,211,614,494,390,242,228,210,1884,3614,1549,793,260,73,32,1821,209,545,136,1068,150,102826.0
8/12/20,64,794,155,577,361,275,627,150,3033,113,188,1213,962,171,1683,196,177,13869,414,154,1365,610,1432,124,18965,155,74,561,730,119,9844,397,175,26,122,169,122,331,411,77,240,214,1146,318,1345,167,1831,5512,503,2623,2942,959,58,641,868,94,4489,30,179,248,17,404,70,148,2400,80,776,212,212,619,509,399,259,234,215,1904,3667,1563,797,273,73,32,1850,211,554,137,1090,151,104248.0
8/13/20,68,817,156,580,364,286,628,150,3070,114,192,1218,981,174,1699,199,177,13999,425,155,1378,619,1449,126,19124,158,78,565,742,121,9917,410,180,26,124,169,122,331,413,78,240,218,1154,323,1367,169,1867,5544,580,2644,2952,977,63,668,881,94,4544,31,185,256,19,405,72,164,2404,80,780,219,215,626,520,407,260,242,219,1931,3712,1578,801,277,73,32,1877,212,567,139,1101,155,105426.0
8/14/20,68,842,159,582,366,288,629,153,3105,115,192,1235,1000,180,1704,199,181,14120,442,157,1392,626,1473,127,19287,160,85,564,765,121,10001,415,183,26,125,171,123,332,414,79,240,219,1163,334,1390,174,1884,5609,587,2665,2956,988,66,676,893,96,4619,32,188,265,19,408,74,169,2411,81,782,230,221,635,528,421,265,245,234,1947,3749,1598,806,280,73,32,1914,212,581,139,1115,158,106557.0
8/15/20,69,872,160,583,366,291,638,157,3164,116,198,1249,1029,183,1712,201,183,14278,450,164,1404,630,1492,129,19437,162,88,565,773,121,10101,428,186,26,128,171,124,333,418,81,250,223,1170,336,1409,181,1906,5673,592,2675,2961,993,66,682,905,96,4651,33,189,266,19,411,74,175,2416,82,786,250,224,640,535,435,268,248,239,2001,3779,1604,808,287,73,32,1937,212,588,139,1136,159,107674.0
8/16/20,70,875,161,588,367,291,638,158,3197,116,202,1244,1034,185,1721,202,183,14335,459,169,1412,632,1498,130,19553,163,89,570,799,121,10142,428,187,26,128,171,125,335,418,83,250,226,1176,344,1419,184,1915,5704,592,2681,2964,996,67,694,911,96,4693,33,190,267,19,411,75,179,2418,84,789,256,225,644,547,442,269,250,242,2008,3788,1629,812,289,74,32,1946,213,593,141,1146,159,108287.0
8/17/20,72,888,162,588,368,301,640,165,3218,117,205,1261,1043,186,1729,203,183,14418,476,172,1434,637,1514,134,19683,165,89,574,806,121,10184,433,189,26,128,174,126,338,420,83,250,225,1187,355,1431,186,1937,5744,595,2691,2966,1002,69,694,921,98,4716,33,191,267,20,413,75,180,2421,85,791,259,227,652,560,450,274,251,257,2023,3818,1637,816,293,74,33,1962,213,604,142,1162,159,109062.0
8/18/20,74,899,162,588,368,310,644,169,3265,117,213,1275,1062,189,1733,204,184,14487,479,178,1441,662,1521,135,19818,165,90,579,812,121,10259,444,190,27,135,175,129,338,423,87,256,230,1199,364,1443,191,1945,5783,601,2702,2968,1015,70,705,927,100,4741,35,195,275,20,418,75,183,2428,85,793,268,235,657,561,472,279,251,256,2046,3846,1642,818,297,74,34,1981,217,608,143,1163,164,109910.0
8/19/20,77,914,162,590,368,320,649,179,3301,118,219,1291,1081,192,1737,204,184,14585,498,180,1457,672,1530,142,19980,166,92,583,821,122,10314,452,194,27,139,176,129,339,425,91,257,231,1205,367,1457,196,1959,5843,605,2710,2970,1027,74,720,943,100,4783,36,199,285,20,429,75,185,2431,87,798,270,242,659,565,480,282,270,265,2065,3874,1662,818,309,76,35,2009,217,610,143,1168,170,110881.0
8/20/20,79,945,162,591,369,333,666,182,3333,119,223,1307,1100,196,1746,208,185,14673,505,184,1469,677,1538,147,20150,169,100,586,842,124,10362,457,195,28,144,180,130,339,425,102,259,232,1216,380,1469,201,1965,5909,628,2729,2974,1038,74,733,964,101,4853,39,204,289,21,432,76,187,2438,90,804,289,242,661,592,492,285,279,272,2091,3937,1675,818,312,78,35,2034,218,618,143,1186,171,112003.0
8/21/20,83,962,162,592,370,340,671,183,3374,121,227,1312,1117,203,1755,209,187,14774,516,184,1483,693,1561,166,20316,169,101,588,854,126,10437,461,199,28,150,181,130,339,459,108,260,232,1225,387,1484,206,1976,5981,632,2741,2974,1052,75,741,974,101,4908,40,209,290,22,432,76,192,2443,90,807,298,248,665,598,469,299,282,279,2109,3980,1684,822,317,77,35,2067,222,630,145,1206,173,113046.0
8/22/20,84,989,162,592,372,352,672,185,3426,121,230,1330,1132,209,1761,209,187,14881,528,188,1504,699,1578,168,20443,171,106,592,862,127,10503,468,202,28,157,182,130,341,462,118,261,232,1233,390,1489,214,1981,6036,647,2752,2977,1074,79,752,979,102,4984,41,211,290,21,434,76,195,2445,92,817,299,256,667,611,477,309,288,285,2144,4122,1695,828,323,79,35,2090,222,644,147,1216,173,114165.0
8/23/20,84,1001,162,594,373,363,672,185,3459,121,232,1341,1140,210,1765,209,188,14955,534,188,1516,704,1586,169,20534,173,114,594,871,128,10533,467,204,28,154,183,131,341,462,133,261,234,1244,394,1492,219,1998,6070,649,2761,2978,1086,81,772,983,102,5029,41,214,290,21,435,77,199,2448,92,819,309,261,670,613,478,306,292,288,2155,4146,1699,829,325,79,36,2105,222,649,147,1230,173,114802.0
8/24/20,84,1010,162,595,373,365,674,190,3478,122,234,1351,1153,216,1771,209,189,15032,548,191,1527,710,1594,172,20659,177,121,595,885,128,10606,476,204,28,172,183,131,342,462,137,261,236,1254,395,1499,219,2022,6117,654,2788,2986,1098,85,772,992,102,5081,43,214,291,21,435,77,207,2448,93,828,317,266,674,619,483,308,297,293,2166,4188,1710,834,330,80,36,2130,222,657,149,1243,175,115651.0
8/25/20,85,1028,162,595,374,366,676,191,3536,123,237,1360,1174,220,1773,210,189,15088,551,192,1546,720,1609,175,20794,178,129,595,896,129,10663,489,205,28,174,185,132,342,462,142,263,238,1262,397,1512,223,2036,6149,655,2795,2991,1110,87,775,996,102,5144,43,217,294,21,436,77,216,2456,97,834,320,273,679,626,483,312,296,308,2192,4219,1715,840,333,81,36,2155,223,672,152,1255,176,116495.0
8/26/20,86,1052,162,595,376,377,676,195,3613,123,239,1373,1193,224,1781,211,190,15192,556,196,1565,747,1630,181,20954,178,130,598,916,129,10727,487,210,28,201,185,134,343,462,148,263,238,1267,400,1520,225,2045,6197,662,2812,2990,1119,106,786,1004,103,5215,43,220,294,21,444,79,219,2462,100,835,323,279,687,636,494,317,309,318,2218,4256,1725,846,341,84,36,2173,224,685,152,1271,178,117584.0
8/27/20,88,1071,162,598,376,387,677,197,3686,125,242,1383,1220,232,1786,214,191,15316,578,202,1580,756,1653,182,21133,179,130,605,932,128,10836,504,212,28,207,186,136,349,465,153,264,238,1285,416,1536,227,2059,6256,669,2825,2995,1139,110,799,1022,103,5301,43,222,294,21,445,79,221,2470,101,838,328,294,689,654,499,330,321,328,2250,4281,1735,848,348,85,36,2198,226,693,153,1288,181,118828.0
8/28/20,89,1113,163,602,381,393,677,204,3798,125,243,1394,1246,234,1798,215,193,15452,598,203,1606,760,1690,189,21320,180,134,608,945,128,10903,511,214,28,208,188,138,348,468,159,265,242,1296,422,1547,229,2075,6292,679,2835,2996,1155,115,808,1030,103,5436,43,223,296,21,446,79,224,2484,102,838,329,303,693,672,505,339,334,336,2276,4318,1740,853,355,87,37,2234,226,723,156,1296,185,120124.0
8/29/20,91,1123,164,605,385,409,681,207,3900,125,245,1398,1257,238,1814,216,193,15544,607,207,1629,769,1695,189,21497,180,134,611,956,128,11041,512,215,28,210,189,138,349,469,162,267,244,1303,429,1565,231,2090,6344,688,2843,3000,1172,122,813,1043,103,5582,43,226,296,21,446,79,224,2489,104,844,329,316,695,685,510,343,338,346,2296,4376,1743,857,358,89,37,2259,226,751,157,1303,185,121320.0
8/30/20,91,1135,165,609,387,416,682,209,3972,125,246,1407,1265,243,1820,217,193,15624,616,209,1645,772,1709,189,21619,181,140,608,969,130,11102,519,219,28,210,190,139,349,470,165,267,245,1310,429,1576,233,2103,6389,689,2847,3001,1190,127,817,1054,103,5728,43,226,296,22,448,79,226,2493,104,850,345,325,696,692,517,350,347,359,2308,4418,1744,858,362,88,38,2286,227,756,159,1320,186,122260.0
8/31/20,93,1150,167,611,389,419,682,211,4029,125,249,1420,1280,244,1828,217,194,15714,622,210,1651,776,1724,189,21785,184,144,616,977,131,11174,524,220,29,216,190,139,350,475,170,270,248,1320,434,1589,235,2107,6418,696,2854,3002,1199,127,827,1060,103,5786,44,231,299,22,453,79,229,2493,104,858,347,335,698,695,518,357,351,364,2326,4471,1749,859,369,89,38,2313,227,759,158,1341,186,123155.0
9/1/20,93,1162,171,612,396,427,684,218,4147,126,249,1433,1303,249,1841,217,196,15804,622,213,1674,774,1738,192,22005,187,147,623,992,133,11285,527,223,31,216,191,143,351,479,173,275,248,1328,445,1611,242,2111,6475,704,2864,3006,1219,127,833,1075,104,6092,44,233,301,23,451,79,235,2495,108,865,352,343,703,712,520,365,359,374,2354,4505,1751,865,376,91,39,2367,227,765,160,1351,187,124606.0
9/2/20,94,1170,172,614,399,436,685,221,4308,126,250,1449,1320,251,1843,217,197,15925,633,212,1688,774,1753,193,22161,192,150,627,1020,137,11356,536,224,31,218,192,143,351,481,176,275,252,1339,454,1622,243,2115,6527,705,2868,3009,1239,132,837,1088,105,6210,44,235,308,23,453,83,235,2500,108,882,359,359,707,727,525,378,368,376,2366,4542,1758,868,381,92,39,2388,227,770,162,1371,188,125767.0
9/3/20,95,1182,175,616,404,441,687,227,4477,126,253,1467,1337,255,1849,217,199,15965,645,215,1725,783,1762,198,22392,193,152,634,1035,137,11494,549,230,31,221,193,143,351,483,178,288,255,1362,465,1639,246,2130,6585,712,2874,3014,1252,132,853,1099,105,6309,45,235,311,23,454,84,239,2503,111,888,364,371,711,764,528,385,371,390,2395,4582,1768,872,379,94,39,2417,228,789,163,1382,191,127112.0
9/4/20,95,1195,177,619,408,451,691,231,4621,128,255,1488,1349,257,1865,217,202,16066,658,223,1748,799,1782,201,22629,196,152,642,1063,138,11580,556,231,31,226,194,144,353,487,180,292,255,1373,470,1654,249,2140,6625,718,2879,3020,1266,146,866,1113,105,6441,45,237,313,23,455,84,245,2511,112,912,373,385,714,766,531,387,371,414,2416,4615,1772,872,385,94,39,2444,229,801,164,1404,191,128444.0
9/5/20,95,1206,178,620,419,461,691,234,4702,132,257,1509,1366,257,1866,219,203,16190,667,227,1771,811,1802,202,22935,197,153,660,1084,139,11663,562,233,31,230,197,144,354,493,181,292,257,1412,477,1668,251,2163,6660,721,2888,3022,1281,151,877,1125,105,6565,45,235,314,23,456,84,248,2516,113,926,374,407,720,779,534,391,374,429,2439,4639,1777,877,393,96,39,2475,233,810,165,1427,191,129785.0
9/6/20,96,1222,178,622,424,467,691,235,4769,132,260,1511,1386,257,1867,219,204,16249,669,233,1778,810,1813,206,23099,198,153,658,1102,139,11713,567,233,31,241,198,146,355,493,184,292,258,1418,480,1674,254,2165,6687,726,2895,3024,1292,154,887,1133,105,6623,45,236,317,23,458,84,251,2523,115,935,376,411,722,785,533,393,377,434,2451,4667,1778,878,402,97,40,2503,234,819,167,1438,191,130558.0
9/7/20,96,1234,179,622,434,471,691,236,4799,135,260,1524,1393,259,1870,220,205,16317,673,233,1798,822,1824,207,23295,200,156,663,1117,139,11753,572,234,31,244,203,147,355,495,184,292,259,1437,487,1689,257,2173,6714,727,2901,3024,1304,155,905,1143,105,6644,45,236,323,23,459,84,253,2525,115,940,380,419,724,787,533,397,380,436,2463,4694,1779,877,403,100,40,2528,235,827,168,1465,192,131336.0
9/8/20,96,1244,179,622,437,477,691,239,4837,133,260,1527,1398,259,1876,223,205,16360,676,237,1802,823,1837,208,23477,203,158,663,1125,141,11826,572,237,37,246,204,148,355,496,185,292,259,1438,494,1698,255,2181,6737,732,2906,3025,1308,155,910,1149,105,6678,45,236,326,23,459,87,256,2527,115,948,381,422,725,796,533,397,382,439,2471,4725,1780,877,412,102,40,2545,236,831,168,1475,192,131992.0
9/9/20,98,1254,178,623,447,486,691,242,4906,135,263,1547,1406,262,1878,223,206,16407,682,238,1824,826,1867,209,23763,205,160,667,1136,142,11896,577,238,41,255,206,148,355,498,190,292,260,1444,501,1709,259,2184,6754,732,2915,3026,1313,156,919,1173,104,6743,45,236,329,23,459,87,257,2527,116,959,388,431,730,804,535,402,385,446,2483,4764,1785,880,421,102,41,2555,235,833,170,1484,194,132965.0
9/10/20,99,1271,184,624,464,494,694,244,5009,136,264,1565,1427,263,1889,223,206,16479,687,246,1857,827,1882,210,23994,207,163,671,1149,142,11970,583,241,42,260,208,149,356,499,190,301,262,1459,508,1716,263,2190,6786,737,2923,3030,1330,156,924,1198,106,6824,45,237,330,23,458,90,257,2532,118,963,391,445,731,808,536,408,389,462,2502,4785,1796,882,426,102,41,2603,238,840,171,1501,195,134086.0
9/11/20,99,1280,188,624,491,504,699,249,5124,136,268,1579,1463,266,1891,225,206,16544,701,248,1905,835,1891,213,24144,211,167,674,1182,144,12067,591,241,49,263,208,151,358,502,191,304,264,1463,526,1746,263,2197,6810,744,2935,3031,1342,158,941,1223,106,6961,46,238,336,23,459,92,258,2544,118,977,394,453,736,819,540,415,394,481,2528,4814,1800,883,430,103,41,2649,239,854,176,1505,195,135326.0
9/12/20,100,1295,195,624,501,506,698,255,5217,136,271,1599,1481,269,1893,227,207,16630,707,250,1946,836,1909,215,24419,212,168,680,1201,146,12171,598,242,49,272,209,153,361,504,197,305,267,1502,527,1762,270,2197,6859,747,2942,3034,1351,162,956,1242,106,7026,46,240,340,23,461,93,260,2548,121,980,397,468,741,820,544,423,396,494,2558,4844,1806,885,435,104,41,2692,240,861,179,1528,196,136568.0
9/13/20,100,1299,197,627,508,512,699,256,5266,139,278,1615,1500,271,1895,228,208,16698,713,253,1967,844,1930,217,24590,215,169,689,1218,148,12208,603,245,50,272,210,153,363,505,198,305,268,1507,538,1773,270,2200,6877,747,2945,3034,1359,162,967,1252,106,7084,46,240,344,23,461,93,262,2602,122,994,398,477,745,822,543,429,400,498,2570,4861,1813,887,437,105,41,2717,242,869,180,1537,197,137405.0
9/14/20,103,1313,199,634,532,514,702,258,5315,140,281,1653,1518,273,1897,229,208,16747,726,258,1985,848,1941,219,24832,215,170,687,1224,151,12306,615,248,49,280,212,154,364,509,200,306,272,1516,544,1792,273,2211,6903,748,2960,3040,1373,163,976,1259,106,7148,46,243,350,23,461,95,271,2606,129,1008,403,481,752,827,544,438,402,505,2606,4894,1817,892,443,105,41,2748,241,881,182,1553,198,138484.0
9/15/20,109,1318,201,633,540,521,702,268,5366,143,281,1665,1536,274,1900,229,208,16789,731,260,2022,862,1953,221,25067,216,174,691,1244,152,12368,626,246,60,282,214,155,364,512,204,312,273,1530,553,1801,279,2212,6945,750,2966,3046,1383,165,986,1275,106,7216,45,244,356,23,461,95,273,2610,134,1015,409,493,755,830,547,441,410,511,2628,4912,1823,899,444,107,45,2795,240,887,182,1567,199,139485.0
9/16/20,114,1324,206,634,557,530,704,270,5425,145,281,1678,1562,274,1900,230,208,16846,736,263,2045,868,1957,221,25274,221,176,696,1278,153,12466,628,247,60,284,214,157,366,517,213,316,274,1536,559,1809,284,2217,6982,758,2971,3049,1389,166,1004,1293,106,7285,46,244,359,24,463,96,277,2612,140,1033,411,504,761,838,547,446,416,526,2645,4948,1829,903,449,108,45,2818,242,888,185,1590,199,140518.0
