Date,Adair,Alfalfa,Atoka,Beaver,Beckham,Blaine,Bryan,Caddo,Canadian,Carter,Cherokee,Choctaw,Cimarron,Cleveland,Coal,Comanche,Cotton,Craig,Creek,Custer,Delaware,Dewey,Ellis,Garfield,Garvin,Grady,Grant,Greer,Harmon,Harper,Haskell,Hughes,Jackson,Jefferson,Johnston,Kay,Kingfisher,Kiowa,Latimer,Le Flore,Lincoln,Logan,Love,Major,Marshall,Mayes,McClain,McCurtain,McIntosh,Murray,Muskogee,Noble,Nowata,Okfuskee,Oklahoma,Okmulgee,Osage,Ottawa,Pawnee,Payne,Pittsburg,Pontotoc,Pottawatomie,Pushmataha,Roger Mills,Rogers,Seminole,Sequoyah,Stephens,Texas,Tillman,Tulsa,Wagoner,Washington,Washita,Woods,Woodward,Total
1/22/20,0,0,0,0,0,0,0,0,0,0,0,0,0,0,0,0,0,0,0,0,0,0,0,0,0,0,0,0,0,0,0,0,0,0,0,0,0,0,0,0,0,0,0,0,0,0,0,0,0,0,0,0,0,0,0,0,0,0,0,0,0,0,0,0,0,0,0,0,0,0,0,0,0,0,0,0,0,0.0
1/23/20,0,0,0,0,0,0,0,0,0,0,0,0,0,0,0,0,0,0,0,0,0,0,0,0,0,0,0,0,0,0,0,0,0,0,0,0,0,0,0,0,0,0,0,0,0,0,0,0,0,0,0,0,0,0,0,0,0,0,0,0,0,0,0,0,0,0,0,0,0,0,0,0,0,0,0,0,0,0.0
1/24/20,0,0,0,0,0,0,0,0,0,0,0,0,0,0,0,0,0,0,0,0,0,0,0,0,0,0,0,0,0,0,0,0,0,0,0,0,0,0,0,0,0,0,0,0,0,0,0,0,0,0,0,0,0,0,0,0,0,0,0,0,0,0,0,0,0,0,0,0,0,0,0,0,0,0,0,0,0,0.0
1/25/20,0,0,0,0,0,0,0,0,0,0,0,0,0,0,0,0,0,0,0,0,0,0,0,0,0,0,0,0,0,0,0,0,0,0,0,0,0,0,0,0,0,0,0,0,0,0,0,0,0,0,0,0,0,0,0,0,0,0,0,0,0,0,0,0,0,0,0,0,0,0,0,0,0,0,0,0,0,0.0
1/26/20,0,0,0,0,0,0,0,0,0,0,0,0,0,0,0,0,0,0,0,0,0,0,0,0,0,0,0,0,0,0,0,0,0,0,0,0,0,0,0,0,0,0,0,0,0,0,0,0,0,0,0,0,0,0,0,0,0,0,0,0,0,0,0,0,0,0,0,0,0,0,0,0,0,0,0,0,0,0.0
1/27/20,0,0,0,0,0,0,0,0,0,0,0,0,0,0,0,0,0,0,0,0,0,0,0,0,0,0,0,0,0,0,0,0,0,0,0,0,0,0,0,0,0,0,0,0,0,0,0,0,0,0,0,0,0,0,0,0,0,0,0,0,0,0,0,0,0,0,0,0,0,0,0,0,0,0,0,0,0,0.0
1/28/20,0,0,0,0,0,0,0,0,0,0,0,0,0,0,0,0,0,0,0,0,0,0,0,0,0,0,0,0,0,0,0,0,0,0,0,0,0,0,0,0,0,0,0,0,0,0,0,0,0,0,0,0,0,0,0,0,0,0,0,0,0,0,0,0,0,0,0,0,0,0,0,0,0,0,0,0,0,0.0
1/29/20,0,0,0,0,0,0,0,0,0,0,0,0,0,0,0,0,0,0,0,0,0,0,0,0,0,0,0,0,0,0,0,0,0,0,0,0,0,0,0,0,0,0,0,0,0,0,0,0,0,0,0,0,0,0,0,0,0,0,0,0,0,0,0,0,0,0,0,0,0,0,0,0,0,0,0,0,0,0.0
1/30/20,0,0,0,0,0,0,0,0,0,0,0,0,0,0,0,0,0,0,0,0,0,0,0,0,0,0,0,0,0,0,0,0,0,0,0,0,0,0,0,0,0,0,0,0,0,0,0,0,0,0,0,0,0,0,0,0,0,0,0,0,0,0,0,0,0,0,0,0,0,0,0,0,0,0,0,0,0,0.0
1/31/20,0,0,0,0,0,0,0,0,0,0,0,0,0,0,0,0,0,0,0,0,0,0,0,0,0,0,0,0,0,0,0,0,0,0,0,0,0,0,0,0,0,0,0,0,0,0,0,0,0,0,0,0,0,0,0,0,0,0,0,0,0,0,0,0,0,0,0,0,0,0,0,0,0,0,0,0,0,0.0
2/1/20,0,0,0,0,0,0,0,0,0,0,0,0,0,0,0,0,0,0,0,0,0,0,0,0,0,0,0,0,0,0,0,0,0,0,0,0,0,0,0,0,0,0,0,0,0,0,0,0,0,0,0,0,0,0,0,0,0,0,0,0,0,0,0,0,0,0,0,0,0,0,0,0,0,0,0,0,0,0.0
2/2/20,0,0,0,0,0,0,0,0,0,0,0,0,0,0,0,0,0,0,0,0,0,0,0,0,0,0,0,0,0,0,0,0,0,0,0,0,0,0,0,0,0,0,0,0,0,0,0,0,0,0,0,0,0,0,0,0,0,0,0,0,0,0,0,0,0,0,0,0,0,0,0,0,0,0,0,0,0,0.0
2/3/20,0,0,0,0,0,0,0,0,0,0,0,0,0,0,0,0,0,0,0,0,0,0,0,0,0,0,0,0,0,0,0,0,0,0,0,0,0,0,0,0,0,0,0,0,0,0,0,0,0,0,0,0,0,0,0,0,0,0,0,0,0,0,0,0,0,0,0,0,0,0,0,0,0,0,0,0,0,0.0
2/4/20,0,0,0,0,0,0,0,0,0,0,0,0,0,0,0,0,0,0,0,0,0,0,0,0,0,0,0,0,0,0,0,0,0,0,0,0,0,0,0,0,0,0,0,0,0,0,0,0,0,0,0,0,0,0,0,0,0,0,0,0,0,0,0,0,0,0,0,0,0,0,0,0,0,0,0,0,0,0.0
2/5/20,0,0,0,0,0,0,0,0,0,0,0,0,0,0,0,0,0,0,0,0,0,0,0,0,0,0,0,0,0,0,0,0,0,0,0,0,0,0,0,0,0,0,0,0,0,0,0,0,0,0,0,0,0,0,0,0,0,0,0,0,0,0,0,0,0,0,0,0,0,0,0,0,0,0,0,0,0,0.0
2/6/20,0,0,0,0,0,0,0,0,0,0,0,0,0,0,0,0,0,0,0,0,0,0,0,0,0,0,0,0,0,0,0,0,0,0,0,0,0,0,0,0,0,0,0,0,0,0,0,0,0,0,0,0,0,0,0,0,0,0,0,0,0,0,0,0,0,0,0,0,0,0,0,0,0,0,0,0,0,0.0
2/7/20,0,0,0,0,0,0,0,0,0,0,0,0,0,0,0,0,0,0,0,0,0,0,0,0,0,0,0,0,0,0,0,0,0,0,0,0,0,0,0,0,0,0,0,0,0,0,0,0,0,0,0,0,0,0,0,0,0,0,0,0,0,0,0,0,0,0,0,0,0,0,0,0,0,0,0,0,0,0.0
2/8/20,0,0,0,0,0,0,0,0,0,0,0,0,0,0,0,0,0,0,0,0,0,0,0,0,0,0,0,0,0,0,0,0,0,0,0,0,0,0,0,0,0,0,0,0,0,0,0,0,0,0,0,0,0,0,0,0,0,0,0,0,0,0,0,0,0,0,0,0,0,0,0,0,0,0,0,0,0,0.0
2/9/20,0,0,0,0,0,0,0,0,0,0,0,0,0,0,0,0,0,0,0,0,0,0,0,0,0,0,0,0,0,0,0,0,0,0,0,0,0,0,0,0,0,0,0,0,0,0,0,0,0,0,0,0,0,0,0,0,0,0,0,0,0,0,0,0,0,0,0,0,0,0,0,0,0,0,0,0,0,0.0
2/10/20,0,0,0,0,0,0,0,0,0,0,0,0,0,0,0,0,0,0,0,0,0,0,0,0,0,0,0,0,0,0,0,0,0,0,0,0,0,0,0,0,0,0,0,0,0,0,0,0,0,0,0,0,0,0,0,0,0,0,0,0,0,0,0,0,0,0,0,0,0,0,0,0,0,0,0,0,0,0.0
2/11/20,0,0,0,0,0,0,0,0,0,0,0,0,0,0,0,0,0,0,0,0,0,0,0,0,0,0,0,0,0,0,0,0,0,0,0,0,0,0,0,0,0,0,0,0,0,0,0,0,0,0,0,0,0,0,0,0,0,0,0,0,0,0,0,0,0,0,0,0,0,0,0,0,0,0,0,0,0,0.0
2/12/20,0,0,0,0,0,0,0,0,0,0,0,0,0,0,0,0,0,0,0,0,0,0,0,0,0,0,0,0,0,0,0,0,0,0,0,0,0,0,0,0,0,0,0,0,0,0,0,0,0,0,0,0,0,0,0,0,0,0,0,0,0,0,0,0,0,0,0,0,0,0,0,0,0,0,0,0,0,0.0
2/13/20,0,0,0,0,0,0,0,0,0,0,0,0,0,0,0,0,0,0,0,0,0,0,0,0,0,0,0,0,0,0,0,0,0,0,0,0,0,0,0,0,0,0,0,0,0,0,0,0,0,0,0,0,0,0,0,0,0,0,0,0,0,0,0,0,0,0,0,0,0,0,0,0,0,0,0,0,0,0.0
2/14/20,0,0,0,0,0,0,0,0,0,0,0,0,0,0,0,0,0,0,0,0,0,0,0,0,0,0,0,0,0,0,0,0,0,0,0,0,0,0,0,0,0,0,0,0,0,0,0,0,0,0,0,0,0,0,0,0,0,0,0,0,0,0,0,0,0,0,0,0,0,0,0,0,0,0,0,0,0,0.0
2/15/20,0,0,0,0,0,0,0,0,0,0,0,0,0,0,0,0,0,0,0,0,0,0,0,0,0,0,0,0,0,0,0,0,0,0,0,0,0,0,0,0,0,0,0,0,0,0,0,0,0,0,0,0,0,0,0,0,0,0,0,0,0,0,0,0,0,0,0,0,0,0,0,0,0,0,0,0,0,0.0
2/16/20,0,0,0,0,0,0,0,0,0,0,0,0,0,0,0,0,0,0,0,0,0,0,0,0,0,0,0,0,0,0,0,0,0,0,0,0,0,0,0,0,0,0,0,0,0,0,0,0,0,0,0,0,0,0,0,0,0,0,0,0,0,0,0,0,0,0,0,0,0,0,0,0,0,0,0,0,0,0.0
2/17/20,0,0,0,0,0,0,0,0,0,0,0,0,0,0,0,0,0,0,0,0,0,0,0,0,0,0,0,0,0,0,0,0,0,0,0,0,0,0,0,0,0,0,0,0,0,0,0,0,0,0,0,0,0,0,0,0,0,0,0,0,0,0,0,0,0,0,0,0,0,0,0,0,0,0,0,0,0,0.0
2/18/20,0,0,0,0,0,0,0,0,0,0,0,0,0,0,0,0,0,0,0,0,0,0,0,0,0,0,0,0,0,0,0,0,0,0,0,0,0,0,0,0,0,0,0,0,0,0,0,0,0,0,0,0,0,0,0,0,0,0,0,0,0,0,0,0,0,0,0,0,0,0,0,0,0,0,0,0,0,0.0
2/19/20,0,0,0,0,0,0,0,0,0,0,0,0,0,0,0,0,0,0,0,0,0,0,0,0,0,0,0,0,0,0,0,0,0,0,0,0,0,0,0,0,0,0,0,0,0,0,0,0,0,0,0,0,0,0,0,0,0,0,0,0,0,0,0,0,0,0,0,0,0,0,0,0,0,0,0,0,0,0.0
2/20/20,0,0,0,0,0,0,0,0,0,0,0,0,0,0,0,0,0,0,0,0,0,0,0,0,0,0,0,0,0,0,0,0,0,0,0,0,0,0,0,0,0,0,0,0,0,0,0,0,0,0,0,0,0,0,0,0,0,0,0,0,0,0,0,0,0,0,0,0,0,0,0,0,0,0,0,0,0,0.0
2/21/20,0,0,0,0,0,0,0,0,0,0,0,0,0,0,0,0,0,0,0,0,0,0,0,0,0,0,0,0,0,0,0,0,0,0,0,0,0,0,0,0,0,0,0,0,0,0,0,0,0,0,0,0,0,0,0,0,0,0,0,0,0,0,0,0,0,0,0,0,0,0,0,0,0,0,0,0,0,0.0
2/22/20,0,0,0,0,0,0,0,0,0,0,0,0,0,0,0,0,0,0,0,0,0,0,0,0,0,0,0,0,0,0,0,0,0,0,0,0,0,0,0,0,0,0,0,0,0,0,0,0,0,0,0,0,0,0,0,0,0,0,0,0,0,0,0,0,0,0,0,0,0,0,0,0,0,0,0,0,0,0.0
2/23/20,0,0,0,0,0,0,0,0,0,0,0,0,0,0,0,0,0,0,0,0,0,0,0,0,0,0,0,0,0,0,0,0,0,0,0,0,0,0,0,0,0,0,0,0,0,0,0,0,0,0,0,0,0,0,0,0,0,0,0,0,0,0,0,0,0,0,0,0,0,0,0,0,0,0,0,0,0,0.0
2/24/20,0,0,0,0,0,0,0,0,0,0,0,0,0,0,0,0,0,0,0,0,0,0,0,0,0,0,0,0,0,0,0,0,0,0,0,0,0,0,0,0,0,0,0,0,0,0,0,0,0,0,0,0,0,0,0,0,0,0,0,0,0,0,0,0,0,0,0,0,0,0,0,0,0,0,0,0,0,0.0
2/25/20,0,0,0,0,0,0,0,0,0,0,0,0,0,0,0,0,0,0,0,0,0,0,0,0,0,0,0,0,0,0,0,0,0,0,0,0,0,0,0,0,0,0,0,0,0,0,0,0,0,0,0,0,0,0,0,0,0,0,0,0,0,0,0,0,0,0,0,0,0,0,0,0,0,0,0,0,0,0.0
2/26/20,0,0,0,0,0,0,0,0,0,0,0,0,0,0,0,0,0,0,0,0,0,0,0,0,0,0,0,0,0,0,0,0,0,0,0,0,0,0,0,0,0,0,0,0,0,0,0,0,0,0,0,0,0,0,0,0,0,0,0,0,0,0,0,0,0,0,0,0,0,0,0,0,0,0,0,0,0,0.0
2/27/20,0,0,0,0,0,0,0,0,0,0,0,0,0,0,0,0,0,0,0,0,0,0,0,0,0,0,0,0,0,0,0,0,0,0,0,0,0,0,0,0,0,0,0,0,0,0,0,0,0,0,0,0,0,0,0,0,0,0,0,0,0,0,0,0,0,0,0,0,0,0,0,0,0,0,0,0,0,0.0
2/28/20,0,0,0,0,0,0,0,0,0,0,0,0,0,0,0,0,0,0,0,0,0,0,0,0,0,0,0,0,0,0,0,0,0,0,0,0,0,0,0,0,0,0,0,0,0,0,0,0,0,0,0,0,0,0,0,0,0,0,0,0,0,0,0,0,0,0,0,0,0,0,0,0,0,0,0,0,0,0.0
2/29/20,0,0,0,0,0,0,0,0,0,0,0,0,0,0,0,0,0,0,0,0,0,0,0,0,0,0,0,0,0,0,0,0,0,0,0,0,0,0,0,0,0,0,0,0,0,0,0,0,0,0,0,0,0,0,0,0,0,0,0,0,0,0,0,0,0,0,0,0,0,0,0,0,0,0,0,0,0,0.0
3/1/20,0,0,0,0,0,0,0,0,0,0,0,0,0,0,0,0,0,0,0,0,0,0,0,0,0,0,0,0,0,0,0,0,0,0,0,0,0,0,0,0,0,0,0,0,0,0,0,0,0,0,0,0,0,0,0,0,0,0,0,0,0,0,0,0,0,0,0,0,0,0,0,0,0,0,0,0,0,0.0
3/2/20,0,0,0,0,0,0,0,0,0,0,0,0,0,0,0,0,0,0,0,0,0,0,0,0,0,0,0,0,0,0,0,0,0,0,0,0,0,0,0,0,0,0,0,0,0,0,0,0,0,0,0,0,0,0,0,0,0,0,0,0,0,0,0,0,0,0,0,0,0,0,0,0,0,0,0,0,0,0.0
3/3/20,0,0,0,0,0,0,0,0,0,0,0,0,0,0,0,0,0,0,0,0,0,0,0,0,0,0,0,0,0,0,0,0,0,0,0,0,0,0,0,0,0,0,0,0,0,0,0,0,0,0,0,0,0,0,0,0,0,0,0,0,0,0,0,0,0,0,0,0,0,0,0,0,0,0,0,0,0,0.0
3/4/20,0,0,0,0,0,0,0,0,0,0,0,0,0,0,0,0,0,0,0,0,0,0,0,0,0,0,0,0,0,0,0,0,0,0,0,0,0,0,0,0,0,0,0,0,0,0,0,0,0,0,0,0,0,0,0,0,0,0,0,0,0,0,0,0,0,0,0,0,0,0,0,0,0,0,0,0,0,0.0
3/5/20,0,0,0,0,0,0,0,0,0,0,0,0,0,0,0,0,0,0,0,0,0,0,0,0,0,0,0,0,0,0,0,0,0,0,0,0,0,0,0,0,0,0,0,0,0,0,0,0,0,0,0,0,0,0,0,0,0,0,0,0,0,0,0,0,0,0,0,0,0,0,0,0,0,0,0,0,0,0.0
3/6/20,0,0,0,0,0,0,0,0,0,0,0,0,0,0,0,0,0,0,0,0,0,0,0,0,0,0,0,0,0,0,0,0,0,0,0,0,0,0,0,0,0,0,0,0,0,0,0,0,0,0,0,0,0,0,0,0,0,0,0,0,0,0,0,0,0,0,0,0,0,0,0,0,0,0,0,0,0,0.0
3/7/20,0,0,0,0,0,0,0,0,0,0,0,0,0,0,0,0,0,0,0,0,0,0,0,0,0,0,0,0,0,0,0,0,0,0,0,0,0,0,0,0,0,0,0,0,0,0,0,0,0,0,0,0,0,0,0,0,0,0,0,0,0,0,0,0,0,0,0,0,0,0,0,1,0,0,0,0,0,1.0
3/8/20,0,0,0,0,0,0,0,0,0,0,0,0,0,0,0,0,0,0,0,0,0,0,0,0,0,0,0,0,0,0,0,0,0,0,0,0,0,0,0,0,0,0,0,0,0,0,0,0,0,0,0,0,0,0,0,0,0,0,0,0,0,0,0,0,0,0,0,0,0,0,0,1,0,0,0,0,0,1.0
3/9/20,0,0,0,0,0,0,0,0,0,0,0,0,0,0,0,0,0,0,0,0,0,0,0,0,0,0,0,0,0,0,0,0,0,0,0,0,0,0,0,0,0,0,0,0,0,0,0,0,0,0,0,0,0,0,0,0,0,0,0,0,0,0,0,0,0,0,0,0,0,0,0,1,0,0,0,0,0,1.0
3/10/20,0,0,0,0,0,0,0,0,0,0,0,0,0,0,0,0,0,0,0,0,0,0,0,0,0,0,0,0,0,0,0,0,0,0,0,0,0,0,0,0,0,0,0,0,0,0,0,0,0,0,0,0,0,0,0,0,0,0,0,0,0,0,0,0,0,0,0,0,0,0,0,2,0,0,0,0,0,2.0
3/11/20,0,0,0,0,0,0,0,0,0,0,0,0,0,0,0,0,0,0,0,0,0,0,0,0,0,0,0,0,0,0,0,0,0,0,0,0,0,0,0,0,0,0,0,0,0,0,0,0,0,0,0,0,0,0,0,0,0,0,0,0,0,0,0,0,0,0,0,0,0,0,0,2,0,0,0,0,0,2.0
3/12/20,0,0,0,0,0,0,0,0,0,0,0,0,0,0,0,0,0,0,0,0,0,0,0,0,0,0,0,0,0,0,0,0,1,0,0,0,0,0,0,0,0,0,0,0,0,0,0,0,0,0,0,0,0,0,0,0,0,0,0,0,0,0,0,0,0,0,0,0,0,0,0,2,0,0,0,0,0,3.0
3/13/20,0,0,0,0,0,0,0,0,0,0,0,0,0,0,0,0,0,0,0,0,0,0,0,0,0,0,0,0,0,0,0,0,1,0,0,0,0,0,0,0,0,0,0,0,0,0,0,0,0,0,0,0,0,0,0,0,0,0,0,0,0,0,0,0,0,0,0,0,0,0,0,2,0,0,0,0,0,3.0
3/14/20,0,0,0,0,0,0,0,0,0,0,0,0,0,0,0,0,0,0,0,0,0,0,0,0,0,0,0,0,0,0,0,0,1,0,0,0,0,0,0,0,0,0,0,0,0,0,0,0,0,0,0,0,0,0,1,0,0,0,0,0,0,0,0,0,0,0,0,0,0,0,0,2,0,0,0,0,0,4.0
3/15/20,0,0,0,0,0,0,0,0,0,0,0,0,0,0,0,0,0,0,0,0,0,0,0,0,0,0,0,0,0,0,0,0,1,0,0,0,0,0,0,0,0,0,0,0,0,0,0,0,0,0,0,0,0,0,1,0,0,0,0,0,0,0,0,0,0,0,0,0,0,0,0,2,0,0,0,0,0,4.0
3/16/20,0,0,0,0,0,0,0,0,1,0,0,0,0,2,0,0,0,0,0,0,0,0,0,0,0,0,0,0,0,0,0,0,1,0,0,1,0,0,0,0,0,0,0,0,0,0,0,0,0,0,0,0,0,0,1,0,0,0,0,1,0,0,0,0,0,0,0,0,0,0,0,3,0,0,0,0,0,10.0
3/17/20,0,0,0,0,0,0,0,0,1,0,0,0,0,2,0,0,0,0,0,0,0,0,0,0,0,0,0,0,0,0,0,0,1,0,0,2,0,0,0,0,0,0,0,0,0,0,0,0,0,0,0,0,0,0,6,0,0,0,1,1,0,0,0,0,0,0,0,0,0,0,0,3,0,0,0,0,0,17.0
3/18/20,0,0,0,0,0,0,0,0,1,0,0,0,0,2,0,0,0,0,0,0,0,0,0,0,0,0,0,0,0,0,0,0,1,0,0,2,0,0,0,0,0,0,0,0,0,0,0,0,0,0,0,0,0,0,6,0,0,0,1,1,0,0,0,0,0,0,0,0,0,0,0,3,0,0,0,0,0,17.0
3/19/20,0,0,0,0,0,0,0,0,2,0,0,0,0,9,0,0,0,0,0,1,0,0,0,0,0,1,0,0,0,0,0,0,1,0,0,2,0,0,0,0,0,1,0,0,0,0,1,0,0,0,0,0,0,0,18,0,0,0,1,1,0,0,0,0,0,0,0,0,0,0,0,5,0,1,0,0,0,44.0
3/20/20,0,0,0,0,0,0,0,0,2,0,0,0,0,11,0,0,0,0,0,1,0,0,0,0,1,1,0,0,0,0,0,0,1,0,0,3,0,0,0,0,0,1,0,0,0,0,1,0,0,0,0,0,0,0,19,0,0,0,1,1,0,0,0,0,0,0,0,0,0,0,0,5,0,1,0,0,0,49.0
3/21/20,0,0,0,0,0,0,0,0,2,0,0,0,0,12,0,0,0,0,0,1,0,0,0,0,2,1,0,0,0,0,0,0,1,0,0,3,0,0,0,0,0,1,0,0,0,0,1,0,0,0,0,0,0,0,20,0,0,0,2,1,0,0,0,0,0,0,0,0,0,0,0,5,0,1,0,0,0,53.0
3/22/20,0,0,0,0,0,0,0,0,2,0,0,0,0,13,0,0,0,0,0,1,0,0,0,0,2,1,0,0,0,0,0,0,1,0,0,4,0,0,0,0,0,1,0,0,0,0,1,0,0,0,1,1,0,0,26,0,0,0,3,2,0,0,0,0,0,0,0,0,0,0,0,6,0,2,0,0,0,67.0
3/23/20,0,0,0,0,0,0,0,0,2,0,0,0,0,16,0,0,0,0,0,1,0,0,0,0,2,1,0,0,0,0,0,0,1,0,0,5,0,0,0,0,0,1,0,0,0,0,1,0,0,0,1,1,0,0,29,0,0,0,3,3,0,1,0,0,0,0,0,0,0,0,0,11,0,2,0,0,0,81.0
3/24/20,0,0,0,0,0,0,0,0,4,0,0,0,0,22,0,0,0,0,0,2,0,0,0,0,2,1,0,0,0,0,0,0,1,0,0,5,0,0,0,0,0,1,0,0,0,1,1,0,0,0,1,2,0,0,41,0,0,0,4,3,0,1,0,0,0,0,0,0,0,0,0,12,0,2,0,0,0,106.0
3/25/20,2,0,0,0,0,0,1,0,5,1,0,0,0,27,0,0,0,0,5,3,1,0,0,0,2,1,0,0,0,0,0,0,1,0,0,5,0,0,0,0,0,3,0,0,0,1,1,0,0,0,1,2,0,0,55,0,1,0,7,3,0,1,1,0,0,0,0,0,1,0,0,27,3,3,0,0,0,164.0
3/26/20,2,0,0,0,0,0,1,0,6,1,0,0,0,39,0,3,0,1,10,3,1,0,0,0,2,2,0,0,0,0,0,0,1,0,0,11,0,0,0,0,1,3,0,0,0,2,2,0,0,0,4,2,0,0,73,2,3,1,10,5,0,1,2,0,0,0,0,1,1,0,0,41,6,5,0,0,0,248.0
3/27/20,3,0,0,0,0,0,1,1,11,1,1,1,0,39,0,6,0,1,14,3,2,0,0,0,2,2,0,0,0,0,0,0,1,0,0,17,0,0,1,0,3,3,0,0,0,2,2,0,0,0,5,3,0,0,94,2,5,1,14,7,2,2,2,0,0,0,0,1,1,0,0,49,8,9,0,0,0,322.0
3/28/20,3,0,0,0,0,0,1,1,11,1,1,1,0,46,0,6,0,1,16,3,4,0,0,0,2,2,0,0,0,0,0,0,1,0,0,18,0,0,1,1,3,3,0,0,0,3,2,0,0,0,7,3,1,0,107,2,6,4,14,12,2,3,2,0,0,0,0,2,2,0,0,57,8,14,0,0,0,377.0
3/29/20,4,0,0,0,0,0,1,1,12,1,1,1,0,51,0,11,0,1,16,4,4,0,0,2,4,2,0,0,0,0,0,0,1,0,0,20,0,0,1,1,3,3,0,0,0,3,2,0,0,0,7,3,3,0,120,3,10,4,15,13,2,3,2,0,0,1,1,2,2,1,0,61,8,18,0,0,0,429.0
3/30/20,4,0,0,0,1,0,1,1,15,1,1,1,0,60,0,12,1,1,18,4,7,0,0,2,6,3,0,0,0,0,0,0,1,0,0,20,0,0,1,1,4,4,1,0,0,4,2,0,0,0,7,3,4,0,134,3,11,6,15,14,2,3,2,0,0,1,1,2,2,1,0,65,8,20,0,0,0,481.0
3/31/20,4,0,0,0,1,0,1,1,19,1,4,1,0,65,0,15,1,1,21,4,7,0,0,2,6,2,0,0,0,0,0,0,1,0,0,24,0,0,1,1,5,4,1,0,0,4,3,0,0,0,8,4,5,0,155,3,16,7,15,15,2,5,5,0,0,3,1,2,5,1,0,83,10,21,0,0,0,566.0
4/1/20,8,0,0,0,1,0,1,1,24,1,7,1,0,87,0,21,1,2,27,4,8,0,0,4,7,3,0,2,0,0,0,0,2,0,0,24,0,0,2,1,5,4,1,0,0,5,9,0,0,0,13,5,5,0,192,4,19,7,15,16,2,5,6,0,0,4,1,2,6,1,0,115,15,23,0,0,0,719.0
4/2/20,9,0,1,0,1,0,2,2,28,1,7,1,0,121,0,27,1,2,36,5,10,0,0,4,8,3,0,2,0,0,0,0,2,0,0,24,2,1,2,1,6,5,2,0,0,5,11,0,0,0,15,5,6,0,216,5,22,8,15,18,2,5,9,0,0,8,1,4,7,1,0,151,24,24,0,0,1,879.0
4/3/20,14,0,1,0,1,0,3,2,29,1,7,1,0,130,0,33,4,2,39,5,11,0,0,5,8,5,1,5,0,0,0,0,4,0,0,25,3,1,2,1,7,5,2,1,0,5,10,1,0,0,16,5,7,0,237,7,21,8,16,18,2,7,11,0,0,10,1,4,8,1,0,175,30,28,1,0,1,988.0
4/4/20,14,0,1,0,1,0,3,4,32,1,10,2,0,169,0,37,4,3,43,5,11,0,0,5,11,6,1,6,0,0,0,0,4,0,0,29,3,1,4,1,7,6,2,1,0,7,11,1,0,0,17,5,8,0,256,11,25,10,16,20,3,7,11,0,0,12,2,4,9,1,1,221,40,33,0,0,1,1159.0
4/5/20,18,0,1,0,1,0,3,4,33,1,12,2,0,171,0,39,4,3,44,5,12,0,0,5,9,7,1,25,0,0,0,0,4,0,0,30,3,1,4,1,7,6,2,1,0,9,12,1,1,0,20,6,9,0,265,11,27,11,22,20,6,7,12,0,0,13,2,4,9,2,1,240,47,35,0,0,1,1252.0
4/6/20,20,0,1,0,1,0,3,5,35,1,14,2,0,180,0,41,4,5,45,5,13,0,0,5,10,8,1,26,0,0,0,0,4,1,0,30,3,1,4,1,9,6,2,1,0,10,12,1,1,0,20,6,9,0,279,11,31,12,22,21,6,8,13,0,0,15,3,7,11,3,1,249,49,39,0,0,1,1327.0
4/7/20,25,0,1,1,1,0,3,6,40,1,16,2,0,203,0,42,4,4,47,5,13,1,0,5,12,9,1,31,0,0,0,0,6,1,0,33,3,1,4,1,10,6,2,1,1,12,16,2,2,0,21,6,10,0,303,11,34,14,23,24,7,9,19,0,0,17,3,10,11,3,1,273,55,43,0,0,1,1472.0
4/8/20,25,0,1,1,1,0,3,6,40,1,16,2,0,212,0,44,4,5,47,5,13,1,0,5,11,9,1,32,0,0,0,0,6,1,0,33,3,1,4,1,10,6,2,1,1,12,15,2,1,0,21,6,10,0,317,11,33,15,23,24,7,9,20,0,0,19,4,10,11,3,1,293,57,45,0,0,1,1524.0
4/9/20,25,0,1,1,1,0,3,6,48,1,17,2,0,231,0,47,4,5,48,5,14,1,0,5,13,9,1,37,0,0,0,0,6,1,0,36,3,1,4,3,10,7,2,1,1,12,17,2,1,0,21,6,10,0,385,13,41,17,24,25,7,9,24,0,0,19,4,10,13,3,1,308,57,54,0,0,1,1684.0
4/10/20,26,0,1,1,1,0,3,8,52,1,18,2,0,236,0,47,4,6,53,5,23,1,0,5,11,11,1,46,0,0,0,0,6,1,0,41,5,1,4,3,11,7,2,1,1,13,18,2,1,0,21,6,10,1,413,13,45,17,26,28,8,9,25,0,0,23,6,10,13,3,1,314,65,57,0,0,1,1794.0
4/11/20,27,0,1,1,1,0,3,9,56,1,18,2,0,247,0,49,4,6,54,5,24,1,0,6,10,11,2,48,0,0,0,0,7,1,0,42,5,1,4,3,11,7,2,1,1,13,18,2,1,0,21,6,10,1,425,13,45,16,26,28,8,9,25,0,0,24,6,9,13,3,1,323,67,83,0,0,1,1868.0
4/12/20,27,0,1,1,1,0,3,9,56,1,18,2,0,264,0,49,4,7,55,5,50,1,0,6,10,11,2,49,0,0,0,0,7,1,0,43,5,1,4,3,11,7,2,1,1,14,18,3,1,0,21,6,10,1,435,13,50,18,26,28,8,9,26,0,0,25,7,9,14,3,1,332,69,104,0,0,1,1970.0
4/13/20,27,1,1,1,1,0,4,9,57,1,20,2,0,267,0,51,5,7,56,6,63,1,0,7,11,11,2,50,0,0,0,0,7,1,0,45,6,2,4,3,10,7,2,1,1,15,19,6,1,0,22,6,10,1,455,14,56,23,27,29,10,10,26,0,0,25,7,11,15,5,1,337,73,114,0,0,1,2069.0
4/14/20,28,1,1,1,1,0,4,10,62,1,20,3,0,277,0,52,5,9,60,7,71,1,0,7,10,12,2,49,0,0,0,0,7,1,2,45,6,2,4,3,10,7,2,2,1,14,18,6,1,0,25,6,11,1,474,14,59,22,27,28,11,10,28,0,0,28,7,11,15,6,1,358,98,118,0,0,1,2184.0
4/15/20,29,1,1,1,2,0,5,35,63,1,21,3,0,294,0,52,5,8,57,7,72,2,0,7,10,14,2,50,0,0,0,0,6,1,2,45,6,2,4,4,10,7,2,2,1,16,19,7,1,0,26,6,11,1,483,14,61,22,27,29,13,10,28,0,0,30,7,10,15,9,1,362,102,118,0,0,1,2263.0
4/16/20,29,1,1,1,2,0,5,48,65,1,22,3,0,301,0,57,5,7,58,7,74,2,0,9,10,16,2,50,0,0,0,0,6,1,2,46,6,2,4,5,11,8,2,2,1,19,20,7,2,0,25,6,11,1,497,14,61,24,28,34,14,10,32,0,0,30,7,10,15,9,1,376,107,124,0,0,1,2357.0
4/17/20,29,1,1,1,2,0,5,48,65,1,22,3,0,301,0,57,5,7,58,7,74,2,0,9,10,16,2,50,0,0,0,0,6,1,2,46,6,2,4,5,11,8,2,2,1,19,20,7,2,0,25,6,11,1,497,14,61,24,28,34,14,10,32,0,0,30,7,10,15,9,1,376,107,124,0,0,1,2357.0
4/18/20,29,1,1,1,2,0,5,48,65,1,22,3,0,301,0,57,5,7,58,7,74,2,0,9,10,16,2,50,0,0,0,0,6,1,2,46,6,2,4,5,11,8,2,2,1,19,20,7,2,0,25,6,11,1,497,14,61,24,28,34,14,10,32,0,0,30,7,10,15,9,1,376,107,124,0,0,1,2357.0
4/19/20,43,1,1,1,2,0,5,51,73,1,24,3,0,313,0,67,5,8,68,9,83,2,0,11,10,20,2,55,0,1,2,0,6,1,3,46,6,3,4,6,10,9,2,2,2,19,0,0,0,1,26,6,13,1,560,15,64,27,28,37,17,10,36,0,0,38,7,10,15,13,2,411,108,140,0,1,1,2567.0
4/20/20,46,1,1,1,2,0,5,52,75,1,24,3,0,324,0,71,5,8,68,10,86,2,0,11,11,23,2,57,0,1,2,0,6,1,3,46,6,3,4,6,10,9,2,2,2,19,22,8,2,1,26,6,13,1,574,15,65,27,28,39,18,10,36,0,0,38,7,10,19,20,2,422,108,148,0,3,1,2680.0
4/21/20,47,1,1,1,2,0,6,52,76,1,24,3,1,345,0,72,5,8,69,10,87,2,0,11,12,23,2,57,0,1,3,0,8,2,3,46,6,3,4,7,10,10,2,2,2,19,23,8,2,1,26,6,13,1,590,15,65,27,28,39,20,10,36,0,0,40,9,10,19,32,1,432,112,192,0,3,1,2807.0
4/22/20,49,1,1,1,2,0,6,53,82,1,25,3,1,372,0,71,5,8,70,10,88,2,0,11,12,25,2,61,0,1,3,0,8,2,3,46,6,3,4,8,10,10,2,2,2,19,25,8,2,1,26,6,14,1,607,16,65,28,28,40,20,10,37,0,0,42,9,10,19,34,1,437,112,201,0,3,1,2894.0
4/23/20,50,1,1,1,2,0,6,53,86,2,25,3,1,388,0,75,5,9,71,10,89,2,0,11,13,31,2,63,0,1,3,0,13,2,3,47,6,4,4,8,10,11,2,2,2,19,28,8,2,1,26,6,16,1,634,16,68,29,28,40,22,10,38,0,0,44,8,10,19,46,1,454,112,208,0,3,2,3017.0
4/24/20,53,1,1,2,2,0,6,53,88,2,26,3,1,393,0,76,5,9,72,10,90,2,0,11,13,31,2,64,0,1,3,0,13,2,3,47,7,4,4,9,10,12,2,2,2,19,30,8,2,1,26,6,17,1,670,16,71,29,28,43,22,10,40,0,0,45,8,11,19,59,1,467,114,216,1,3,1,3121.0
4/25/20,54,1,1,2,3,0,6,53,90,2,26,3,1,400,0,76,5,9,73,10,90,2,0,11,13,34,2,64,0,1,3,0,14,2,4,47,7,4,4,9,10,12,2,2,2,21,30,8,2,1,26,6,19,1,694,16,71,29,28,43,21,10,40,0,0,46,8,11,20,68,1,479,114,222,1,3,1,3194.0
4/26/20,55,1,1,3,5,0,6,58,91,2,26,3,1,403,0,79,5,9,76,10,90,2,0,11,13,34,2,64,0,1,5,0,15,2,3,47,8,4,5,9,10,13,2,2,2,21,30,8,2,1,26,6,20,1,696,16,72,29,29,44,25,10,40,0,0,47,8,12,20,73,1,491,114,229,1,3,1,3254.0
4/27/20,55,1,1,3,5,0,6,58,91,2,26,3,1,404,0,79,5,9,76,10,90,2,0,11,13,34,2,64,0,1,5,0,15,2,3,47,8,4,5,10,11,13,2,2,2,21,30,8,2,1,26,6,20,1,703,16,72,29,29,44,25,10,42,1,0,47,8,12,20,85,1,490,115,231,1,3,1,3281.0
4/28/20,64,1,1,5,5,0,8,61,96,2,26,3,1,410,0,79,5,10,76,10,90,2,0,15,13,35,2,64,0,1,5,0,15,2,3,47,8,4,5,10,11,13,2,3,2,21,35,8,2,1,26,6,20,1,729,16,72,32,29,44,27,10,43,1,0,50,10,12,22,107,1,506,116,244,0,3,1,3410.0
4/29/20,64,1,1,5,5,0,8,61,97,2,27,3,1,417,0,79,5,10,77,10,90,2,0,15,13,35,2,64,0,1,4,0,15,2,3,47,8,4,5,10,12,14,2,3,2,21,35,8,2,1,26,6,21,1,743,16,73,31,29,44,28,10,43,1,0,52,10,12,22,119,1,522,118,248,0,3,1,3473.0
4/30/20,64,1,1,8,5,0,8,62,98,3,27,3,1,419,0,80,5,10,77,10,90,2,0,17,13,36,2,65,0,1,4,0,15,2,3,47,8,5,5,11,13,15,2,3,2,22,53,8,2,1,27,6,21,1,773,16,75,31,29,44,29,10,45,1,0,59,10,12,22,131,1,567,119,256,0,3,1,3618.0
5/1/20,65,1,1,9,5,0,8,64,98,3,27,3,1,426,0,81,5,11,80,10,91,2,0,17,14,36,2,65,0,1,4,0,16,2,3,47,8,5,5,11,12,16,2,3,2,24,74,8,2,1,27,6,21,1,816,16,76,34,29,44,32,10,48,1,0,60,11,12,22,138,2,584,120,263,0,3,1,3748.0
5/2/20,65,1,1,13,5,0,9,64,98,3,27,3,1,430,0,84,5,11,80,10,91,2,0,18,14,38,2,65,0,1,5,0,16,2,3,47,8,5,5,13,14,16,2,3,2,24,74,8,2,2,27,6,21,1,822,16,76,34,29,44,35,10,51,1,0,65,12,12,22,172,2,607,122,268,0,3,1,3851.0
5/3/20,65,1,1,14,5,0,9,69,100,4,27,3,1,432,0,98,5,11,80,11,91,2,0,19,14,39,2,65,0,1,5,0,17,2,3,47,8,5,5,13,14,16,2,3,2,24,77,8,2,2,27,6,21,1,838,16,76,34,29,44,39,10,52,1,0,66,12,12,22,201,14,628,122,273,0,3,1,3972.0
5/4/20,65,1,1,14,6,1,9,72,102,4,27,3,1,436,0,102,5,12,80,11,91,2,0,19,14,40,2,65,0,1,5,0,17,2,3,47,8,5,5,13,14,16,2,3,2,24,77,8,3,2,27,6,21,1,841,16,78,34,29,44,38,10,52,1,0,67,12,12,22,236,14,639,122,276,0,3,1,4044.0
5/5/20,66,1,1,15,6,2,9,77,103,5,29,3,1,439,0,104,5,12,80,11,92,2,0,21,14,40,2,65,0,1,5,0,18,2,3,48,8,5,5,13,16,17,2,4,2,24,84,8,3,2,27,6,21,1,853,16,78,34,29,44,39,10,52,1,0,68,19,12,22,252,15,645,123,281,0,3,1,4127.0
5/6/20,68,1,1,15,6,2,12,77,103,5,29,3,1,447,0,113,5,13,81,11,92,2,0,21,14,41,2,65,0,1,5,0,19,2,3,48,8,5,5,13,16,17,2,4,2,24,84,8,4,2,27,7,21,1,868,16,77,34,29,44,39,10,52,1,0,68,19,13,22,274,15,653,123,283,0,3,1,4202.0
5/7/20,69,1,1,17,6,2,12,89,107,6,29,3,1,448,0,115,5,13,82,11,92,2,0,21,14,41,2,65,0,1,5,0,19,2,3,48,8,5,5,13,16,18,3,4,2,24,84,8,4,2,28,7,21,1,895,17,82,34,29,44,39,10,53,1,0,69,19,13,22,308,16,676,125,289,0,3,1,4330.0
5/8/20,72,1,1,19,6,2,12,97,107,6,30,3,1,453,0,116,5,13,82,11,92,2,0,22,14,42,2,65,0,1,5,0,19,3,3,48,8,6,5,13,17,18,3,5,2,24,85,8,5,2,28,7,22,1,905,16,85,34,29,45,39,10,54,1,0,70,20,13,22,343,19,684,126,291,0,3,1,4424.0
5/9/20,74,1,1,20,6,2,12,100,110,6,30,3,1,455,0,124,5,13,82,11,92,2,0,22,14,45,2,65,0,1,5,0,19,3,3,48,8,7,5,13,17,18,3,5,2,24,85,8,5,2,29,7,22,1,927,16,88,34,29,45,39,10,54,1,0,70,20,13,22,345,19,695,125,296,0,3,1,4490.0
5/10/20,74,1,1,20,6,3,12,108,111,6,30,3,1,456,0,124,5,13,82,11,92,2,0,22,15,45,2,65,0,1,5,0,19,3,3,48,8,7,5,13,17,18,3,5,2,24,85,8,5,2,29,7,22,1,945,16,88,34,29,45,39,10,54,1,0,70,21,14,22,403,19,700,129,296,0,3,1,4589.0
5/11/20,72,1,1,20,6,3,12,108,111,6,30,3,1,456,0,124,5,13,82,11,93,2,0,22,15,46,2,65,0,1,5,0,19,3,3,48,8,6,5,13,17,18,3,5,2,25,85,8,5,2,29,7,22,1,954,16,89,34,29,45,39,10,54,1,0,70,21,14,22,404,19,708,129,301,0,3,1,4613.0
5/12/20,74,1,2,19,6,2,12,109,114,6,30,3,1,457,0,151,5,12,82,12,94,2,0,21,15,52,2,66,0,1,5,0,20,3,3,48,9,6,5,13,17,18,3,6,2,26,85,8,5,2,29,7,23,1,997,16,90,34,29,44,39,10,54,1,0,71,21,14,22,424,19,717,130,300,0,3,1,4731.0
5/13/20,74,1,2,20,6,2,12,110,115,6,30,3,1,458,0,184,5,12,83,12,94,2,0,22,15,54,2,66,0,1,5,0,20,3,3,49,10,6,5,13,17,18,3,6,2,26,86,8,5,2,29,7,23,2,1007,16,90,34,29,44,39,10,55,1,0,72,21,14,22,474,20,734,131,300,0,3,1,4857.0
5/14/20,74,1,1,20,6,1,12,110,116,7,29,3,1,458,0,197,5,13,83,12,93,2,0,22,15,58,2,66,0,1,5,0,21,3,3,49,10,6,5,14,17,18,3,6,2,26,86,9,5,2,30,7,23,2,1013,16,90,34,29,44,39,10,55,1,0,72,21,14,22,541,21,743,131,301,1,3,1,4962.0
5/15/20,74,1,1,22,6,2,12,111,116,8,29,3,1,459,0,205,5,13,83,12,93,2,0,23,16,60,2,66,0,1,5,0,21,3,3,49,10,7,5,13,17,18,3,6,4,27,86,9,8,2,29,7,23,2,1035,16,91,35,29,44,39,10,55,1,0,72,21,14,23,606,21,752,133,301,1,3,1,5086.0
5/16/20,74,1,1,23,6,3,13,112,116,8,29,3,1,466,0,215,5,13,83,12,95,2,0,23,15,64,2,66,0,1,5,0,21,3,3,49,10,6,5,13,18,18,3,6,4,28,86,11,10,2,29,7,23,2,1070,18,91,34,29,45,38,11,56,1,0,72,21,14,24,658,22,776,136,302,1,3,1,5237.0
5/17/20,75,1,1,23,6,3,14,114,117,9,29,4,1,468,0,224,5,14,84,12,95,2,0,23,15,64,2,66,0,1,5,0,21,3,3,49,10,6,6,13,18,18,3,6,4,28,86,11,10,2,30,7,23,2,1074,18,91,35,29,45,38,11,57,1,0,72,21,14,24,696,22,781,137,303,1,3,1,5310.0
5/18/20,75,1,1,23,6,3,17,120,118,13,29,5,1,468,0,225,5,14,85,12,95,2,0,23,15,64,2,66,0,1,5,0,21,3,3,50,10,6,6,13,19,18,4,6,6,28,86,11,10,2,30,7,23,2,1075,18,91,35,29,45,39,11,57,1,0,72,21,14,26,752,22,787,137,303,1,3,1,5398.0
5/19/20,77,1,1,23,6,3,19,122,120,15,29,6,1,470,0,229,5,15,85,12,96,2,0,23,15,65,2,66,0,1,5,0,21,3,3,50,10,6,6,13,19,18,4,6,6,28,95,12,10,2,30,7,23,2,1087,18,92,35,29,45,39,11,57,1,0,72,21,14,26,784,22,802,137,304,1,3,1,5489.0
5/20/20,78,1,1,23,6,3,19,126,120,15,29,12,1,472,1,229,5,15,85,12,96,2,0,24,15,68,2,66,0,1,6,0,21,3,3,50,10,6,5,13,19,18,4,6,6,28,95,13,10,2,30,7,23,2,1093,18,92,35,29,45,39,11,56,2,0,72,21,14,25,791,22,814,137,304,1,3,1,5532.0
5/21/20,78,1,1,24,6,4,19,132,122,16,28,12,1,482,1,235,5,15,87,12,97,3,0,24,15,71,2,66,0,1,6,0,21,3,3,51,10,6,5,13,21,18,4,6,7,28,95,13,11,2,32,7,23,3,1109,21,92,35,29,45,40,11,56,2,0,73,21,14,36,820,22,852,140,307,1,3,3,5680.0
5/22/20,79,1,1,24,6,4,19,132,123,21,28,14,1,481,1,236,5,15,88,12,97,3,0,25,15,72,2,66,0,1,6,0,21,3,3,51,11,6,5,13,21,18,6,6,7,29,95,18,11,2,34,7,23,2,1179,22,93,35,29,45,40,11,56,2,0,73,21,14,37,851,22,890,143,309,1,3,3,5849.0
5/23/20,82,1,1,24,6,4,21,136,124,22,28,14,1,487,1,270,5,15,89,12,99,3,0,25,15,73,2,66,0,1,6,0,21,3,3,52,13,6,5,13,21,18,14,6,7,29,97,23,11,2,35,7,23,3,1189,22,94,35,29,45,40,11,56,2,0,78,21,14,37,855,22,903,145,310,1,3,3,5960.0
5/24/20,82,1,1,24,6,4,22,136,126,22,28,18,1,489,1,270,5,15,90,12,99,3,0,26,15,76,2,66,0,1,6,0,21,3,3,52,11,6,5,13,21,19,14,6,7,29,98,25,11,2,35,7,23,3,1203,23,94,35,29,45,40,12,57,2,0,78,22,14,37,881,22,915,148,310,2,3,4,6037.0
5/25/20,82,1,1,24,6,5,22,146,128,23,28,21,1,490,1,268,5,15,91,12,99,3,0,26,15,79,2,66,0,1,6,0,23,3,3,52,11,6,5,14,21,19,15,6,8,30,98,29,11,2,35,7,23,3,1208,23,94,35,29,45,40,12,57,2,0,78,23,14,37,886,23,926,148,310,2,3,4,6090.0
5/26/20,82,1,1,24,6,6,22,150,128,25,29,25,1,493,1,270,5,15,92,12,100,4,0,26,15,80,2,66,0,1,6,0,24,3,3,52,11,6,5,14,22,19,15,6,8,30,98,29,11,2,36,7,23,3,1216,23,94,35,29,45,40,12,57,2,0,78,23,14,37,890,23,935,149,312,2,3,4,6138.0
5/27/20,82,1,2,24,6,6,23,153,128,36,29,27,1,494,1,274,5,15,93,13,100,4,0,26,16,83,2,66,0,1,6,0,24,4,3,52,11,6,5,14,22,19,15,6,8,30,101,32,11,3,39,7,23,3,1227,23,93,35,30,45,40,12,58,2,0,79,23,14,37,902,23,958,150,314,2,3,4,6229.0
5/28/20,84,1,2,24,6,6,23,154,128,38,29,30,1,496,1,278,5,15,93,13,100,4,0,26,16,83,2,66,0,1,6,0,24,4,3,52,11,6,5,14,22,19,15,6,8,30,103,33,11,4,43,7,23,3,1241,23,94,35,30,45,40,12,59,2,0,80,24,14,37,904,23,960,150,314,2,3,4,6273.0
5/29/20,85,1,3,24,6,6,24,155,129,39,28,32,1,498,1,279,5,15,93,13,100,2,0,26,17,85,2,66,0,1,6,1,24,3,3,52,11,6,5,14,22,19,15,6,8,30,104,34,11,4,46,7,23,6,1254,25,95,35,30,45,40,13,59,2,0,80,26,14,37,908,23,983,150,314,2,3,4,6338.0
5/30/20,87,1,3,24,6,6,26,158,132,41,29,39,1,500,1,279,5,15,94,16,100,2,0,27,17,92,2,66,0,1,6,1,27,3,3,53,11,6,5,14,22,19,15,6,8,30,104,35,11,4,48,7,23,4,1263,26,95,35,31,45,41,13,59,2,0,81,26,15,38,917,23,998,149,316,2,3,5,6418.0
5/31/20,87,1,3,24,6,6,26,158,132,41,29,39,1,500,1,279,5,15,94,16,100,2,0,27,17,92,2,66,0,1,6,1,27,3,3,53,11,6,5,14,22,19,15,6,8,30,104,35,11,4,48,7,23,4,1263,26,95,35,31,45,41,13,59,2,0,81,26,15,38,917,23,998,149,316,2,3,5,6418.0
6/1/20,88,1,3,24,10,6,29,162,133,45,29,39,1,503,1,283,5,15,95,20,100,2,0,28,18,97,2,66,0,1,6,1,27,3,3,54,11,6,5,14,22,19,15,6,8,30,105,41,11,4,48,7,23,4,1284,26,95,35,31,45,41,14,62,2,0,81,26,15,38,926,23,1022,150,325,2,3,5,6530.0
6/2/20,91,1,4,24,10,7,31,164,133,45,30,76,1,506,3,285,5,15,96,26,100,3,0,27,18,99,2,66,0,1,6,3,27,4,3,56,11,6,5,14,22,19,16,6,8,30,106,71,12,4,49,7,23,5,1294,25,95,35,31,46,41,15,63,3,0,82,26,15,38,934,23,1057,150,327,2,3,5,6692.0
6/3/20,91,1,4,24,7,8,32,167,133,45,31,87,1,511,3,290,5,15,97,30,100,3,0,27,18,100,2,66,0,1,6,3,27,4,3,57,11,6,5,14,22,19,16,6,8,30,106,75,12,5,60,7,23,5,1309,25,96,35,31,48,41,15,63,5,0,82,28,15,40,939,23,1087,150,334,2,3,5,6805.0
6/4/20,93,1,4,24,7,8,33,168,137,51,31,90,1,514,3,293,5,15,98,31,100,3,0,28,18,104,2,66,0,1,6,3,27,4,3,57,12,6,5,14,22,19,16,6,10,31,107,77,14,5,60,7,23,5,1328,25,102,35,32,48,41,15,63,5,0,83,30,16,41,944,23,1109,151,338,2,3,5,6907.0
6/5/20,93,1,4,24,7,9,35,168,141,51,31,97,1,520,5,306,5,15,99,32,100,3,0,29,18,107,2,66,0,1,6,3,27,4,3,57,12,6,5,14,22,19,16,6,10,31,109,79,14,5,61,7,23,5,1350,25,102,35,32,48,41,17,63,5,0,83,30,17,41,944,23,1134,153,339,2,4,5,7007.0
6/6/20,93,1,4,24,7,9,35,168,141,51,31,98,1,519,5,309,5,15,99,32,100,2,0,29,18,107,2,66,0,1,6,3,27,4,3,59,12,6,5,15,22,19,16,6,9,31,109,81,14,5,61,7,23,5,1360,26,101,35,33,48,41,18,63,5,0,85,30,17,41,944,23,1165,153,340,2,4,5,7059.0
6/7/20,94,1,4,27,7,9,36,170,142,52,33,98,1,520,5,310,5,16,100,34,102,2,0,30,20,115,2,66,0,1,6,3,28,4,3,59,12,6,5,15,22,21,17,6,11,34,109,84,14,6,62,7,24,5,1369,26,101,35,34,48,42,18,64,5,0,85,30,17,44,947,23,1188,156,340,2,4,7,7150.0
6/8/20,94,1,4,27,7,9,36,170,142,53,33,100,1,524,5,310,5,16,100,34,102,2,0,30,20,115,2,66,0,1,6,3,28,4,3,59,12,6,5,16,23,21,17,6,11,34,110,97,14,6,64,7,24,5,1384,27,102,35,34,51,42,18,64,5,0,87,30,17,44,947,23,1196,156,340,2,4,7,7205.0
6/9/20,95,1,5,27,7,10,40,174,143,55,37,100,1,529,5,311,5,16,101,35,103,2,0,31,20,115,2,66,0,1,6,3,29,4,3,60,12,6,5,16,22,21,21,6,11,35,110,109,14,6,67,7,24,6,1404,29,102,35,34,52,43,20,65,5,0,89,30,18,43,954,23,1261,158,343,2,5,8,7363.0
6/10/20,95,1,5,27,7,10,46,174,144,55,37,101,1,529,5,312,5,16,102,37,104,2,0,31,20,115,2,66,0,1,6,3,30,4,3,60,12,6,5,16,22,21,21,6,12,37,110,117,14,6,67,7,24,6,1436,29,103,35,35,55,44,20,66,6,0,92,30,19,43,955,23,1308,161,343,2,5,8,7483.0
6/11/20,95,1,5,29,7,9,47,173,144,57,39,101,1,533,6,317,5,16,101,38,104,2,0,31,20,115,2,66,0,1,6,3,30,4,4,64,12,6,5,17,22,22,20,6,13,46,112,122,14,6,69,7,24,6,1461,29,104,36,35,60,44,20,66,6,0,92,30,19,44,956,23,1372,164,344,2,5,9,7626.0
6/12/20,95,1,8,30,7,9,49,173,146,57,41,102,1,539,6,319,5,16,102,40,107,2,0,45,20,116,2,66,0,1,6,3,32,4,4,65,12,6,5,18,22,22,21,6,13,50,114,137,15,6,70,8,25,6,1517,29,104,36,36,72,44,20,67,7,0,93,31,19,44,963,23,1443,165,345,2,5,9,7849.0
6/13/20,96,1,8,30,7,9,48,175,148,57,43,102,1,544,6,333,5,16,105,41,107,2,0,46,20,116,2,66,0,1,6,3,30,4,4,65,12,6,6,19,22,23,22,6,15,56,113,143,16,6,74,9,25,6,1561,29,106,37,41,97,43,21,67,7,0,95,31,20,44,968,23,1525,168,348,2,5,9,8073.0
6/14/20,96,1,8,30,8,10,48,175,150,57,48,102,1,546,6,337,5,16,106,41,108,4,0,47,28,117,2,66,0,1,6,3,30,4,5,65,12,6,6,20,24,23,23,6,15,56,116,148,16,11,77,14,25,6,1597,30,112,37,41,100,43,21,71,7,0,97,31,21,45,975,23,1564,169,348,2,5,11,8231.0
6/15/20,96,1,8,30,8,12,48,176,156,60,48,102,1,552,6,341,5,16,106,41,109,5,0,47,30,118,2,66,0,1,6,3,30,4,5,65,13,6,6,20,24,25,25,6,16,56,116,151,16,11,79,14,25,6,1643,30,114,37,41,104,43,21,72,7,0,99,31,21,45,975,23,1653,171,350,2,5,11,8417.0
6/16/20,96,1,9,30,8,11,51,176,160,60,50,105,1,564,6,339,5,16,108,42,111,4,0,51,33,118,2,66,0,1,6,3,32,4,5,69,13,6,7,20,27,24,26,6,20,59,118,158,21,11,77,18,26,6,1673,31,114,41,41,142,43,21,75,7,0,100,31,21,47,975,23,1729,173,353,3,5,11,8645.0
6/17/20,96,1,9,30,8,11,57,178,167,60,52,106,1,576,6,342,5,16,108,42,112,4,0,51,33,120,2,66,1,1,6,3,32,4,6,70,13,6,7,20,24,24,25,6,20,59,118,166,23,13,77,20,26,6,1754,31,116,42,41,156,44,22,78,7,0,98,31,21,48,975,23,1825,181,357,3,5,11,8904.0
6/18/20,101,1,11,30,8,12,64,181,175,62,58,107,1,605,6,360,5,17,118,46,112,4,0,53,39,122,2,66,1,1,7,3,32,4,8,72,13,6,7,25,26,25,25,7,21,60,120,189,25,12,80,24,27,7,1861,32,124,42,41,179,47,24,79,7,0,113,31,21,48,976,23,1945,189,361,3,5,11,9355.0
6/19/20,103,1,11,30,8,13,68,181,186,63,60,107,1,620,6,361,5,17,121,45,114,4,0,54,41,123,2,66,1,1,7,3,32,4,8,77,17,6,7,25,25,26,25,7,21,60,121,200,27,13,88,26,27,6,1946,36,125,42,46,208,47,24,80,8,0,122,33,22,48,977,23,2070,194,365,3,5,12,9707.0
6/20/20,104,1,13,30,8,14,69,180,192,66,65,107,1,640,6,364,5,18,122,49,115,4,0,55,43,123,2,66,1,1,7,3,32,4,8,79,18,6,7,26,25,26,25,7,22,65,124,245,29,13,92,26,27,7,1990,40,130,43,47,215,48,23,83,9,0,123,33,22,49,978,23,2206,202,367,3,5,12,10038.0
6/21/20,107,1,13,30,8,14,71,180,197,69,66,107,1,677,6,365,5,18,123,49,117,4,0,55,45,125,2,66,1,1,7,5,32,4,8,80,19,6,7,27,26,28,26,8,22,69,130,302,38,13,94,28,28,7,2099,45,140,44,48,242,48,27,85,9,0,126,35,25,49,980,23,2349,210,375,3,5,12,10516.0
6/22/20,108,1,14,30,9,14,72,181,200,70,66,108,1,684,6,377,5,18,124,50,117,4,1,55,49,125,2,66,1,1,7,5,34,4,9,80,19,6,7,27,27,30,26,8,23,70,130,331,40,14,97,29,28,11,2147,48,142,44,50,264,50,27,88,8,0,128,35,26,49,980,23,2392,215,377,3,5,12,10734.0
6/23/20,110,1,14,30,9,14,72,181,207,74,66,108,1,711,6,377,5,18,127,51,118,4,1,60,51,125,2,66,1,1,7,5,34,4,10,81,20,6,7,28,28,33,26,8,25,70,133,349,40,14,100,30,29,11,2230,48,146,44,51,278,50,28,90,8,0,132,35,27,49,983,23,2483,216,381,3,5,12,11031.0
6/24/20,110,1,14,30,11,14,75,182,218,75,68,108,1,735,6,381,5,18,128,51,119,4,1,62,52,124,2,66,1,1,7,6,33,4,10,83,21,6,7,29,28,35,27,8,25,71,133,363,43,14,102,31,32,11,2317,50,155,43,51,294,51,29,89,8,0,142,35,28,50,983,23,2742,223,385,3,5,12,11510.0
6/25/20,111,1,14,30,12,14,78,182,227,80,70,108,1,763,6,383,5,19,129,52,121,4,1,64,54,126,2,66,1,1,7,6,34,5,10,83,24,6,7,29,29,37,27,8,25,73,139,385,48,15,102,34,32,11,2410,51,154,44,51,300,52,33,91,10,0,145,36,28,52,984,23,2949,226,388,3,5,12,11948.0
6/26/20,111,1,16,30,12,15,83,184,238,82,73,108,1,780,7,386,6,19,134,54,124,5,1,64,58,128,2,66,1,1,8,7,35,5,10,86,25,6,9,30,29,39,29,8,25,75,141,394,49,16,103,36,33,12,2486,54,154,44,51,335,55,33,96,10,0,152,36,31,55,984,23,3103,234,391,3,5,12,12347.0
6/27/20,111,1,18,30,12,15,85,184,249,82,74,110,1,795,7,391,6,19,139,54,127,5,1,64,62,130,2,66,1,1,8,7,35,5,10,91,26,6,9,30,29,41,29,8,25,76,142,406,49,18,105,37,33,13,2600,54,156,44,51,345,56,35,97,10,0,161,36,32,55,984,23,3178,238,391,3,5,12,12646.0
6/28/20,112,1,19,30,12,15,85,184,258,82,74,110,1,852,8,392,6,19,140,55,132,5,1,65,68,135,2,66,1,1,8,10,35,5,10,91,27,8,9,30,29,43,29,8,25,78,151,421,50,18,106,37,34,14,2663,59,158,47,53,354,57,37,99,10,0,164,36,32,55,985,23,3251,242,395,3,5,12,12947.0
6/29/20,114,1,19,30,11,14,86,185,266,82,74,110,1,873,8,399,6,19,140,55,136,5,1,66,69,138,2,66,1,1,9,10,35,6,12,92,27,8,9,31,29,44,30,8,26,79,154,436,52,19,106,38,34,14,2732,61,160,50,54,358,58,38,102,10,0,167,37,32,55,986,23,3304,246,396,3,5,12,13175.0
6/30/20,115,1,22,30,11,14,94,186,280,92,77,112,1,886,8,406,6,21,144,55,152,5,1,67,70,137,2,66,1,1,10,10,38,8,12,97,26,10,11,32,29,49,30,8,32,81,159,471,57,18,118,39,34,14,2913,62,165,70,56,382,58,39,104,11,0,178,40,40,63,987,23,3424,266,398,3,7,12,13757.0
7/1/20,115,1,22,30,11,14,100,189,289,95,79,112,1,911,8,408,6,22,147,55,153,5,1,68,73,139,2,66,1,1,10,11,38,8,13,98,26,10,11,33,30,49,30,8,32,82,167,483,59,18,123,39,34,14,3029,62,168,73,57,387,58,42,105,13,0,186,41,40,63,987,23,3544,269,400,3,7,12,14119.0
7/2/20,119,1,20,30,11,14,108,190,293,96,83,114,1,935,8,418,5,22,151,54,162,4,1,75,73,144,2,66,1,1,9,11,38,9,13,104,27,10,11,33,30,52,30,8,33,83,170,501,63,18,127,40,34,14,3135,64,174,76,57,398,59,44,109,15,0,192,43,41,63,986,24,3680,277,401,4,7,12,14531.0
7/3/20,119,1,24,30,11,14,113,191,307,120,87,114,1,1003,8,427,6,22,158,63,165,4,1,75,81,153,2,66,1,1,11,13,43,10,13,106,29,11,14,34,32,54,31,8,33,86,191,522,64,18,133,40,36,15,3263,68,176,77,57,407,61,44,112,16,0,202,43,44,64,990,24,3792,289,401,5,7,12,15069.0
7/4/20,120,1,25,32,11,18,123,193,325,127,90,118,1,1035,9,443,7,22,169,63,172,4,1,78,89,169,2,66,2,1,12,13,47,10,13,108,32,12,14,35,33,55,31,8,36,93,196,534,66,21,137,40,36,16,3393,68,182,80,58,417,64,44,115,17,0,214,43,46,65,993,25,3974,308,403,5,7,13,15648.0
7/5/20,121,1,25,32,11,18,124,195,337,128,90,119,1,1052,9,447,7,22,174,64,175,4,1,79,91,173,2,66,2,1,12,13,48,10,13,111,32,12,15,35,35,60,31,8,37,94,198,542,67,22,138,40,37,16,3479,95,185,81,58,426,64,45,117,17,0,217,43,47,65,993,25,4035,310,407,5,7,13,15931.0
7/6/20,123,1,27,32,11,17,134,197,360,132,90,120,1,1107,9,447,7,21,175,64,181,4,1,82,91,198,2,66,2,1,13,13,48,10,13,112,33,12,14,36,36,62,34,8,37,94,204,561,70,22,143,47,37,16,3607,100,186,85,58,438,65,50,119,17,0,222,43,50,72,993,25,4104,314,410,5,6,15,16362.0
7/7/20,129,1,29,32,13,18,136,200,387,140,95,120,1,1157,10,457,8,22,185,67,199,4,1,84,94,206,2,66,3,1,13,13,53,13,13,113,36,14,15,39,37,67,39,8,41,102,216,569,69,23,153,48,37,16,3819,104,187,120,60,452,67,51,121,17,0,262,46,52,70,997,25,4365,331,431,6,8,15,17220.0
7/8/20,130,1,30,32,13,18,146,200,409,151,97,121,1,1186,10,463,9,23,194,69,200,4,2,86,98,212,2,67,3,1,15,13,54,13,15,115,38,15,15,48,38,70,40,9,43,105,221,581,71,23,159,48,37,16,4039,113,188,121,61,455,69,63,134,17,0,278,48,57,74,998,25,4571,336,437,6,9,15,17894.0
7/9/20,136,1,31,32,13,18,154,202,430,159,105,123,1,1208,10,474,10,26,201,70,218,4,2,93,106,224,2,67,3,1,16,13,54,13,15,120,39,15,18,53,40,75,45,10,43,109,229,596,79,24,174,50,37,17,4194,127,194,132,65,465,69,67,142,20,0,291,53,59,76,1001,26,4693,344,440,7,9,15,18497.0
7/10/20,136,1,34,32,14,21,173,204,456,163,111,122,1,1238,10,479,11,27,204,72,229,4,2,102,111,228,2,68,3,1,16,14,55,15,15,123,40,14,19,54,41,85,46,14,43,114,230,600,84,25,182,51,38,17,4379,136,203,137,68,476,71,69,151,22,1,304,58,60,78,1004,26,4828,350,445,8,9,15,19092.0
7/11/20,136,1,34,32,14,22,180,206,479,170,118,122,1,1277,10,489,11,27,210,76,239,4,2,104,122,236,2,68,3,1,16,14,57,16,16,124,44,16,20,56,43,90,46,14,43,117,235,606,85,25,193,52,38,19,4613,146,214,141,68,478,71,70,158,25,1,324,64,62,81,1005,26,5005,366,448,8,9,15,19779.0
7/12/20,137,1,34,32,19,22,183,206,502,182,120,122,1,1319,10,498,11,27,212,78,242,4,2,104,122,241,2,68,3,1,16,14,57,16,16,124,46,16,20,57,44,98,46,14,43,122,238,610,86,25,196,52,38,19,4802,151,215,148,70,480,71,70,158,25,1,331,70,63,82,1005,26,5099,370,448,8,9,15,20235.0
7/13/20,137,1,34,32,22,22,184,208,519,182,121,126,1,1348,11,502,11,27,217,78,244,4,2,108,123,241,3,68,3,1,16,14,57,17,17,126,46,17,20,61,46,98,46,14,43,122,241,622,87,25,200,53,38,19,4986,157,218,157,71,481,76,72,159,25,1,342,72,65,83,1006,26,5267,376,449,8,9,15,20746.0
7/14/20,144,1,42,32,22,22,190,210,543,186,131,128,1,1448,12,517,12,27,223,85,261,4,2,132,133,254,3,69,3,2,17,15,72,18,18,129,50,17,22,63,47,101,48,15,47,139,261,631,88,25,216,53,39,20,5259,186,221,183,73,484,81,82,172,31,1,359,78,70,89,1006,26,5448,400,465,10,11,15,21740.0
7/15/20,160,1,42,32,25,22,199,214,594,203,138,131,1,1526,12,570,13,29,231,93,270,4,2,138,140,264,3,71,4,2,19,16,128,19,21,133,54,18,25,75,49,111,49,16,49,148,271,651,88,28,228,55,41,20,5591,196,228,190,75,493,83,93,178,35,1,368,80,73,102,1007,27,5626,410,474,12,11,15,22814.0
7/16/20,163,1,40,32,25,22,205,216,608,203,139,135,1,1576,13,584,12,31,233,95,272,4,1,140,143,285,3,71,4,2,19,17,166,19,23,139,58,18,25,77,53,117,49,16,49,151,277,659,92,28,230,56,40,22,5756,201,230,195,75,499,82,95,184,35,1,388,81,74,106,1007,30,5790,434,479,12,11,16,23440.0
7/17/20,166,1,41,32,25,22,219,220,631,207,141,135,1,1630,14,585,12,35,247,99,279,5,1,144,143,290,3,70,4,2,20,20,169,20,23,141,58,18,25,84,54,114,50,16,49,153,285,661,96,28,239,57,40,22,5978,204,237,203,78,511,85,96,191,37,3,402,81,79,111,1007,30,5997,440,483,13,11,17,24140.0
7/18/20,168,1,42,32,27,23,226,223,652,213,148,136,1,1670,16,591,12,37,267,107,288,7,1,160,145,302,4,71,4,2,21,22,211,20,23,146,60,18,25,86,58,119,55,16,50,177,286,680,99,29,246,58,41,23,6195,216,246,219,84,526,86,100,201,37,3,435,83,83,125,1007,32,6243,458,490,13,12,18,25057.0
7/19/20,170,1,45,32,27,23,239,225,667,213,149,141,1,1678,16,591,12,37,269,111,290,7,1,173,145,304,4,71,4,2,21,22,211,20,23,146,62,18,25,87,58,120,55,16,50,178,288,681,99,29,246,59,41,23,6271,218,246,219,84,526,87,100,204,39,3,435,84,83,125,1007,32,6285,460,490,12,12,18,25266.0
7/20/20,172,1,47,32,27,23,240,226,674,216,150,143,1,1693,18,594,12,37,272,112,293,7,1,176,146,304,5,71,4,2,21,22,215,20,23,147,63,18,25,89,58,120,55,16,51,178,289,695,100,29,247,59,41,23,6301,219,246,219,85,528,87,103,211,39,3,439,84,86,126,1007,32,6316,464,496,12,12,18,25436.0
7/21/20,196,1,47,33,27,23,252,232,686,224,169,147,1,1760,19,607,12,41,287,121,300,6,1,183,151,309,5,71,4,2,22,22,219,22,23,153,68,18,27,100,60,123,56,17,51,192,302,708,102,31,276,61,42,24,6492,233,252,224,84,551,89,106,216,40,3,465,89,102,130,1008,35,6536,488,502,12,12,21,26326.0
7/22/20,205,1,48,33,27,24,259,236,717,231,182,148,1,1847,20,609,12,44,299,126,316,4,1,186,152,325,5,72,4,2,23,25,228,23,25,156,70,19,29,102,63,128,57,18,58,202,315,728,109,39,288,65,45,24,6762,242,257,233,86,560,100,115,237,46,3,488,102,111,130,1009,36,6744,507,505,12,15,23,27298.0
7/23/20,209,1,50,33,27,24,268,243,744,232,189,148,1,1887,20,613,14,44,308,131,323,4,2,201,154,328,5,73,4,2,23,28,252,23,26,164,71,19,31,108,66,130,57,20,59,214,322,739,110,40,294,66,44,25,6981,251,270,244,92,565,103,116,246,47,6,499,106,118,130,1010,38,6856,516,506,14,16,26,27969.0
7/24/20,215,1,55,34,27,26,284,258,786,236,195,150,1,1958,20,618,14,47,321,134,341,4,2,220,166,347,6,77,5,2,23,44,302,23,27,169,74,21,36,114,71,138,60,21,59,227,332,755,119,47,304,69,44,31,7239,272,277,248,94,575,123,122,259,51,6,543,119,126,132,1012,39,7111,537,516,14,14,27,29116.0
7/25/20,227,1,55,36,30,27,303,272,795,243,211,152,1,2048,24,659,16,53,341,158,351,4,4,227,172,352,6,78,5,4,24,53,346,23,28,172,75,23,37,120,74,143,60,22,59,234,336,762,124,49,316,71,45,33,7415,280,284,260,101,583,125,124,270,53,6,577,127,138,142,1016,43,7307,562,526,17,14,27,30081.0
7/26/20,241,1,57,35,34,29,316,285,830,255,228,154,1,2120,24,693,16,53,388,156,363,4,4,280,173,366,6,78,5,4,27,73,370,27,34,181,79,24,38,124,92,147,61,22,64,246,342,783,126,51,333,73,45,38,7621,312,304,269,107,614,132,131,300,60,6,603,141,147,147,1018,46,7557,577,534,18,14,28,31285.0
7/27/20,246,3,58,35,37,29,323,289,877,259,240,155,1,2170,25,700,16,52,410,157,370,6,4,291,176,376,7,78,5,4,29,78,383,27,36,188,81,24,41,136,97,150,61,22,67,247,349,791,127,49,359,74,47,42,8019,326,325,277,107,622,143,138,305,67,6,654,146,160,151,1024,47,7912,606,531,17,13,28,32528.0
7/28/20,266,3,58,35,38,34,356,304,913,267,270,157,1,2209,27,723,17,62,429,162,379,6,3,306,184,380,10,79,9,5,29,86,395,27,36,198,88,24,50,157,104,159,63,22,69,257,356,804,138,53,387,74,49,46,8274,349,334,297,112,626,158,155,318,78,7,693,165,191,156,1025,47,8177,631,540,18,15,28,33757.0
7/29/20,268,4,57,36,40,38,359,328,941,277,274,158,1,2382,27,735,16,64,441,161,381,7,3,322,190,387,9,79,12,5,30,92,424,28,36,199,96,24,57,167,106,164,62,22,78,259,367,809,141,58,396,73,51,49,8444,353,340,304,115,635,159,159,329,79,7,701,175,199,164,1026,51,8319,640,547,23,15,31,34605.0
7/30/20,274,4,60,36,41,39,368,332,988,285,292,161,1,2487,27,751,17,68,468,173,385,7,3,324,196,391,9,79,15,5,32,96,442,27,37,205,96,24,58,184,112,164,64,23,83,270,379,814,141,59,411,74,51,48,8669,369,346,311,113,638,160,164,347,83,8,745,179,214,168,1029,54,8636,673,556,23,15,30,35710.0
7/31/20,283,4,60,36,42,45,374,348,1009,289,301,160,1,2555,28,756,17,69,473,185,390,7,3,330,197,397,11,80,22,5,35,100,468,29,39,207,101,24,64,218,118,170,64,26,93,271,383,815,143,59,416,77,51,53,8910,370,351,327,116,651,171,164,359,89,8,756,187,220,168,1031,53,8710,686,557,24,15,32,36456.0
8/1/20,289,3,62,36,43,46,381,359,1059,302,321,164,1,2652,26,762,17,72,495,190,399,7,3,363,202,406,11,80,24,9,40,107,478,30,40,214,107,27,67,229,125,180,64,25,97,282,389,818,151,59,433,77,55,55,9214,394,360,337,122,661,191,171,383,101,8,778,189,252,174,1034,55,8986,726,566,24,15,32,37706.0
8/2/20,303,3,63,36,45,47,386,358,1078,304,346,166,1,2703,27,771,17,77,493,190,401,7,3,365,206,409,11,80,24,9,41,111,486,31,40,214,109,27,69,236,130,185,65,25,96,285,396,826,151,59,438,77,55,56,9357,399,366,345,120,663,193,176,393,102,8,800,193,258,174,1035,55,9051,733,571,25,15,32,38201.0
8/3/20,305,3,64,36,45,38,385,373,1089,308,351,166,1,2725,27,778,17,77,500,192,403,8,3,372,208,412,12,81,25,9,43,111,486,31,40,217,111,27,71,249,132,189,65,25,97,285,397,829,151,60,448,77,56,57,9439,396,367,347,122,672,201,177,400,100,8,823,193,264,175,1036,56,9159,738,575,24,15,32,38586.0
8/4/20,311,3,65,36,45,38,398,383,1106,312,360,171,1,2780,31,785,18,77,510,194,404,8,3,382,218,417,12,81,25,9,47,115,489,32,42,223,113,27,77,261,142,188,65,26,100,290,402,835,157,63,463,81,56,57,9593,405,376,348,126,678,214,185,414,103,8,855,209,279,182,1037,57,9418,762,589,26,19,35,39452.0
8/5/20,314,3,67,36,45,39,402,384,1128,315,385,171,1,2871,31,792,19,77,536,193,405,8,3,389,215,421,12,81,27,9,48,118,497,32,45,231,114,27,77,277,147,196,65,26,99,294,420,838,160,68,480,83,56,58,9950,411,385,352,127,687,227,186,416,101,8,874,214,290,190,1044,57,9742,787,593,25,19,35,40555.0
8/6/20,325,3,67,36,52,40,410,392,1152,326,391,173,1,2909,31,795,18,78,552,202,412,8,3,396,220,428,12,82,27,9,50,124,504,32,45,233,115,27,80,298,152,198,69,27,102,305,424,839,166,69,486,83,57,60,10113,441,391,358,130,698,252,188,427,105,8,902,221,309,192,1046,58,9969,805,606,26,19,36,41395.0
8/7/20,328,3,68,36,52,41,431,404,1174,331,398,175,1,2932,32,798,18,79,580,202,419,9,5,420,221,430,13,82,27,9,55,126,514,32,46,238,123,27,86,311,156,202,73,34,106,309,427,848,178,69,490,83,57,62,10300,453,397,367,134,717,310,193,433,107,8,939,227,319,193,1049,58,10135,825,616,27,20,37,42234.0
8/8/20,339,3,70,36,53,41,453,413,1194,337,421,183,1,2967,36,803,18,82,588,206,424,9,5,447,225,437,15,83,27,9,57,134,518,33,46,242,129,27,87,326,165,212,75,34,107,313,430,856,181,71,503,83,57,63,10424,466,404,368,136,721,339,198,442,109,8,958,234,333,198,1055,58,10389,848,623,27,20,38,43070.0
8/9/20,340,3,70,36,60,42,452,417,1208,338,440,185,1,2994,35,831,18,82,596,206,426,10,5,452,226,441,15,83,32,10,58,137,523,33,47,244,136,28,88,340,164,220,75,34,107,316,440,854,180,73,506,83,57,66,10560,467,417,369,137,730,350,199,447,108,8,976,235,340,200,1056,58,10465,860,632,27,20,37,43561.0
8/10/20,341,3,70,36,59,42,458,425,1224,342,445,188,1,3017,37,831,18,86,607,206,431,10,5,460,227,442,15,83,32,10,60,138,523,33,48,244,139,29,92,345,167,222,75,34,107,322,445,858,181,73,509,84,58,67,10665,469,426,371,138,740,361,201,448,108,8,986,236,339,201,1056,58,10562,864,636,28,20,37,43962.0
8/11/20,344,3,76,37,61,45,465,427,1238,349,449,191,1,3048,39,840,19,86,621,209,438,10,5,492,235,445,16,83,32,10,62,141,527,33,48,251,138,30,93,360,174,225,75,35,110,326,454,865,194,76,520,87,58,71,10794,479,431,387,149,754,377,207,459,109,9,1020,241,354,202,1058,59,10747,890,642,29,20,41,44725.0
8/12/20,346,3,79,39,61,43,479,434,1256,352,456,196,3,3084,40,854,19,89,637,211,445,10,5,512,236,451,16,83,32,10,66,146,531,33,48,252,139,30,93,376,180,228,76,35,111,332,457,876,202,76,531,87,60,74,10951,494,436,395,148,766,383,207,465,112,9,1031,248,361,204,1060,59,10898,903,647,31,20,44,45392.0
8/13/20,358,4,80,39,61,45,487,436,1275,358,470,202,2,3123,40,868,20,90,657,217,451,11,5,529,235,453,16,83,32,11,74,152,532,33,52,254,144,31,94,386,190,235,78,37,118,353,464,879,202,78,540,87,63,74,11148,496,446,401,151,773,395,205,475,112,9,1053,248,369,209,1066,59,10999,922,661,31,20,45,46101.0
8/14/20,361,5,81,39,67,45,494,456,1298,361,481,207,3,3151,43,875,21,92,663,222,461,12,5,555,238,460,17,83,32,11,81,172,535,33,53,256,151,31,96,405,224,237,79,38,119,360,473,884,207,79,559,89,62,76,11312,500,456,405,153,788,419,208,480,111,9,1081,253,384,215,1076,59,11130,940,676,32,21,47,46893.0
8/15/20,376,5,83,39,76,45,505,463,1314,365,504,208,11,3179,46,884,21,93,678,227,467,12,5,571,241,464,17,84,32,11,88,177,537,33,53,265,155,31,98,423,242,242,82,39,121,365,479,886,205,79,572,91,62,82,11458,504,559,417,166,792,428,211,502,116,9,1108,257,425,215,1077,59,11312,954,690,32,21,49,47794.0
8/16/20,378,6,84,39,102,46,512,464,1331,367,521,209,11,3192,46,884,21,94,681,232,469,13,5,609,242,469,17,85,32,11,88,178,537,33,54,266,157,32,101,430,243,244,82,40,121,366,480,895,207,81,578,91,62,83,11600,505,558,417,166,794,433,211,590,117,9,1131,257,433,217,1078,59,11375,960,696,35,21,52,48335.0
8/17/20,383,6,88,40,101,46,512,470,1339,370,535,209,11,3215,46,884,21,94,681,241,473,13,5,617,242,472,17,85,32,13,88,179,538,34,55,267,160,33,100,436,248,244,83,40,121,368,483,896,207,82,588,92,63,83,11715,508,564,418,168,800,437,215,595,116,9,1139,257,439,218,1079,59,11443,968,705,35,21,52,48709.0
8/18/20,384,6,89,41,101,46,517,474,1343,375,531,209,14,3246,46,892,21,95,705,243,476,14,5,642,244,473,17,84,32,13,92,181,544,34,59,270,169,33,101,436,250,246,84,38,126,374,494,903,208,81,607,92,63,83,11801,520,573,430,170,814,462,215,608,117,9,1149,265,449,225,1081,59,11614,981,711,36,22,54,49311.0
8/19/20,385,6,89,40,102,46,522,483,1347,375,531,209,14,3336,46,905,21,95,711,247,480,14,5,656,248,478,17,84,32,13,94,184,546,34,60,271,171,34,102,449,250,248,81,38,123,376,503,902,210,81,614,92,67,89,11921,522,575,433,172,836,493,213,631,118,9,1163,268,451,224,1083,59,11763,996,716,36,22,56,49916.0
8/20/20,400,6,90,40,103,50,532,492,1361,375,569,211,14,3399,46,923,22,97,721,249,493,19,6,671,250,481,18,84,32,13,133,185,553,34,60,275,186,36,103,481,250,253,82,38,123,380,506,914,213,84,628,92,70,89,12037,531,582,442,178,847,502,215,631,118,9,1179,273,483,224,1083,59,11873,1003,724,37,24,63,50652.0
8/21/20,395,7,91,41,109,53,538,499,1393,388,562,218,14,3469,46,987,22,98,735,257,493,18,6,704,250,489,18,84,36,14,139,191,555,34,61,281,192,36,104,504,261,259,83,42,124,383,519,929,217,84,639,93,73,90,12328,553,589,456,186,874,510,220,640,119,10,1185,277,488,228,1090,59,12095,1034,729,37,24,71,51729.0
8/22/20,408,9,95,41,111,57,543,504,1409,390,579,218,14,3510,47,999,25,101,745,270,506,18,6,736,253,491,20,86,36,15,145,192,560,34,66,286,206,39,105,531,266,265,84,43,126,386,522,949,222,85,656,97,73,91,12515,561,594,462,194,893,531,222,664,121,12,1207,284,503,228,1097,60,12253,1051,733,37,24,71,52588.0
8/23/20,412,10,95,41,113,57,545,506,1413,393,578,221,14,3522,48,1149,25,106,745,279,507,18,6,750,252,494,21,86,37,16,145,194,565,34,66,287,235,39,104,539,271,267,86,43,125,386,534,951,223,86,662,97,75,91,12584,566,596,464,195,914,531,223,755,121,12,1210,287,511,228,1098,62,12312,1052,740,38,24,72,53159.0
8/24/20,410,11,98,41,114,62,551,509,1420,394,588,222,14,3543,50,1151,25,106,746,282,506,18,6,766,257,494,21,86,37,17,147,194,566,34,69,288,236,40,104,552,272,265,88,43,126,388,536,958,223,86,670,99,78,91,12651,567,600,470,197,935,534,225,760,121,12,1214,288,509,235,1099,63,12391,1056,744,45,25,72,53511.0
8/25/20,413,12,101,42,118,62,559,513,1433,396,589,229,14,3581,50,1181,25,108,758,292,511,19,6,795,255,499,22,86,37,17,151,199,570,34,70,291,238,40,107,560,276,268,88,43,127,395,540,968,225,87,681,99,81,91,12765,578,602,476,197,950,545,227,766,121,13,1224,294,520,237,1114,63,12559,1075,746,42,24,75,54165.0
8/26/20,417,12,100,42,118,62,563,522,1455,399,597,229,14,3638,50,1203,26,112,765,303,521,18,6,816,258,501,23,87,37,17,152,205,576,34,70,294,240,40,107,575,279,277,89,45,128,399,544,981,228,87,697,100,86,96,12870,585,608,488,201,961,548,229,776,121,13,1234,302,539,241,1115,64,12714,1086,751,42,24,78,54830.0
8/27/20,428,13,103,42,118,63,572,529,1488,398,620,233,14,3721,50,1209,26,113,769,304,523,18,6,865,258,506,24,87,37,17,155,207,575,35,72,295,246,40,107,593,283,281,89,44,129,400,548,993,231,87,706,101,90,97,12974,585,609,493,203,1001,553,232,787,123,13,1260,302,568,244,1124,64,12831,1102,761,42,24,79,55532.0
8/28/20,432,12,107,42,119,70,587,539,1502,399,638,239,14,3749,52,1212,26,115,779,315,530,18,6,895,262,516,23,87,37,17,157,208,579,36,77,300,250,40,109,608,289,281,93,46,130,405,551,1004,232,87,720,101,92,98,13144,592,614,499,210,1047,564,233,801,125,13,1279,305,575,247,1127,64,12941,1114,766,42,24,81,56239.0
8/29/20,438,12,108,44,124,73,592,560,1509,402,648,239,14,3783,53,1218,29,118,796,323,539,18,6,932,263,517,24,88,38,17,158,212,582,36,85,308,255,40,109,620,292,284,99,49,130,411,561,1006,235,88,949,102,96,100,13254,613,629,516,218,1096,573,235,829,126,13,1302,315,577,249,1143,64,13104,1127,780,42,24,89,57250.0
8/30/20,442,12,108,44,123,73,595,561,1518,405,662,240,14,3882,54,1225,28,118,803,324,543,21,6,960,264,530,24,88,39,17,163,214,591,36,89,309,257,43,109,641,294,292,102,49,130,413,570,1021,235,89,1126,104,97,101,13357,614,636,520,217,1145,576,235,852,126,13,1308,319,580,251,1144,68,13175,1137,790,43,24,88,58016.0
8/31/20,447,13,111,44,123,75,599,562,1541,411,684,245,14,3930,57,1251,29,119,812,326,540,21,6,980,261,533,25,88,39,17,164,215,596,36,88,309,262,44,113,648,296,301,107,52,130,414,574,1025,237,89,1287,105,99,101,13436,613,640,524,219,1180,581,241,863,126,13,1314,323,581,252,1143,68,13233,1147,795,42,25,97,58651.0
9/1/20,458,14,113,44,125,75,609,571,1547,416,686,246,14,3991,59,1261,31,123,828,332,546,21,6,993,261,535,25,88,39,17,167,217,596,36,94,326,262,44,113,672,303,305,108,52,131,417,580,1030,239,90,1327,107,100,103,13566,621,647,531,219,1196,593,244,872,126,13,1322,327,583,253,1160,69,13376,1164,798,42,25,98,59338.0
9/2/20,469,14,152,44,126,74,613,568,1556,417,700,252,14,4019,60,1280,32,129,836,332,551,21,6,1027,264,542,27,88,40,17,171,221,597,36,93,327,264,45,114,694,305,308,109,53,132,420,588,1037,241,89,1381,111,101,107,13689,630,649,544,218,1239,599,244,877,127,14,1334,332,585,252,1181,69,13557,1179,803,43,25,99,60103.0
9/3/20,483,14,153,44,129,79,624,580,1568,418,722,253,14,4105,60,1283,34,144,846,336,556,24,6,1061,266,547,27,88,40,18,174,223,602,36,99,340,263,46,114,721,314,310,114,54,133,426,599,1056,241,90,1408,113,104,110,13791,640,657,555,223,1319,602,249,887,131,14,1348,338,591,256,1189,70,13742,1188,816,43,26,100,60987.0
9/4/20,493,15,161,44,129,85,644,587,1599,424,739,256,14,4179,62,1286,42,154,860,348,564,24,6,1084,269,549,27,91,40,19,178,226,614,35,107,348,274,48,114,732,319,316,117,57,133,437,602,1076,242,91,1427,115,107,109,13923,649,666,576,223,1396,619,253,911,131,14,1369,339,613,258,1213,70,13923,1200,846,44,26,106,61986.0
9/5/20,494,19,164,44,132,82,649,593,1615,429,750,258,14,4405,63,1293,48,163,877,350,569,24,6,1130,274,558,27,91,40,19,180,236,616,35,116,359,275,49,116,738,324,320,123,57,135,456,613,1085,250,93,1446,117,111,109,14107,654,684,600,229,1475,629,259,924,131,14,1403,345,611,267,1224,70,14123,1214,863,43,26,108,63142.0
9/6/20,500,19,164,44,133,82,650,596,1626,429,777,259,14,4437,63,1293,50,165,884,353,575,24,6,1148,274,561,27,91,40,19,181,235,620,36,117,360,280,52,117,745,326,323,122,57,136,464,622,1093,248,93,1456,118,111,109,14165,668,695,608,229,1494,632,260,935,131,14,1410,346,624,265,1231,71,14183,1222,872,43,30,114,63566.0
9/7/20,504,19,168,44,135,87,656,598,1634,429,783,258,14,4511,63,1295,50,169,890,355,590,24,6,1165,279,568,27,91,40,21,181,236,623,37,117,365,286,52,117,749,328,328,128,57,138,467,627,1099,249,95,1465,118,115,109,14272,673,704,623,229,1533,646,264,959,131,14,1436,347,632,269,1236,72,14271,1228,886,43,30,123,64180.0
9/8/20,505,19,170,45,138,88,669,606,1644,436,791,259,19,4551,63,1304,51,175,904,369,595,24,6,1184,284,583,30,91,40,22,191,238,626,37,120,374,289,52,117,789,334,331,130,57,140,469,639,1109,252,97,1476,118,117,111,14416,678,710,638,230,1557,651,269,970,131,14,1454,354,636,279,1252,72,14473,1250,888,45,31,132,65008.0
9/9/20,510,20,172,44,146,91,678,613,1664,446,802,259,16,4621,63,1318,57,182,919,376,600,26,6,1206,288,600,30,93,40,22,194,244,628,37,120,383,290,54,118,809,339,343,134,58,143,471,647,1112,257,102,1484,119,117,116,14543,688,718,646,228,1595,667,272,980,132,14,1478,360,651,294,1279,73,14655,1270,890,45,33,136,65874.0
9/10/20,514,20,172,44,149,92,685,619,1678,451,816,262,17,4757,63,1345,61,184,925,380,610,27,6,1227,290,620,30,93,40,24,197,249,637,37,121,386,292,55,120,819,338,347,138,58,144,477,659,1119,261,104,1498,121,118,116,14713,691,720,671,229,1621,675,278,992,134,14,1484,366,663,300,1282,74,14764,1290,896,45,33,137,66684.0
9/11/20,518,20,174,44,157,95,696,626,1695,455,842,265,18,4861,65,1354,62,185,945,388,624,29,6,1256,295,644,32,94,43,24,198,256,642,37,121,401,293,56,122,829,344,352,140,62,144,484,672,1129,268,107,1524,126,119,119,14872,700,724,687,229,1686,688,281,1021,134,16,1505,371,677,304,1292,78,14891,1300,899,45,33,135,67625.0
9/12/20,521,36,175,46,167,97,717,633,1716,465,864,271,18,4919,64,1380,63,196,964,399,629,32,6,1276,308,676,31,96,43,24,207,257,646,37,124,408,298,58,123,848,348,355,142,65,147,487,688,1136,271,106,1574,129,120,118,15021,703,729,696,229,1738,698,290,1035,134,16,1533,374,699,317,1311,78,15048,1308,907,45,32,149,68614.0
9/13/20,523,36,243,46,168,98,738,639,1736,471,867,273,21,4965,65,1384,63,195,968,399,633,39,7,1315,311,690,32,97,43,24,210,257,649,37,124,423,303,58,123,853,351,359,144,66,147,488,696,1155,275,107,1583,129,121,118,15178,710,730,699,233,1761,707,294,1048,136,19,1536,377,701,319,1313,78,15146,1316,913,46,32,150,69307.0
9/14/20,530,37,243,46,174,98,742,646,1752,469,881,274,21,5002,65,1384,64,379,974,402,638,44,7,1333,311,714,32,97,43,25,211,261,650,37,124,442,303,58,125,869,354,363,146,67,157,497,698,1160,278,107,1593,131,122,118,15293,719,733,724,232,1801,825,300,1064,137,17,1546,377,708,320,1321,78,15202,1327,916,46,33,159,70176.0
9/15/20,536,37,244,47,177,99,756,654,1783,475,894,282,21,5110,65,1397,64,398,993,425,645,45,7,1363,315,731,33,98,43,25,225,262,653,38,125,451,305,58,126,888,358,367,151,69,161,501,711,1168,279,109,1607,136,125,120,15517,729,744,738,234,1855,837,306,1086,139,18,1583,381,714,339,1339,78,15358,1342,926,46,33,161,71258.0
9/16/20,545,37,246,47,200,99,778,668,1798,479,910,286,22,5232,66,1414,65,399,1011,433,653,51,7,1382,322,749,36,99,44,25,233,267,670,38,129,459,308,61,127,904,371,374,155,70,163,508,727,1173,280,111,1638,138,126,120,15694,736,752,742,235,1879,840,309,1100,139,20,1601,385,730,350,1375,81,15469,1353,934,48,35,168,72228.0
