Date,Adams,Allegheny,Armstrong,Beaver,Bedford,Berks,Blair,Bradford,Bucks,Butler,Cambria,Cameron,Carbon,Centre,Chester,Clarion,Clearfield,Clinton,Columbia,Crawford,Cumberland,Dauphin,Delaware,Elk,Erie,Fayette,Forest,Franklin,Fulton,Greene,Huntingdon,Indiana,Jefferson,Juniata,Lackawanna,Lancaster,Lawrence,Lebanon,Lehigh,Luzerne,Lycoming,McKean,Mercer,Mifflin,Monroe,Montgomery,Montour,Northampton,Northumberland,Perry,Philadelphia,Pike,Potter,Schuylkill,Snyder,Somerset,Sullivan,Susquehanna,Tioga,Union,Venango,Warren,Washington,Wayne,Westmoreland,Wyoming,York,Total
1/22/20,0,0,0,0,0,0,0,0,0,0,0,0,0,0,0,0,0,0,0,0,0,0,0,0,0,0,0,0,0,0,0,0,0,0,0,0,0,0,0,0,0,0,0,0,0,0,0,0,0,0,0,0,0,0,0,0,0,0,0,0,0,0,0,0,0,0,0,0.0
1/23/20,0,0,0,0,0,0,0,0,0,0,0,0,0,0,0,0,0,0,0,0,0,0,0,0,0,0,0,0,0,0,0,0,0,0,0,0,0,0,0,0,0,0,0,0,0,0,0,0,0,0,0,0,0,0,0,0,0,0,0,0,0,0,0,0,0,0,0,0.0
1/24/20,0,0,0,0,0,0,0,0,0,0,0,0,0,0,0,0,0,0,0,0,0,0,0,0,0,0,0,0,0,0,0,0,0,0,0,0,0,0,0,0,0,0,0,0,0,0,0,0,0,0,0,0,0,0,0,0,0,0,0,0,0,0,0,0,0,0,0,0.0
1/25/20,0,0,0,0,0,0,0,0,0,0,0,0,0,0,0,0,0,0,0,0,0,0,0,0,0,0,0,0,0,0,0,0,0,0,0,0,0,0,0,0,0,0,0,0,0,0,0,0,0,0,0,0,0,0,0,0,0,0,0,0,0,0,0,0,0,0,0,0.0
1/26/20,0,0,0,0,0,0,0,0,0,0,0,0,0,0,0,0,0,0,0,0,0,0,0,0,0,0,0,0,0,0,0,0,0,0,0,0,0,0,0,0,0,0,0,0,0,0,0,0,0,0,0,0,0,0,0,0,0,0,0,0,0,0,0,0,0,0,0,0.0
1/27/20,0,0,0,0,0,0,0,0,0,0,0,0,0,0,0,0,0,0,0,0,0,0,0,0,0,0,0,0,0,0,0,0,0,0,0,0,0,0,0,0,0,0,0,0,0,0,0,0,0,0,0,0,0,0,0,0,0,0,0,0,0,0,0,0,0,0,0,0.0
1/28/20,0,0,0,0,0,0,0,0,0,0,0,0,0,0,0,0,0,0,0,0,0,0,0,0,0,0,0,0,0,0,0,0,0,0,0,0,0,0,0,0,0,0,0,0,0,0,0,0,0,0,0,0,0,0,0,0,0,0,0,0,0,0,0,0,0,0,0,0.0
1/29/20,0,0,0,0,0,0,0,0,0,0,0,0,0,0,0,0,0,0,0,0,0,0,0,0,0,0,0,0,0,0,0,0,0,0,0,0,0,0,0,0,0,0,0,0,0,0,0,0,0,0,0,0,0,0,0,0,0,0,0,0,0,0,0,0,0,0,0,0.0
1/30/20,0,0,0,0,0,0,0,0,0,0,0,0,0,0,0,0,0,0,0,0,0,0,0,0,0,0,0,0,0,0,0,0,0,0,0,0,0,0,0,0,0,0,0,0,0,0,0,0,0,0,0,0,0,0,0,0,0,0,0,0,0,0,0,0,0,0,0,0.0
1/31/20,0,0,0,0,0,0,0,0,0,0,0,0,0,0,0,0,0,0,0,0,0,0,0,0,0,0,0,0,0,0,0,0,0,0,0,0,0,0,0,0,0,0,0,0,0,0,0,0,0,0,0,0,0,0,0,0,0,0,0,0,0,0,0,0,0,0,0,0.0
2/1/20,0,0,0,0,0,0,0,0,0,0,0,0,0,0,0,0,0,0,0,0,0,0,0,0,0,0,0,0,0,0,0,0,0,0,0,0,0,0,0,0,0,0,0,0,0,0,0,0,0,0,0,0,0,0,0,0,0,0,0,0,0,0,0,0,0,0,0,0.0
2/2/20,0,0,0,0,0,0,0,0,0,0,0,0,0,0,0,0,0,0,0,0,0,0,0,0,0,0,0,0,0,0,0,0,0,0,0,0,0,0,0,0,0,0,0,0,0,0,0,0,0,0,0,0,0,0,0,0,0,0,0,0,0,0,0,0,0,0,0,0.0
2/3/20,0,0,0,0,0,0,0,0,0,0,0,0,0,0,0,0,0,0,0,0,0,0,0,0,0,0,0,0,0,0,0,0,0,0,0,0,0,0,0,0,0,0,0,0,0,0,0,0,0,0,0,0,0,0,0,0,0,0,0,0,0,0,0,0,0,0,0,0.0
2/4/20,0,0,0,0,0,0,0,0,0,0,0,0,0,0,0,0,0,0,0,0,0,0,0,0,0,0,0,0,0,0,0,0,0,0,0,0,0,0,0,0,0,0,0,0,0,0,0,0,0,0,0,0,0,0,0,0,0,0,0,0,0,0,0,0,0,0,0,0.0
2/5/20,0,0,0,0,0,0,0,0,0,0,0,0,0,0,0,0,0,0,0,0,0,0,0,0,0,0,0,0,0,0,0,0,0,0,0,0,0,0,0,0,0,0,0,0,0,0,0,0,0,0,0,0,0,0,0,0,0,0,0,0,0,0,0,0,0,0,0,0.0
2/6/20,0,0,0,0,0,0,0,0,0,0,0,0,0,0,0,0,0,0,0,0,0,0,0,0,0,0,0,0,0,0,0,0,0,0,0,0,0,0,0,0,0,0,0,0,0,0,0,0,0,0,0,0,0,0,0,0,0,0,0,0,0,0,0,0,0,0,0,0.0
2/7/20,0,0,0,0,0,0,0,0,0,0,0,0,0,0,0,0,0,0,0,0,0,0,0,0,0,0,0,0,0,0,0,0,0,0,0,0,0,0,0,0,0,0,0,0,0,0,0,0,0,0,0,0,0,0,0,0,0,0,0,0,0,0,0,0,0,0,0,0.0
2/8/20,0,0,0,0,0,0,0,0,0,0,0,0,0,0,0,0,0,0,0,0,0,0,0,0,0,0,0,0,0,0,0,0,0,0,0,0,0,0,0,0,0,0,0,0,0,0,0,0,0,0,0,0,0,0,0,0,0,0,0,0,0,0,0,0,0,0,0,0.0
2/9/20,0,0,0,0,0,0,0,0,0,0,0,0,0,0,0,0,0,0,0,0,0,0,0,0,0,0,0,0,0,0,0,0,0,0,0,0,0,0,0,0,0,0,0,0,0,0,0,0,0,0,0,0,0,0,0,0,0,0,0,0,0,0,0,0,0,0,0,0.0
2/10/20,0,0,0,0,0,0,0,0,0,0,0,0,0,0,0,0,0,0,0,0,0,0,0,0,0,0,0,0,0,0,0,0,0,0,0,0,0,0,0,0,0,0,0,0,0,0,0,0,0,0,0,0,0,0,0,0,0,0,0,0,0,0,0,0,0,0,0,0.0
2/11/20,0,0,0,0,0,0,0,0,0,0,0,0,0,0,0,0,0,0,0,0,0,0,0,0,0,0,0,0,0,0,0,0,0,0,0,0,0,0,0,0,0,0,0,0,0,0,0,0,0,0,0,0,0,0,0,0,0,0,0,0,0,0,0,0,0,0,0,0.0
2/12/20,0,0,0,0,0,0,0,0,0,0,0,0,0,0,0,0,0,0,0,0,0,0,0,0,0,0,0,0,0,0,0,0,0,0,0,0,0,0,0,0,0,0,0,0,0,0,0,0,0,0,0,0,0,0,0,0,0,0,0,0,0,0,0,0,0,0,0,0.0
2/13/20,0,0,0,0,0,0,0,0,0,0,0,0,0,0,0,0,0,0,0,0,0,0,0,0,0,0,0,0,0,0,0,0,0,0,0,0,0,0,0,0,0,0,0,0,0,0,0,0,0,0,0,0,0,0,0,0,0,0,0,0,0,0,0,0,0,0,0,0.0
2/14/20,0,0,0,0,0,0,0,0,0,0,0,0,0,0,0,0,0,0,0,0,0,0,0,0,0,0,0,0,0,0,0,0,0,0,0,0,0,0,0,0,0,0,0,0,0,0,0,0,0,0,0,0,0,0,0,0,0,0,0,0,0,0,0,0,0,0,0,0.0
2/15/20,0,0,0,0,0,0,0,0,0,0,0,0,0,0,0,0,0,0,0,0,0,0,0,0,0,0,0,0,0,0,0,0,0,0,0,0,0,0,0,0,0,0,0,0,0,0,0,0,0,0,0,0,0,0,0,0,0,0,0,0,0,0,0,0,0,0,0,0.0
2/16/20,0,0,0,0,0,0,0,0,0,0,0,0,0,0,0,0,0,0,0,0,0,0,0,0,0,0,0,0,0,0,0,0,0,0,0,0,0,0,0,0,0,0,0,0,0,0,0,0,0,0,0,0,0,0,0,0,0,0,0,0,0,0,0,0,0,0,0,0.0
2/17/20,0,0,0,0,0,0,0,0,0,0,0,0,0,0,0,0,0,0,0,0,0,0,0,0,0,0,0,0,0,0,0,0,0,0,0,0,0,0,0,0,0,0,0,0,0,0,0,0,0,0,0,0,0,0,0,0,0,0,0,0,0,0,0,0,0,0,0,0.0
2/18/20,0,0,0,0,0,0,0,0,0,0,0,0,0,0,0,0,0,0,0,0,0,0,0,0,0,0,0,0,0,0,0,0,0,0,0,0,0,0,0,0,0,0,0,0,0,0,0,0,0,0,0,0,0,0,0,0,0,0,0,0,0,0,0,0,0,0,0,0.0
2/19/20,0,0,0,0,0,0,0,0,0,0,0,0,0,0,0,0,0,0,0,0,0,0,0,0,0,0,0,0,0,0,0,0,0,0,0,0,0,0,0,0,0,0,0,0,0,0,0,0,0,0,0,0,0,0,0,0,0,0,0,0,0,0,0,0,0,0,0,0.0
2/20/20,0,0,0,0,0,0,0,0,0,0,0,0,0,0,0,0,0,0,0,0,0,0,0,0,0,0,0,0,0,0,0,0,0,0,0,0,0,0,0,0,0,0,0,0,0,0,0,0,0,0,0,0,0,0,0,0,0,0,0,0,0,0,0,0,0,0,0,0.0
2/21/20,0,0,0,0,0,0,0,0,0,0,0,0,0,0,0,0,0,0,0,0,0,0,0,0,0,0,0,0,0,0,0,0,0,0,0,0,0,0,0,0,0,0,0,0,0,0,0,0,0,0,0,0,0,0,0,0,0,0,0,0,0,0,0,0,0,0,0,0.0
2/22/20,0,0,0,0,0,0,0,0,0,0,0,0,0,0,0,0,0,0,0,0,0,0,0,0,0,0,0,0,0,0,0,0,0,0,0,0,0,0,0,0,0,0,0,0,0,0,0,0,0,0,0,0,0,0,0,0,0,0,0,0,0,0,0,0,0,0,0,0.0
2/23/20,0,0,0,0,0,0,0,0,0,0,0,0,0,0,0,0,0,0,0,0,0,0,0,0,0,0,0,0,0,0,0,0,0,0,0,0,0,0,0,0,0,0,0,0,0,0,0,0,0,0,0,0,0,0,0,0,0,0,0,0,0,0,0,0,0,0,0,0.0
2/24/20,0,0,0,0,0,0,0,0,0,0,0,0,0,0,0,0,0,0,0,0,0,0,0,0,0,0,0,0,0,0,0,0,0,0,0,0,0,0,0,0,0,0,0,0,0,0,0,0,0,0,0,0,0,0,0,0,0,0,0,0,0,0,0,0,0,0,0,0.0
2/25/20,0,0,0,0,0,0,0,0,0,0,0,0,0,0,0,0,0,0,0,0,0,0,0,0,0,0,0,0,0,0,0,0,0,0,0,0,0,0,0,0,0,0,0,0,0,0,0,0,0,0,0,0,0,0,0,0,0,0,0,0,0,0,0,0,0,0,0,0.0
2/26/20,0,0,0,0,0,0,0,0,0,0,0,0,0,0,0,0,0,0,0,0,0,0,0,0,0,0,0,0,0,0,0,0,0,0,0,0,0,0,0,0,0,0,0,0,0,0,0,0,0,0,0,0,0,0,0,0,0,0,0,0,0,0,0,0,0,0,0,0.0
2/27/20,0,0,0,0,0,0,0,0,0,0,0,0,0,0,0,0,0,0,0,0,0,0,0,0,0,0,0,0,0,0,0,0,0,0,0,0,0,0,0,0,0,0,0,0,0,0,0,0,0,0,0,0,0,0,0,0,0,0,0,0,0,0,0,0,0,0,0,0.0
2/28/20,0,0,0,0,0,0,0,0,0,0,0,0,0,0,0,0,0,0,0,0,0,0,0,0,0,0,0,0,0,0,0,0,0,0,0,0,0,0,0,0,0,0,0,0,0,0,0,0,0,0,0,0,0,0,0,0,0,0,0,0,0,0,0,0,0,0,0,0.0
2/29/20,0,0,0,0,0,0,0,0,0,0,0,0,0,0,0,0,0,0,0,0,0,0,0,0,0,0,0,0,0,0,0,0,0,0,0,0,0,0,0,0,0,0,0,0,0,0,0,0,0,0,0,0,0,0,0,0,0,0,0,0,0,0,0,0,0,0,0,0.0
3/1/20,0,0,0,0,0,0,0,0,0,0,0,0,0,0,0,0,0,0,0,0,0,0,0,0,0,0,0,0,0,0,0,0,0,0,0,0,0,0,0,0,0,0,0,0,0,0,0,0,0,0,0,0,0,0,0,0,0,0,0,0,0,0,0,0,0,0,0,0.0
3/2/20,0,0,0,0,0,0,0,0,0,0,0,0,0,0,0,0,0,0,0,0,0,0,0,0,0,0,0,0,0,0,0,0,0,0,0,0,0,0,0,0,0,0,0,0,0,0,0,0,0,0,0,0,0,0,0,0,0,0,0,0,0,0,0,0,0,0,0,0.0
3/3/20,0,0,0,0,0,0,0,0,0,0,0,0,0,0,0,0,0,0,0,0,0,0,0,0,0,0,0,0,0,0,0,0,0,0,0,0,0,0,0,0,0,0,0,0,0,0,0,0,0,0,0,0,0,0,0,0,0,0,0,0,0,0,0,0,0,0,0,0.0
3/4/20,0,0,0,0,0,0,0,0,0,0,0,0,0,0,0,0,0,0,0,0,0,0,0,0,0,0,0,0,0,0,0,0,0,0,0,0,0,0,0,0,0,0,0,0,0,0,0,0,0,0,0,0,0,0,0,0,0,0,0,0,0,0,0,0,0,0,0,0.0
3/5/20,0,0,0,0,0,0,0,0,0,0,0,0,0,0,0,0,0,0,0,0,0,0,0,0,0,0,0,0,0,0,0,0,0,0,0,0,0,0,0,0,0,0,0,0,0,0,0,0,0,0,0,0,0,0,0,0,0,0,0,0,0,0,0,0,0,0,0,0.0
3/6/20,0,0,0,0,0,0,0,0,0,0,0,0,0,0,0,0,0,0,0,0,0,0,1,0,0,0,0,0,0,0,0,0,0,0,0,0,0,0,0,0,0,0,0,0,0,0,0,0,0,0,0,0,0,0,0,0,0,0,0,0,0,0,0,1,0,0,0,2.0
3/7/20,0,0,0,0,0,0,0,0,0,0,0,0,0,0,0,0,0,0,0,0,0,0,1,0,0,0,0,0,0,0,0,0,0,0,0,0,0,0,0,0,0,0,0,0,0,0,0,0,0,0,0,0,0,0,0,0,0,0,0,0,0,0,0,1,0,0,0,2.0
3/8/20,0,0,0,0,0,0,0,0,0,0,0,0,0,0,0,0,0,0,0,0,0,0,1,0,0,0,0,0,0,0,0,0,0,0,0,0,0,0,0,0,0,0,0,0,0,4,0,0,0,0,0,0,0,0,0,0,0,0,0,0,0,0,0,1,0,0,0,6.0
3/9/20,0,0,0,0,0,0,0,0,0,0,0,0,0,0,0,0,0,0,0,0,0,0,1,0,0,0,0,0,0,0,0,0,0,0,0,0,0,0,0,0,0,0,0,0,0,5,0,0,0,0,0,0,0,0,0,0,0,0,0,0,0,0,0,1,0,0,0,7.0
3/10/20,0,0,0,0,0,0,0,0,0,0,0,0,0,0,0,0,0,0,0,0,0,0,1,0,0,0,0,0,0,0,0,0,0,0,0,0,0,0,0,0,0,0,0,0,1,8,0,0,0,0,1,0,0,0,0,0,0,0,0,0,0,0,0,1,0,0,0,12.0
3/11/20,0,0,0,0,0,0,0,0,2,0,0,0,0,0,0,0,0,0,0,0,0,0,1,0,0,0,0,0,0,0,0,0,0,0,0,0,0,0,0,0,0,0,0,0,2,9,0,0,0,0,1,0,0,0,0,0,0,0,0,0,0,0,0,1,0,0,0,16.0
3/12/20,0,0,0,0,0,0,0,0,2,0,0,0,0,0,0,0,0,0,0,0,0,0,1,0,0,0,0,0,0,0,0,0,0,0,0,0,0,0,0,0,0,0,0,0,2,13,0,1,0,0,1,1,0,0,0,0,0,0,0,0,0,0,0,1,0,0,0,22.0
3/13/20,0,0,0,0,0,0,0,0,3,0,0,0,0,0,1,0,0,0,0,0,3,0,6,0,0,0,0,0,0,0,0,0,0,0,0,0,0,0,0,0,0,0,0,0,3,18,0,1,0,0,3,1,0,0,0,0,0,0,0,0,0,0,1,1,0,0,0,41.0
3/14/20,0,2,0,0,0,0,0,0,3,0,0,0,0,0,2,0,0,0,0,0,3,0,6,0,0,0,0,0,0,0,0,0,0,0,0,0,0,0,0,0,0,0,0,0,3,20,0,1,0,0,4,1,0,0,0,0,0,0,0,0,0,0,1,1,0,0,0,47.0
3/15/20,0,2,0,0,0,0,0,0,3,0,0,0,0,0,2,0,0,0,0,0,3,0,6,0,0,0,0,0,0,0,0,0,0,0,0,0,0,0,0,0,0,0,0,0,3,20,0,1,0,0,4,1,0,0,0,0,0,0,0,0,0,0,1,1,0,0,0,47.0
3/16/20,0,6,0,0,0,0,0,0,5,0,0,0,0,0,2,0,0,0,0,0,5,0,7,0,0,0,0,0,0,0,0,0,0,0,0,0,0,0,1,1,0,0,0,0,8,30,0,1,0,0,10,1,0,0,0,0,0,0,0,0,0,0,1,1,0,0,0,79.0
3/17/20,0,10,0,1,0,0,0,0,8,0,0,0,0,0,6,0,0,0,0,0,10,0,9,0,0,0,0,0,0,0,0,0,0,0,0,0,0,0,1,1,0,0,0,0,8,34,0,1,0,0,19,1,0,0,0,0,0,0,0,0,0,0,2,1,0,0,0,112.0
3/18/20,0,13,0,2,0,1,0,0,9,0,0,0,0,0,9,0,0,0,0,0,10,0,14,0,1,0,0,0,0,0,0,0,0,0,1,1,0,0,1,1,0,0,0,0,8,42,0,1,0,0,34,2,0,0,0,0,0,0,0,0,0,0,2,1,0,0,2,155.0
3/19/20,0,18,0,2,0,1,0,0,12,0,0,0,0,0,10,0,0,0,0,0,11,0,14,0,1,0,0,0,0,0,0,0,0,0,2,2,0,1,1,1,0,0,0,0,15,55,0,5,0,0,44,3,0,0,0,0,0,0,0,0,0,0,3,1,2,0,2,206.0
3/20/20,4,28,0,3,0,5,0,0,24,0,0,0,0,1,17,0,0,0,0,0,11,0,23,0,1,0,0,1,0,0,0,0,0,0,4,2,0,1,2,2,0,0,0,0,19,68,0,10,0,0,67,3,1,0,0,0,0,0,0,0,0,0,3,1,4,0,6,311.0
3/21/20,4,31,0,3,0,7,0,0,28,1,0,0,0,1,19,0,0,0,0,0,11,1,33,0,1,0,0,1,0,0,0,0,0,0,5,4,0,2,13,6,0,0,0,0,25,77,1,17,0,0,85,3,1,0,0,0,0,0,0,0,0,0,5,1,4,0,9,399.0
3/22/20,5,40,0,3,0,13,0,0,34,1,0,0,0,1,23,0,0,0,1,0,11,1,43,0,2,1,0,1,0,0,0,0,0,0,6,6,0,3,19,7,0,0,1,0,31,110,1,21,0,0,96,3,1,1,0,0,0,0,0,0,0,0,7,2,4,0,10,509.0
3/23/20,6,48,0,3,0,14,0,0,43,5,1,0,0,3,40,0,0,0,1,0,12,1,54,0,3,1,0,1,0,0,0,0,0,0,7,5,0,3,25,10,0,0,1,0,43,136,1,23,0,0,175,3,1,3,0,0,0,0,0,0,0,0,7,3,6,0,10,698.0
3/24/20,6,58,1,3,0,16,0,1,69,6,1,0,1,7,40,0,1,0,1,0,13,4,84,0,5,2,0,3,0,0,0,0,0,1,15,10,0,3,27,21,0,0,2,0,45,159,3,33,0,0,252,4,1,5,0,1,0,0,0,0,0,0,9,4,11,0,18,946.0
3/25/20,6,88,1,7,0,20,0,1,86,12,1,0,1,8,54,0,2,0,1,0,13,10,101,0,5,4,0,5,0,2,0,0,0,1,18,12,1,3,38,27,1,0,2,0,51,219,4,44,0,0,342,8,1,7,0,2,0,0,0,0,0,1,10,4,16,0,20,1260.0
3/26/20,7,133,1,13,0,36,1,2,110,19,1,0,2,9,84,0,2,0,3,1,15,13,156,0,5,8,0,5,0,3,0,1,0,1,28,21,1,4,63,36,1,0,3,0,67,313,4,56,0,0,475,15,1,9,0,2,0,1,0,0,0,1,12,6,24,0,21,1795.0
3/27/20,8,158,1,14,0,65,1,2,144,26,1,0,2,11,107,0,2,0,3,1,16,18,185,0,7,9,0,5,0,4,0,2,0,1,35,33,4,12,93,55,2,0,4,0,98,374,4,79,0,0,637,23,1,13,0,2,0,1,0,1,0,1,14,6,30,0,30,2345.0
3/28/20,8,219,2,22,0,65,2,3,152,41,1,1,3,15,116,1,2,0,4,2,22,23,226,0,7,10,0,7,0,6,1,2,0,1,51,45,8,15,109,65,2,1,6,0,106,411,5,94,1,1,803,27,2,16,1,2,0,1,1,0,0,1,23,6,41,0,37,2845.0
3/29/20,8,265,3,28,0,68,3,3,216,47,1,1,9,22,137,1,2,0,6,3,22,35,276,0,7,10,0,11,0,6,1,2,0,1,56,67,8,19,151,94,3,1,7,2,135,488,4,126,1,1,890,33,2,21,2,2,0,1,1,0,1,1,24,7,47,0,43,3432.0
3/30/20,8,290,3,44,0,82,6,3,249,49,2,1,13,24,146,1,4,0,6,4,24,36,303,0,13,11,0,12,0,7,1,2,0,3,62,97,10,27,231,150,4,1,7,1,182,540,10,184,1,1,1072,39,2,30,2,2,0,1,1,4,1,1,26,10,55,0,54,4155.0
3/31/20,9,325,5,52,2,110,4,7,288,60,2,1,17,26,159,3,4,0,7,4,36,45,338,0,14,14,0,19,0,9,1,6,0,3,78,123,13,28,272,212,6,1,8,2,236,570,9,245,1,1,1315,48,2,38,2,2,0,1,2,4,3,1,33,10,61,0,66,4963.0
4/1/20,12,356,5,54,3,151,4,8,319,64,3,1,23,27,183,4,4,0,8,5,38,59,390,0,15,14,0,21,0,9,1,6,0,2,85,157,13,36,374,282,7,1,8,1,278,649,13,312,6,1,1675,57,2,47,3,3,0,2,2,2,3,1,35,14,72,0,79,6009.0
4/2/20,18,419,7,55,3,168,4,8,373,69,4,1,26,28,210,4,4,0,11,5,41,67,470,0,17,15,1,23,0,11,2,6,0,2,108,203,16,45,479,384,7,1,9,1,321,735,15,378,8,3,2100,68,2,54,3,3,0,3,2,2,3,1,38,17,84,1,102,7268.0
4/3/20,19,476,11,65,3,201,4,9,450,75,4,1,34,32,226,4,5,1,15,5,45,79,542,0,17,20,1,26,0,11,3,7,0,5,119,232,19,54,584,484,8,1,10,2,397,875,16,466,8,4,2430,83,2,63,4,3,0,4,3,3,3,1,40,23,110,2,121,8570.0
4/4/20,21,552,12,69,4,235,5,10,517,84,6,1,46,39,250,4,7,1,20,5,54,99,616,0,19,23,2,27,0,12,4,9,0,7,146,291,22,87,804,648,10,1,14,4,484,982,19,588,9,5,3008,97,3,77,6,3,1,5,3,5,3,1,46,28,135,5,144,10444.0
4/5/20,22,605,12,84,4,276,5,10,580,87,7,1,50,43,269,5,7,1,22,7,58,118,708,0,19,27,3,30,1,12,4,13,0,7,172,371,23,106,877,741,9,1,18,9,528,1111,37,636,14,5,3189,114,3,90,8,4,1,6,3,6,3,1,50,33,147,5,171,11589.0
4/6/20,25,642,13,96,4,326,5,10,634,91,7,1,59,44,307,6,7,3,26,9,68,132,822,0,27,29,4,32,1,12,4,17,0,11,190,408,24,124,1006,849,10,1,18,9,572,1230,37,716,15,5,3728,125,3,103,8,6,1,6,8,6,5,1,53,35,157,5,189,13127.0
4/7/20,28,689,18,116,4,369,6,14,713,107,7,1,67,55,335,9,7,3,42,8,77,155,898,2,29,32,5,39,1,15,5,21,1,14,235,490,29,145,1146,982,12,1,26,6,610,1359,37,774,22,9,4272,136,3,119,9,7,1,11,10,7,5,1,57,40,177,5,218,14853.0
4/8/20,33,720,19,128,4,416,6,15,816,113,9,1,76,57,373,8,7,3,54,8,84,168,1034,2,29,35,5,43,1,17,6,21,1,18,266,561,32,169,1319,1134,15,1,27,10,671,1521,37,857,22,13,4777,148,3,136,9,7,1,14,10,8,5,1,59,47,183,5,233,16631.0
4/9/20,38,759,20,129,4,616,6,15,931,113,10,1,83,59,425,8,7,4,65,13,88,180,1222,2,32,45,5,52,1,21,8,21,1,23,312,596,37,187,1466,1241,17,1,30,10,716,1693,37,949,24,15,5029,163,3,149,9,7,1,16,10,11,5,1,63,49,190,6,250,18300.0
4/10/20,43,788,22,139,3,720,9,16,1022,123,11,1,93,61,485,10,8,6,81,13,96,199,1377,2,36,49,5,57,1,21,8,26,1,30,346,648,45,218,1562,1325,18,1,36,11,752,1889,37,994,29,16,5521,190,3,164,12,10,1,22,11,12,5,1,66,53,202,6,283,20051.0
4/11/20,44,836,26,143,5,930,10,18,1107,128,13,1,98,69,532,15,9,7,99,15,105,213,1510,2,39,50,5,59,1,23,10,40,1,38,392,698,46,232,1620,1372,20,2,38,10,774,2053,37,1039,31,16,6022,208,4,179,16,10,1,23,12,14,6,1,66,57,218,8,293,21719.0
4/12/20,48,857,27,145,5,1035,10,18,1170,133,13,1,102,70,562,15,9,8,106,15,110,229,1594,2,39,54,5,64,1,23,10,40,2,38,427,772,49,270,1684,1411,23,2,40,12,795,2164,37,1082,37,16,6386,212,4,188,20,12,1,25,13,19,6,1,68,63,223,9,307,22938.0
4/13/20,56,876,28,153,5,1150,11,19,1229,143,14,1,102,70,593,16,9,8,113,16,122,240,1750,2,39,57,5,66,1,23,11,43,2,39,459,828,51,284,1747,1446,28,3,43,17,816,2285,39,1130,40,17,6813,221,4,192,23,13,1,31,14,21,6,1,69,67,228,12,331,24292.0
4/14/20,63,893,28,156,5,1247,11,19,1273,143,14,1,103,70,636,16,9,8,125,16,124,249,1851,2,41,58,5,69,2,23,11,43,2,43,501,865,51,328,1803,1523,29,4,44,16,847,2354,44,1176,48,17,7130,256,4,200,24,13,1,32,13,23,6,1,70,70,231,11,371,25465.0
4/15/20,64,904,29,158,9,1335,12,19,1399,150,14,1,112,72,675,16,9,8,131,16,131,271,1935,2,42,58,5,78,2,23,12,43,2,47,527,914,55,349,1922,1567,30,4,47,15,872,2475,44,1251,56,17,7441,268,4,212,24,14,1,40,13,23,6,1,71,75,237,13,381,26753.0
4/16/20,67,925,32,168,11,1419,13,19,1490,154,14,1,113,73,722,17,9,8,146,16,137,287,2055,2,46,60,7,80,2,24,12,44,2,56,559,970,55,380,1999,1611,30,4,50,15,898,2544,48,1296,60,17,8045,276,4,236,24,14,1,49,13,25,6,1,73,77,240,14,393,28258.0
4/17/20,70,947,32,178,13,1537,14,20,1546,157,14,1,118,73,739,18,9,10,166,16,154,311,2226,2,48,66,7,89,2,24,12,45,2,63,592,1030,59,424,2092,1668,32,4,56,17,929,2684,48,1335,60,18,8563,290,4,244,25,15,1,58,14,26,6,1,75,81,249,16,443,29888.0
4/18/20,74,1009,36,278,14,1748,14,24,1689,160,17,1,136,73,796,18,9,11,184,16,176,343,2317,2,58,66,7,106,2,24,12,47,2,66,620,1113,60,458,2141,1712,36,4,57,19,943,2781,49,1396,67,20,9014,295,4,254,27,17,1,59,14,27,6,1,79,84,280,16,463,31652.0
4/19/20,80,1035,38,288,15,1898,13,25,1797,161,19,1,140,73,877,18,11,11,202,16,182,368,2460,2,58,66,7,111,2,24,13,51,2,70,636,1188,59,484,2203,1741,37,4,59,20,963,2913,48,1441,67,20,9214,301,4,261,27,18,1,63,14,27,6,1,82,84,284,17,481,32902.0
4/20/20,85,1042,38,298,15,1945,14,25,1886,161,19,1,144,73,915,18,11,11,208,16,186,386,2545,2,60,67,7,115,2,25,13,53,3,72,646,1236,59,502,2245,1767,40,4,59,20,970,3040,48,1469,73,20,9553,304,4,267,28,19,1,66,14,28,6,1,83,85,286,17,493,33914.0
4/21/20,91,1059,38,303,16,1988,14,31,1977,162,20,1,150,77,943,18,11,11,225,17,194,400,2654,2,60,69,7,143,2,25,13,55,3,72,666,1295,60,525,2295,1800,42,5,59,21,995,3154,47,1544,77,20,10028,314,4,277,30,19,1,71,15,29,6,2,86,86,291,17,517,35249.0
4/22/20,92,1088,39,317,16,2069,14,31,2067,164,21,1,154,77,950,19,11,13,239,17,207,422,2757,2,62,70,7,152,2,25,15,56,3,73,682,1326,61,535,2374,1848,43,5,59,22,1015,3294,47,1591,77,23,10028,317,4,283,31,19,1,71,15,30,6,2,87,86,300,17,531,36082.0
4/23/20,95,1149,43,319,20,2212,15,28,2321,164,20,1,155,76,989,20,11,14,245,19,229,445,2902,2,68,71,7,151,2,25,20,59,4,77,707,1359,61,544,2418,1880,44,5,60,24,1024,3395,47,1656,82,23,11226,327,4,290,31,20,1,72,14,30,7,1,92,87,307,17,546,38379.0
4/24/20,110,1177,43,337,21,2339,19,28,2469,168,20,1,160,77,1064,22,11,17,252,19,240,468,3055,2,72,75,7,164,2,25,20,62,4,77,735,1451,61,575,2478,1921,48,5,64,26,1037,3525,47,1716,84,25,11877,338,4,300,31,22,1,76,14,31,7,1,96,88,317,17,563,40208.0
4/25/20,113,1198,46,359,21,2406,21,28,2541,168,21,1,162,81,1134,22,11,18,257,19,250,492,3161,2,79,79,7,181,3,25,22,63,4,77,772,1501,61,592,2551,1962,53,5,64,26,1054,3627,47,1780,87,26,11877,347,4,311,32,25,1,77,14,31,7,1,99,92,360,17,578,41153.0
4/26/20,117,1211,46,366,21,2491,21,28,2541,170,21,1,163,81,1177,22,11,21,269,19,267,519,3281,3,77,79,7,205,3,25,22,63,4,78,793,1577,61,612,2601,2008,55,5,65,27,1065,3733,47,1813,90,26,12566,349,4,321,33,25,1,79,14,31,7,1,101,92,374,17,593,42616.0
4/27/20,122,1224,47,387,21,2526,21,28,2585,170,21,1,164,87,1214,22,11,25,277,19,282,529,3361,3,82,79,7,227,3,25,24,63,4,79,833,1633,63,621,2636,2035,57,5,65,30,1083,3817,48,1834,90,26,12868,352,4,324,33,25,1,81,14,31,7,1,107,93,377,18,606,43558.0
4/28/20,124,1235,50,388,22,2605,21,28,2675,174,22,1,169,93,1256,23,11,29,279,19,296,553,3463,3,86,79,7,237,3,26,26,62,4,81,854,1678,63,635,2685,2078,58,5,66,34,1097,4043,47,1970,92,27,13445,362,4,330,33,26,1,82,14,33,7,1,109,93,383,18,614,45137.0
4/29/20,130,1273,50,392,24,2637,23,29,2776,175,25,1,170,95,1304,23,14,30,283,19,324,558,3619,3,87,80,7,264,5,26,29,63,4,82,873,1703,64,648,2719,2111,61,6,65,36,1111,4177,47,2008,92,30,13803,369,4,343,33,26,1,81,14,33,7,1,113,95,386,19,624,46327.0
4/30/20,137,1289,51,405,24,2698,23,31,2907,178,28,1,175,96,1375,23,16,31,283,19,343,584,3696,3,87,80,7,284,5,26,38,63,4,83,913,1765,65,676,2796,2143,68,6,65,38,1127,4307,47,2050,93,30,14468,378,4,368,33,26,1,84,16,36,7,1,115,100,391,20,641,47971.0
5/1/20,140,1319,52,426,24,2748,23,33,3070,180,31,1,181,96,1432,23,16,32,289,19,349,601,3848,3,87,81,7,313,5,26,40,63,4,84,934,1820,65,694,2850,2173,71,6,65,37,1147,4406,48,2103,95,32,15137,383,4,375,33,26,1,84,16,37,7,1,116,102,393,21,651,49579.0
5/2/20,141,1333,52,435,24,2810,23,35,3182,180,32,1,182,96,1469,23,16,34,290,19,365,617,3999,4,90,82,7,325,6,27,48,63,6,84,968,1904,65,710,2896,2211,81,6,66,38,1165,4487,49,2182,98,33,15137,394,4,384,33,29,1,84,16,38,7,1,118,104,396,25,664,50494.0
5/3/20,145,1345,52,435,24,2886,24,35,3286,180,33,1,183,102,1502,23,21,32,291,19,373,634,4113,4,91,83,7,351,6,27,56,69,6,86,999,1936,65,735,2924,2240,85,6,66,39,1172,4552,50,2214,99,34,15137,405,4,395,33,29,1,85,16,38,7,1,119,109,401,25,679,51225.0
5/4/20,148,1365,52,458,24,2948,25,35,3356,180,34,1,185,105,1560,23,21,33,296,19,375,652,4198,4,91,83,7,377,6,27,57,70,6,86,1017,1991,65,756,2963,2255,86,6,66,39,1173,4645,50,2240,100,34,16040,408,4,398,33,30,1,86,16,38,7,1,120,109,403,27,702,52816.0
5/5/20,148,1375,53,466,26,3004,25,35,3505,184,34,2,185,106,1601,23,21,33,298,19,382,695,4269,4,93,84,7,396,7,27,59,74,6,86,1038,2018,67,766,2999,2280,86,6,67,42,1186,4687,50,2279,107,34,16410,412,4,405,33,30,1,86,16,38,7,1,120,109,405,27,716,53864.0
5/6/20,148,1394,55,471,27,3048,25,36,3508,185,35,2,186,113,1636,23,21,34,302,20,386,711,4373,4,95,84,7,406,7,27,60,75,7,86,1076,2041,68,774,3063,2306,90,6,69,45,1190,4827,50,2313,111,34,16697,415,4,419,33,32,1,87,16,39,7,1,121,110,409,27,722,54800.0
5/7/20,151,1439,55,472,27,3095,28,36,3613,190,37,2,189,116,1673,23,22,35,306,20,403,735,4497,5,101,84,7,425,7,27,109,75,7,92,1093,2070,69,785,3102,2332,99,6,70,48,1194,4915,50,2355,112,34,17047,419,4,422,33,32,1,86,16,40,7,1,120,113,411,27,740,55956.0
5/8/20,154,1455,55,479,28,3190,28,37,3750,192,40,2,192,117,1728,23,24,37,307,20,414,764,4680,5,113,84,7,452,7,27,117,75,7,93,1114,2122,69,797,3140,2347,109,6,70,50,1198,5037,50,2390,118,34,17517,422,4,430,33,32,1,86,16,40,7,1,121,113,413,28,753,57371.0
5/9/20,156,1486,55,482,29,3257,28,38,3852,194,42,2,195,117,1774,23,24,41,323,20,425,797,4836,5,120,85,7,478,8,27,119,76,7,93,1134,2185,69,805,3169,2356,127,6,73,50,1206,5116,49,2429,119,34,17881,427,4,437,33,32,1,81,16,40,7,1,124,116,415,30,767,58560.0
5/10/20,159,1503,55,491,29,3371,28,38,3966,195,44,2,198,119,1865,23,25,41,324,20,434,823,4976,5,124,85,7,493,8,27,181,76,7,93,1172,2223,70,811,3241,2416,131,6,73,52,1218,5260,49,2453,124,35,18211,432,4,451,33,32,1,81,16,40,7,1,124,117,417,30,773,59939.0
5/11/20,167,1511,55,491,29,3417,29,38,4028,195,44,2,198,119,1884,23,25,41,328,21,451,830,5046,5,123,85,7,513,8,27,187,76,7,93,1187,2256,70,815,3259,2426,132,6,75,52,1224,5292,49,2465,125,35,18313,433,4,453,33,32,1,81,16,41,7,1,124,117,418,30,784,60459.0
5/12/20,167,1526,55,493,29,3453,30,37,4116,198,44,2,198,122,1929,23,30,41,330,21,461,851,5084,5,124,85,7,522,8,27,190,76,7,94,1211,2295,71,825,3286,2449,132,8,77,52,1229,5442,49,2499,126,35,18537,441,4,459,33,32,1,81,16,41,7,1,126,117,419,31,793,61310.0
5/13/20,169,1545,56,509,29,3485,31,39,4166,197,45,2,205,126,1955,24,31,41,330,21,463,871,5157,6,125,85,7,545,8,27,197,78,7,94,1232,2325,71,849,3318,2467,139,8,78,53,1228,5513,50,2518,128,35,18779,451,4,478,33,32,1,81,16,42,7,2,127,107,419,31,803,62101.0
5/14/20,174,1551,56,512,30,3530,32,41,4248,199,45,2,206,128,2008,24,33,43,333,21,477,895,5252,6,127,87,7,563,11,27,200,82,7,94,1256,2364,71,856,3378,2477,139,8,81,54,1240,5583,50,2566,132,36,19093,454,4,490,33,32,1,82,16,43,7,2,129,107,422,31,817,63105.0
5/15/20,183,1582,57,516,30,3593,32,41,4325,202,49,2,206,129,2060,24,33,43,334,21,492,912,5409,6,129,87,7,580,11,27,204,84,7,94,1273,2428,72,863,3396,2491,141,10,83,57,1242,5697,50,2600,136,36,19349,458,4,506,33,32,2,82,16,44,7,2,129,107,423,28,828,64136.0
5/16/20,185,1595,58,518,32,3643,34,41,4391,202,53,2,210,129,2100,24,33,43,336,21,515,938,5555,6,134,88,7,601,11,27,208,84,7,94,1327,2470,72,873,3440,2513,146,10,91,57,1248,5797,50,2659,139,40,19606,460,4,512,33,32,2,83,16,46,7,2,130,108,423,29,835,65185.0
5/17/20,189,1603,58,517,32,3677,38,41,4439,203,54,2,214,131,2118,24,33,44,336,21,522,963,5619,6,137,89,7,621,11,27,214,84,7,94,1344,2508,72,874,3470,2526,147,11,91,57,1254,5872,50,2703,141,40,19606,460,4,525,33,33,2,83,16,47,8,2,131,108,427,29,851,65700.0
5/18/20,194,1641,58,533,32,3719,38,41,4516,203,54,2,214,133,2153,24,33,44,337,21,525,978,5689,6,145,91,7,631,11,27,214,84,7,94,1363,2552,72,877,3491,2532,149,11,94,57,1259,6012,50,2727,143,41,19953,461,4,529,33,36,2,85,16,51,8,2,133,108,432,30,857,66669.0
5/19/20,194,1658,58,534,32,3735,38,41,4573,206,54,2,214,132,2199,24,33,45,337,21,540,989,5754,6,147,92,7,644,12,27,214,86,7,94,1374,2593,73,880,3513,2554,149,11,96,57,1267,6063,50,2758,145,41,20132,469,4,534,33,36,2,85,16,50,8,2,130,110,431,30,866,67311.0
5/20/20,197,1687,58,539,32,3763,39,41,4662,208,54,2,219,133,2217,25,33,45,340,21,545,1012,5844,6,163,93,7,662,13,27,215,86,7,94,1400,2599,73,885,3550,2572,152,11,96,57,1278,6154,50,2779,150,42,20359,470,4,541,33,37,2,87,16,56,8,2,130,110,432,30,872,68126.0
5/21/20,204,1718,58,539,36,3784,44,43,4726,209,55,2,221,136,2267,25,33,48,342,21,565,1034,5969,6,177,93,7,677,14,27,221,88,7,94,1432,2690,73,887,3586,2594,152,11,97,57,1291,6268,51,2814,150,43,20700,473,4,548,33,37,2,90,16,61,8,3,130,112,434,32,883,69252.0
5/22/20,214,1739,58,550,36,3838,46,43,4764,209,55,2,224,138,2320,25,33,48,342,21,572,1049,6060,6,190,93,7,697,14,27,223,89,7,94,1451,2736,73,892,3613,2620,155,11,102,57,1295,6366,51,2842,155,43,21009,475,4,560,35,37,2,93,16,61,8,3,134,115,436,33,895,70211.0
5/23/20,222,1753,58,552,37,3845,46,44,4839,216,56,2,227,143,2364,28,34,49,342,21,584,1061,6114,6,210,94,7,711,14,27,227,89,7,94,1476,2790,74,900,3628,2631,158,11,103,57,1302,6464,50,2866,164,45,21234,476,4,576,38,37,2,95,16,52,8,3,135,117,437,33,904,71009.0
5/24/20,226,1777,58,554,37,3885,46,44,4867,219,57,2,229,146,2390,29,34,50,344,22,592,1099,6179,6,209,94,7,734,14,27,228,89,7,95,1491,2854,74,909,3651,2645,158,11,104,58,1304,6525,50,2911,170,47,21234,477,4,585,38,37,2,96,16,53,8,3,138,117,440,33,924,71563.0
5/25/20,227,1805,58,568,37,3903,48,44,4894,220,57,2,231,147,2428,29,34,51,343,22,598,1123,6210,6,217,94,7,740,14,27,228,89,7,95,1494,2896,74,912,3667,2651,160,12,105,58,1305,6576,50,2920,174,47,21234,477,4,592,38,37,2,96,16,54,8,3,138,118,441,33,930,71925.0
5/26/20,233,1816,59,570,37,3919,48,45,4916,220,57,2,231,148,2454,29,37,54,343,22,602,1137,6243,6,223,95,7,746,15,27,228,89,7,95,1503,2985,74,922,3676,2662,161,12,105,58,1305,6598,50,2933,177,48,21738,476,4,600,38,37,2,97,16,56,8,3,138,118,442,33,943,72778.0
5/27/20,236,1828,61,570,38,3952,48,46,4930,222,57,2,232,149,2504,29,37,54,346,23,611,1174,6289,6,235,95,7,756,15,27,228,90,7,95,1511,3031,74,936,3699,2677,161,12,106,58,1310,6738,50,2958,182,53,21975,476,4,601,39,37,2,98,16,56,8,3,138,118,442,33,956,73557.0
5/28/20,240,1851,62,579,38,3973,49,46,4966,226,57,2,232,150,2555,25,37,55,346,23,618,1212,6337,6,242,95,7,759,15,27,228,90,7,95,1516,3056,74,944,3719,2689,162,12,106,58,1311,6811,50,3022,186,54,22150,476,4,606,39,37,2,99,16,56,8,3,139,118,443,34,970,74220.0
5/29/20,241,1870,62,582,39,3988,49,46,5012,227,57,2,234,151,2607,26,38,55,346,30,621,1231,6379,6,253,95,7,762,15,27,228,90,7,95,1528,3105,76,950,3738,2711,162,12,107,58,1315,6906,50,3045,186,56,22405,476,4,616,39,37,3,109,17,57,8,3,139,119,444,34,991,74984.0
5/30/20,245,1897,62,589,39,4002,50,46,5050,229,57,2,235,152,2669,27,39,56,346,29,626,1258,6420,6,274,95,7,767,15,27,230,91,9,95,1543,3131,79,958,3747,2722,164,12,107,59,1318,7006,50,3062,190,57,22629,476,4,623,42,38,3,109,17,59,9,3,139,119,447,34,1000,75697.0
5/31/20,251,1911,62,590,39,4061,50,46,5082,230,57,2,235,153,2729,27,39,56,348,29,629,1277,6461,6,279,95,7,774,15,27,230,91,9,95,1547,3161,80,969,3765,2736,164,12,107,59,1319,7061,52,3083,192,59,22629,476,4,631,45,38,3,109,17,59,9,3,139,119,449,34,1007,76129.0
6/1/20,250,1919,62,590,40,4074,50,46,5100,230,58,2,237,154,2784,27,40,57,348,29,635,1303,6481,6,295,95,7,777,15,27,231,91,9,95,1551,3189,80,972,3770,2739,164,12,107,59,1320,7093,53,3082,194,61,22881,477,4,631,45,38,3,110,17,62,9,3,140,120,449,34,1013,76646.0
6/2/20,255,1928,62,591,40,4107,51,48,5116,232,59,2,241,154,2823,27,42,60,349,29,644,1359,6496,6,307,95,7,781,15,27,231,91,12,95,1555,3218,81,980,3780,2750,164,12,107,59,1325,7172,53,3108,198,62,23034,478,4,643,45,38,3,110,19,60,9,3,140,120,451,34,1028,77225.0
6/3/20,260,1952,64,594,41,4132,52,46,5137,235,59,2,239,154,2863,27,42,60,349,29,654,1385,6548,6,314,95,7,782,15,27,232,91,14,95,1556,3267,83,994,3802,2766,166,12,107,59,1326,7242,53,3120,199,62,23160,478,4,646,45,38,3,111,19,63,9,4,140,120,453,34,1037,77780.0
6/4/20,263,1965,64,599,42,4152,52,46,5158,240,59,2,250,154,2902,27,42,60,352,30,657,1404,6587,6,327,95,7,785,16,27,234,91,14,95,1569,3301,82,997,3817,2773,166,13,110,59,1333,7351,53,3124,201,64,23281,478,6,651,51,38,3,123,19,65,10,5,140,121,455,34,1038,78335.0
6/5/20,264,1973,64,598,43,4167,53,46,5197,239,59,2,245,154,2959,27,43,60,352,30,659,1434,6608,6,332,95,7,788,16,27,234,91,15,95,1575,3337,82,1000,3829,2782,166,13,110,59,1335,7416,53,3136,206,67,23407,478,8,653,53,38,3,124,19,70,15,5,141,123,456,34,1040,78815.0
6/6/20,269,1989,65,598,43,4184,53,46,5243,244,59,2,248,155,3014,27,44,60,361,30,665,1451,6659,6,363,95,7,792,16,27,236,91,16,96,1579,3404,84,1021,3846,2791,166,13,111,59,1338,7542,53,3144,208,67,23529,481,11,656,54,39,3,133,19,71,15,5,146,123,457,34,1049,79505.0
6/7/20,273,2003,65,603,44,4201,53,46,5261,247,59,2,249,156,3053,27,44,60,364,30,669,1481,6688,6,367,95,7,795,16,27,236,92,16,97,1583,3461,85,1062,3858,2793,167,13,111,59,1338,7582,53,3151,209,68,23529,482,11,656,55,39,3,148,19,73,15,5,147,126,459,34,1082,79908.0
6/8/20,275,2008,65,603,45,4218,53,46,5278,247,59,2,249,157,3102,27,44,61,364,30,672,1499,6698,6,378,95,7,798,16,27,236,92,16,99,1584,3503,85,1072,3871,2793,168,13,111,59,1341,7610,53,3168,209,68,23691,482,11,657,55,39,3,154,19,73,15,5,149,124,461,35,1086,80339.0
6/9/20,275,2027,65,608,45,4236,53,46,5304,249,60,2,253,157,3134,29,48,61,367,31,683,1525,6733,6,396,95,7,800,16,28,236,92,16,101,1587,3554,85,1086,3890,2798,168,13,113,59,1342,7672,53,3175,211,68,23822,482,11,659,57,39,3,154,19,74,16,5,150,124,467,36,1094,80870.0
6/10/20,278,2034,65,610,45,4251,53,46,5340,250,60,2,255,158,3161,30,48,62,368,31,688,1541,6754,6,408,95,7,807,16,28,237,92,16,102,1591,3600,87,1091,3895,2810,168,13,114,59,1344,7709,53,3193,211,68,23951,483,12,664,59,39,3,155,19,75,16,5,151,123,473,36,1102,81316.0
6/11/20,279,2055,65,610,46,4262,53,46,5365,255,61,2,255,158,3189,30,49,61,369,32,692,1561,6805,6,427,96,7,827,16,30,237,92,16,105,1595,3632,86,1106,3907,2813,168,13,114,59,1346,7754,55,3202,213,69,24107,482,12,668,59,39,3,164,20,79,16,5,151,125,474,36,1117,81848.0
6/12/20,284,2065,66,611,46,4281,54,46,5396,256,62,2,257,165,3247,30,50,61,371,35,709,1587,6837,6,439,95,7,837,16,30,237,93,18,105,1598,3682,86,1140,3926,2823,168,13,114,59,1347,7834,56,3217,219,70,24228,482,13,677,59,39,3,166,20,81,17,5,153,125,483,36,1141,82481.0
6/13/20,289,2076,66,611,46,4303,55,47,5419,257,61,2,257,167,3269,31,52,63,376,35,725,1606,6868,6,451,95,7,843,16,30,239,93,18,107,1600,3719,87,1162,3939,2824,171,13,114,59,1347,7865,64,3232,222,71,24338,482,13,681,59,40,3,169,20,81,17,5,155,126,487,36,1157,82944.0
6/14/20,290,2079,66,611,48,4319,55,47,5428,257,61,2,259,169,3295,31,55,63,378,36,728,1634,6888,6,459,95,7,842,16,30,239,93,18,108,1601,3752,87,1182,3953,2830,171,13,114,59,1347,7898,64,3240,224,72,24338,482,13,685,59,40,3,170,20,83,17,5,155,126,490,36,1162,83203.0
6/15/20,296,2086,66,613,52,4324,55,47,5439,257,61,2,259,171,3315,31,55,64,380,36,738,1655,6921,6,468,95,7,843,16,30,239,93,19,108,1602,3777,87,1190,3957,2835,171,13,115,59,1350,7930,65,3246,228,72,24475,482,13,691,60,41,3,171,20,88,17,5,156,126,492,36,1169,83589.0
6/16/20,298,2113,68,613,53,4341,55,47,5452,260,61,2,259,177,3343,31,57,64,385,35,746,1674,6936,6,472,95,7,849,17,30,239,95,19,108,1608,3802,87,1193,3973,2840,172,13,117,60,1356,7950,65,3250,231,73,24591,485,13,696,60,41,3,172,20,84,17,5,156,126,493,36,1183,83978.0
6/17/20,300,2113,68,615,59,4350,55,47,5466,263,61,2,262,172,3367,31,57,64,387,35,751,1693,6967,6,478,98,7,852,17,30,239,95,19,108,1611,3830,88,1200,3978,2841,172,13,117,60,1357,7990,67,3255,234,76,24655,486,13,698,60,41,3,172,20,83,17,5,158,126,498,36,1195,84289.0
6/18/20,304,2122,68,616,61,4359,55,49,5498,263,61,2,262,172,3397,31,61,65,389,35,758,1708,6981,6,497,100,7,855,17,30,239,97,20,109,1611,3867,89,1210,3997,2845,172,13,118,61,1363,8014,68,3270,252,77,24723,487,13,702,61,42,3,173,20,83,17,5,158,128,502,36,1209,84683.0
6/19/20,309,2139,69,619,63,4374,56,49,5510,263,62,2,264,176,3437,31,63,67,390,38,768,1725,7003,8,515,103,7,872,17,30,240,98,20,109,1617,3911,90,1226,4024,2850,172,13,118,61,1366,8046,68,3284,254,79,24841,487,13,703,61,46,3,178,20,84,17,5,162,129,510,36,1229,85199.0
6/20/20,311,2159,69,621,65,4388,58,49,5535,263,61,2,267,180,3457,31,66,70,391,40,774,1745,7023,8,524,103,7,876,18,33,240,98,20,109,1622,3949,90,1240,4072,2861,172,13,118,61,1370,8076,68,3304,256,82,24841,487,13,713,61,47,3,178,20,85,17,5,165,130,519,36,1255,85590.0
6/21/20,314,2175,69,624,66,4407,58,50,5547,268,61,2,267,180,3486,31,66,70,392,40,786,1762,7038,8,532,104,7,879,18,35,240,98,20,108,1622,3999,90,1251,4085,2864,173,14,119,61,1376,8103,68,3309,271,83,24841,489,13,714,61,47,3,178,22,88,17,5,168,130,530,37,1296,85935.0
6/22/20,317,2220,69,625,66,4419,58,50,5567,271,61,2,267,184,3513,31,67,71,397,42,792,1810,7051,9,535,104,7,882,18,35,240,98,20,108,1627,4029,92,1261,4091,2870,173,15,119,61,1378,8123,68,3312,279,83,25116,489,13,715,61,48,3,178,23,89,17,5,168,130,546,37,1351,86576.0
6/23/20,322,2239,70,630,69,4444,61,50,5580,273,62,2,268,195,3537,33,70,73,397,43,801,1851,7065,9,542,104,7,891,18,35,240,98,21,108,1630,4106,92,1272,4109,2873,173,15,119,61,1379,8159,68,3327,280,85,25335,489,13,719,61,48,3,178,23,89,17,5,171,131,552,37,1381,87208.0
6/24/20,321,2284,70,634,71,4453,69,51,5619,277,62,2,271,196,3559,33,70,73,398,48,809,1864,7079,10,551,104,7,896,18,35,242,98,21,109,1638,4152,94,1278,4130,2874,175,15,120,61,1384,8188,68,3339,281,85,25443,489,14,721,61,49,3,178,23,89,17,5,176,131,563,37,1400,87685.0
6/25/20,323,2321,70,637,72,4461,69,51,5649,280,64,2,271,197,3578,33,71,74,399,50,825,1893,7095,10,559,104,7,900,18,35,242,101,21,109,1648,4212,99,1291,4164,2883,176,15,126,61,1388,8244,68,3352,284,85,25443,489,14,730,61,52,3,178,23,89,17,5,184,133,578,37,1418,88141.0
6/26/20,324,2382,72,638,76,4474,69,56,5676,284,67,2,272,198,3607,33,72,75,399,51,830,1917,7117,12,572,106,7,902,18,35,245,101,21,110,1662,4280,99,1300,4187,2891,176,15,130,62,1391,8301,69,3360,288,86,25693,489,15,736,61,55,3,179,23,90,17,5,187,138,587,37,1428,88860.0
6/27/20,327,2472,73,642,77,4487,71,56,5704,291,73,3,273,200,3639,33,72,75,399,53,833,1932,7133,12,582,110,7,912,18,35,245,101,21,111,1680,4326,101,1309,4205,2898,176,15,132,62,1401,8351,70,3377,294,86,25782,492,15,739,63,57,4,181,24,90,18,5,197,137,607,37,1443,89446.0
6/28/20,328,2568,73,648,81,4498,71,56,5718,295,77,3,274,201,3658,35,72,75,399,53,840,1942,7154,13,589,111,7,913,18,39,245,102,21,111,1684,4388,102,1324,4214,2903,177,15,135,62,1405,8377,73,3389,299,86,25782,493,15,740,65,61,5,181,24,90,18,5,211,139,620,37,1456,89863.0
6/29/20,332,2651,73,651,81,4521,72,56,5729,302,78,3,278,201,3677,34,72,77,400,53,847,1971,7170,13,595,112,7,915,18,39,251,104,21,111,1694,4414,101,1331,4220,2906,179,15,136,63,1409,8413,73,3407,302,86,25991,494,15,741,65,61,5,182,25,92,18,5,216,139,640,37,1477,90467.0
6/30/20,339,2760,74,669,82,4527,71,57,5744,307,80,3,278,201,3711,34,72,78,400,53,852,2045,7201,15,607,116,7,925,18,41,252,108,22,111,1703,4442,102,1342,4235,2910,182,17,140,63,1421,8448,73,3413,304,86,26133,496,15,741,66,61,5,182,25,92,18,6,219,140,646,38,1515,91139.0
7/1/20,341,2870,76,678,87,4559,72,58,5777,311,83,3,280,205,3731,35,72,80,403,57,856,2059,7230,15,620,117,7,940,18,41,252,111,24,111,1707,4464,103,1350,4258,2915,187,18,140,63,1423,8483,74,3425,314,86,26257,496,16,747,66,61,5,182,25,91,19,7,230,140,675,38,1531,91775.0
7/2/20,342,3103,77,688,88,4563,74,58,5801,319,85,3,283,211,3751,36,75,80,405,59,866,2120,7253,15,626,127,7,950,18,41,252,112,24,113,1714,4504,107,1361,4280,2927,193,18,142,63,1428,8514,75,3441,316,86,26400,498,16,750,67,62,6,183,25,93,23,7,244,140,711,38,1555,92612.0
7/3/20,344,3280,78,706,89,4569,79,57,5829,330,90,3,284,218,3781,40,74,80,407,62,871,2161,7288,16,642,132,7,954,18,41,254,114,25,113,1719,4530,110,1375,4292,2939,196,20,143,63,1430,8562,75,3458,320,86,26536,500,17,753,67,63,6,185,26,94,23,7,259,142,744,39,1577,93392.0
7/4/20,349,3430,79,720,89,4571,81,57,5844,340,94,4,286,224,3800,42,74,80,408,62,881,2174,7303,19,646,135,7,955,18,42,254,114,28,113,1725,4572,114,1380,4303,2950,208,20,150,64,1434,8589,75,3463,323,86,26565,502,17,754,68,63,10,185,26,95,23,7,279,141,774,39,1595,93922.0
7/5/20,352,3557,78,737,89,4578,84,56,5883,346,96,4,287,227,3831,48,74,80,411,66,890,2194,7334,20,650,140,7,956,18,44,254,114,30,113,1733,4589,119,1383,4311,2956,214,20,154,64,1436,8610,76,3471,327,86,26565,503,17,754,68,63,10,185,27,95,27,7,295,141,801,39,1609,94403.0
7/6/20,352,3775,78,742,89,4581,87,56,5912,356,98,4,287,228,3839,48,75,81,411,70,894,2198,7349,20,661,147,7,958,18,47,254,114,30,113,1734,4602,124,1383,4317,2958,214,20,158,65,1439,8634,76,3475,327,86,26810,503,17,755,68,64,10,186,27,95,27,7,318,141,828,40,1613,95100.0
7/7/20,358,3979,79,770,90,4606,89,59,5948,370,104,4,288,230,3863,48,79,81,412,72,902,2220,7384,24,679,149,7,970,18,50,254,116,30,114,1740,4623,129,1389,4334,2964,217,20,159,66,1444,8682,76,3485,328,88,26901,504,17,759,68,64,10,190,27,96,28,7,339,141,863,40,1654,95898.0
7/8/20,361,4209,79,785,90,4623,90,59,5967,390,110,4,291,232,3892,49,82,86,413,74,912,2236,7427,28,691,160,7,984,18,52,254,119,33,114,1743,4673,141,1399,4354,2967,232,20,159,68,1451,8718,76,3500,334,89,26969,504,17,761,71,67,10,190,27,98,34,7,356,141,896,40,1692,96725.0
7/9/20,366,4367,80,796,91,4647,93,59,6003,396,113,4,293,235,3918,49,82,91,416,76,922,2247,7447,29,699,163,7,989,19,56,254,121,34,114,1749,4711,146,1404,4370,2979,234,20,161,70,1456,8749,76,3513,339,89,27228,504,17,765,72,69,10,190,27,97,35,7,366,141,917,41,1714,97542.0
7/10/20,377,4547,84,809,92,4663,99,59,6030,403,123,4,296,239,3954,60,85,95,417,77,930,2268,7495,29,704,178,7,993,19,61,256,121,37,114,1753,4783,159,1419,4391,2992,239,20,162,70,1462,8790,77,3527,342,90,27341,504,17,769,72,73,10,192,27,97,34,9,410,141,952,42,1791,98482.0
7/11/20,385,4762,84,823,92,4680,102,59,6064,410,132,4,297,241,3992,60,85,95,419,77,935,2279,7513,29,707,194,7,997,19,67,257,141,37,116,1756,4816,171,1429,4424,3002,240,20,166,72,1470,8828,77,3546,343,91,27367,504,18,773,72,76,10,193,29,98,35,9,430,141,975,44,1830,99216.0
7/12/20,396,4962,86,837,92,4692,104,59,6083,421,136,4,298,243,4012,62,90,97,419,77,947,2290,7548,29,712,196,7,1003,19,70,258,150,37,116,1761,4844,174,1441,4430,3017,242,20,169,72,1471,8856,79,3554,346,92,27367,504,18,776,72,81,10,195,29,99,36,10,447,141,994,45,1850,99794.0
7/13/20,398,5033,86,845,92,4700,105,59,6105,429,137,4,299,251,4016,63,93,96,420,78,951,2296,7569,30,718,202,7,1006,19,70,260,156,39,116,1764,4851,197,1448,4439,3024,247,20,175,74,1473,8876,79,3555,346,94,27575,505,18,776,72,81,10,196,29,100,38,10,454,141,1010,47,1858,100330.0
7/14/20,399,5364,88,870,93,4710,107,59,6137,444,137,4,301,253,4053,66,95,96,421,80,961,2309,7606,31,740,213,7,1016,19,72,260,169,41,116,1770,4876,200,1474,4450,3025,249,20,186,74,1474,8907,80,3558,351,95,27723,507,18,779,74,84,10,195,30,105,46,10,465,141,1033,48,1872,101266.0
7/15/20,399,5610,94,884,94,4744,113,61,6189,444,143,5,306,262,4108,66,96,100,424,101,982,2325,7651,31,747,220,7,1019,19,75,263,168,41,116,1771,4906,207,1476,4465,3036,252,20,203,74,1482,8972,81,3582,352,96,27867,508,19,782,74,86,10,195,31,108,49,11,494,143,1054,48,1908,102269.0
7/16/20,409,5750,96,893,95,4763,118,61,6228,456,153,5,309,262,4129,67,96,100,427,104,985,2342,7696,32,756,223,7,1033,19,77,263,174,41,116,1777,4951,209,1481,4495,3042,259,20,208,76,1487,8999,82,3601,355,96,28024,509,19,792,74,88,10,195,32,108,49,11,518,144,1089,48,1942,103075.0
7/17/20,410,5990,97,918,99,4781,126,61,6284,465,163,5,315,270,4196,67,98,101,428,105,995,2366,7762,33,763,235,7,1043,19,79,266,176,41,117,1788,4988,221,1484,4519,3047,263,22,216,79,1488,9060,84,3614,360,96,28159,509,19,795,75,91,10,195,32,109,52,11,535,148,1117,49,1963,104079.0
7/18/20,412,6125,97,949,100,4798,129,62,6320,474,164,5,319,277,4245,68,99,103,428,107,1008,2400,7815,35,769,255,7,1052,19,80,267,178,46,117,1796,5019,225,1489,4541,3062,264,25,223,81,1494,9091,84,3631,361,96,28196,511,19,813,79,92,10,195,32,110,51,12,540,148,1135,51,1975,104780.0
7/19/20,413,6263,114,958,105,4821,135,64,6353,479,167,5,321,279,4295,67,99,103,430,107,1016,2404,7863,37,781,262,7,1061,19,84,267,179,47,118,1805,5052,226,1498,4546,3068,268,25,231,81,1499,9148,84,3643,363,96,28196,513,19,818,79,94,10,195,32,111,51,13,559,148,1153,52,1985,105384.0
7/20/20,414,6435,119,968,105,4845,142,67,6387,481,172,5,324,288,4326,68,99,104,433,109,1024,2420,7903,37,787,272,7,1074,19,87,269,180,47,120,1808,5084,235,1500,4564,3071,274,25,245,82,1503,9182,86,3649,364,96,28592,514,19,824,81,94,10,195,32,114,51,13,580,149,1174,52,2006,106405.0
7/21/20,421,6574,122,1011,106,4865,149,68,6467,508,181,5,330,294,4422,69,104,104,436,112,1046,2446,7962,38,805,279,7,1096,19,91,271,181,48,120,1817,5122,243,1509,4585,3083,276,25,259,83,1530,9222,87,3657,365,97,28742,515,19,826,82,97,10,201,33,113,53,14,592,149,1193,52,2052,107460.0
7/22/20,424,6670,129,1046,109,4889,159,69,6513,513,182,5,335,299,4459,70,105,105,438,114,1058,2466,8003,38,813,288,7,1109,19,91,272,185,48,120,1823,5158,257,1518,4600,3085,279,26,276,82,1534,9282,86,3669,366,98,28874,517,20,828,85,100,10,202,33,113,53,14,603,148,1214,53,2067,108223.0
7/23/20,437,6817,134,1053,109,4919,157,71,6542,519,191,5,336,304,4517,71,107,105,443,114,1066,2480,8049,38,818,294,7,1146,20,93,273,186,48,121,1833,5190,261,1529,4609,3091,282,26,282,84,1536,9311,86,3686,369,101,29102,517,20,830,85,105,10,203,33,115,53,14,613,151,1234,56,2098,109105.0
7/24/20,441,7015,138,1084,112,4977,165,72,6614,535,205,5,342,306,4580,71,110,107,445,117,1090,2499,8140,38,838,301,7,1176,20,94,276,193,48,122,1845,5228,272,1533,4624,3107,290,26,289,87,1539,9385,87,3703,375,105,29303,519,20,835,86,106,10,203,34,116,53,14,637,151,1252,56,2119,110292.0
7/25/20,442,7161,151,1101,113,5008,171,75,6664,544,215,5,345,313,4580,72,114,107,446,118,1106,2526,8250,39,847,307,7,1186,21,97,279,206,49,122,1851,5263,280,1541,4667,3130,292,26,293,89,1551,9444,89,3727,379,106,29303,521,20,843,87,106,10,204,35,119,53,14,654,152,1271,56,2152,111115.0
7/26/20,442,7294,163,1116,123,5017,176,75,6690,556,219,5,352,356,4580,72,116,110,451,118,1119,2537,8285,39,856,311,7,1191,21,98,285,218,51,123,1854,5311,288,1544,4688,3144,294,26,296,91,1553,9492,91,3746,381,106,29303,523,20,848,87,106,10,204,34,123,55,14,669,153,1302,56,2161,111745.0
7/27/20,442,7474,166,1127,123,5044,176,75,6718,562,221,5,352,357,4709,72,116,110,452,118,1142,2559,8371,39,865,314,7,1201,21,99,286,223,51,125,1860,5328,291,1548,4703,3156,299,26,300,91,1557,9555,91,3758,381,108,29803,523,20,849,87,112,10,204,34,124,55,14,681,154,1313,56,2182,112995.0
7/28/20,448,7593,169,1164,123,5080,191,76,6771,577,232,5,354,365,4780,72,120,110,453,118,1165,2585,8489,40,871,336,9,1223,21,100,287,234,55,125,1866,5376,308,1554,4733,3191,301,26,303,93,1562,9621,92,3780,390,110,29945,524,20,860,90,113,10,206,34,128,59,14,699,154,1327,57,2196,114083.0
7/29/20,454,7718,174,1176,124,5100,199,80,6796,586,235,5,356,370,4796,72,120,112,453,120,1180,2604,8551,42,891,352,9,1231,22,103,287,241,57,125,1878,5414,319,1559,4775,3225,306,26,308,93,1570,9673,92,3806,398,111,30077,524,20,867,92,114,10,206,34,129,60,15,710,156,1351,57,2223,114939.0
7/30/20,461,7850,178,1189,127,5125,201,80,6847,593,239,5,356,353,4836,73,122,113,456,122,1189,2628,8610,42,905,363,9,1259,22,105,287,250,57,125,1885,5488,324,1562,4795,3239,314,26,318,98,1573,9723,93,3816,400,111,30213,524,20,875,92,117,10,208,34,135,60,15,723,157,1382,57,2243,115807.0
7/31/20,462,8094,179,1212,128,5152,204,80,6902,597,250,5,356,357,4885,75,131,113,457,124,1203,2640,8669,43,923,387,9,1268,22,107,287,256,57,125,1894,5525,338,1563,4810,3252,325,28,331,100,1580,9761,93,3827,401,113,30354,524,20,880,93,120,10,209,35,132,62,15,740,158,1409,57,2269,116787.0
8/1/20,469,8160,184,1219,128,5168,214,81,6959,600,259,6,359,354,4885,76,134,115,459,126,1219,2649,8770,43,954,403,9,1276,22,107,288,265,58,126,1898,5590,338,1565,4828,3276,332,28,341,105,1587,9813,93,3843,401,118,30354,524,20,885,94,124,10,209,35,165,62,16,747,158,1422,57,2286,117468.0
8/2/20,474,8242,187,1232,130,5190,224,81,6995,602,267,6,360,357,4885,76,136,115,461,127,1225,2657,8804,44,967,408,9,1281,24,108,288,272,58,126,1900,5654,343,1571,4849,3324,337,28,348,106,1591,9835,93,3860,403,120,30354,525,20,892,97,124,10,210,35,172,62,18,756,158,1438,57,2325,118033.0
8/3/20,480,8310,188,1237,130,5218,233,82,7020,605,274,6,360,358,4965,76,141,115,462,132,1230,2682,8859,45,983,414,9,1284,24,109,290,275,58,127,1901,5682,349,1577,4853,3338,339,33,356,109,1598,9870,93,3863,407,120,30665,526,20,896,98,125,10,210,35,173,62,19,764,158,1457,57,2350,118894.0
8/4/20,481,8442,192,1261,133,5248,238,84,7056,615,282,6,364,359,5014,77,142,115,464,133,1239,2702,8956,46,1025,423,9,1294,25,110,290,279,60,128,1903,5705,353,1581,4871,3352,342,33,364,111,1608,9908,94,3878,416,120,30771,526,20,900,100,128,10,212,36,191,62,20,773,157,1464,58,2365,119724.0
8/5/20,483,8512,196,1269,134,5267,241,85,7085,624,312,6,364,361,5040,77,144,118,468,136,1259,2723,9032,46,1037,431,9,1305,25,110,295,283,61,128,1912,5725,359,1584,4887,3377,351,33,376,113,1611,9952,97,3891,421,120,30877,526,20,905,100,127,10,212,36,201,62,20,785,157,1475,58,2400,120446.0
8/6/20,490,8612,200,1280,136,5302,255,85,7118,637,322,6,367,364,5075,77,150,118,470,138,1270,2741,9076,48,1046,465,9,1323,26,110,296,297,61,129,1916,5756,383,1591,4901,3399,354,34,389,115,1614,9983,98,3902,427,120,30986,526,20,907,101,127,10,212,37,206,63,20,808,157,1484,58,2444,121247.0
8/7/20,497,8709,204,1294,138,5321,265,85,7147,645,328,6,368,368,5102,78,156,119,470,139,1276,2757,9121,48,1058,472,9,1328,26,112,300,309,62,131,1922,5822,389,1594,4918,3409,369,34,404,116,1618,10015,100,3913,449,121,31120,526,20,908,101,129,10,213,37,216,63,22,821,158,1500,58,2485,122028.0
8/8/20,498,8796,208,1312,141,5353,274,85,7173,656,335,6,370,370,5102,78,166,119,471,141,1282,2774,9170,48,1094,485,10,1343,27,114,305,313,68,132,1927,5856,390,1595,4934,3438,381,34,419,120,1624,10077,101,3918,460,123,31120,526,20,909,102,133,10,214,38,218,63,23,829,160,1523,60,2501,122665.0
8/9/20,518,8857,212,1316,142,5382,284,85,7197,661,336,7,372,372,5102,80,172,120,471,144,1286,2801,9226,48,1102,494,10,1350,27,116,308,320,71,132,1932,5923,391,1610,4968,3448,391,34,437,120,1634,10121,102,3928,466,124,31120,526,20,916,104,134,10,214,38,225,63,23,840,160,1537,60,2572,123312.0
8/10/20,524,8932,216,1326,143,5407,293,86,7210,671,341,7,372,372,5157,80,174,122,477,154,1300,2829,9274,49,1110,501,10,1368,27,116,308,322,73,133,1940,5975,392,1617,4975,3462,400,34,442,120,1636,10149,102,3931,475,124,31448,526,20,919,106,135,10,214,38,238,64,23,855,162,1553,61,2591,124221.0
8/11/20,531,9008,222,1332,143,5431,298,90,7231,677,349,7,372,373,5194,81,174,123,478,158,1311,2850,9347,50,1126,562,10,1375,27,117,310,326,73,133,1944,5999,392,1621,4992,3477,407,34,446,120,1642,10187,104,3944,507,124,31584,526,20,922,109,136,10,215,38,262,65,23,862,162,1555,61,2637,125016.0
8/12/20,535,9078,230,1351,145,5470,302,90,7275,695,351,7,377,377,5234,83,177,124,481,162,1327,2873,9436,54,1143,582,10,1385,27,118,309,335,74,135,1946,6028,401,1626,5022,3526,411,34,456,121,1650,10219,104,3956,513,125,31725,526,20,928,112,138,10,217,39,276,67,23,871,162,1573,61,2680,125918.0
8/13/20,539,9192,237,1374,145,5491,304,91,7318,707,353,8,379,380,5264,84,182,125,483,161,1339,2914,9496,54,1163,595,11,1393,28,121,313,343,75,135,1952,6099,414,1632,5036,3553,426,34,468,123,1655,10264,106,3982,524,128,31910,527,20,930,113,138,10,218,40,276,67,22,880,162,1586,62,2751,126905.0
8/14/20,544,9282,242,1382,150,5529,317,92,7344,710,365,8,382,386,5293,84,186,128,483,165,1353,2940,9551,54,1182,609,12,1407,28,123,320,351,75,137,1957,6146,420,1640,5047,3576,430,34,480,122,1657,10307,106,3991,526,132,32057,527,21,938,116,140,10,219,41,279,67,22,891,162,1593,63,2801,127732.0
8/15/20,547,9359,244,1401,151,5563,338,92,7382,712,370,8,386,391,5293,88,187,128,485,166,1362,2963,9635,56,1200,613,12,1415,28,126,327,356,75,137,1960,6182,422,1644,5059,3598,440,34,490,124,1663,10361,110,3999,537,135,32186,527,21,942,118,142,10,220,41,292,68,23,899,162,1609,63,2854,128531.0
8/16/20,548,9433,242,1407,153,5589,351,92,7419,718,383,8,390,392,5293,89,194,128,491,168,1369,2982,9691,56,1211,624,12,1416,28,126,333,358,75,139,1963,6212,423,1650,5070,3607,442,34,493,125,1667,10405,112,4008,563,140,32186,528,21,947,122,142,10,221,41,306,67,23,903,164,1620,63,2884,129070.0
8/17/20,548,9504,244,1410,154,5601,354,93,7441,723,393,8,397,393,5347,90,194,128,492,169,1373,2995,9731,58,1217,628,12,1417,28,126,336,359,78,139,1966,6228,429,1651,5073,3621,444,34,495,126,1669,10433,113,4013,575,145,32348,528,21,950,124,143,10,221,41,305,67,23,910,164,1627,63,2907,129647.0
8/18/20,548,9549,245,1423,155,5645,355,93,7458,729,402,8,406,399,5362,94,195,128,496,172,1380,3014,9793,58,1229,631,13,1427,28,129,340,359,78,140,1967,6260,429,1653,5085,3633,452,34,504,130,1670,10479,116,4014,586,150,32432,528,21,952,128,143,10,226,42,310,68,23,924,165,1640,63,2929,130247.0
8/19/20,552,9576,250,1437,156,5683,366,93,7481,732,407,8,408,406,5417,93,201,128,496,177,1394,3034,9822,60,1245,639,13,1432,28,129,341,374,79,140,1970,6287,431,1655,5093,3645,456,34,504,132,1671,10523,116,4022,590,151,32569,529,22,957,129,145,10,229,42,322,68,23,930,165,1658,64,2966,130905.0
8/20/20,557,9676,266,1447,157,5705,376,94,7512,737,412,8,411,407,5427,95,201,129,499,178,1410,3063,9906,63,1264,644,13,1439,28,131,343,382,80,142,1975,6328,433,1663,5103,3651,457,34,510,132,1679,10568,119,4036,595,154,32674,531,22,962,131,146,10,235,45,344,68,23,941,168,1678,64,3011,131692.0
8/21/20,561,9756,269,1485,159,5743,390,94,7535,740,416,8,411,410,5439,95,205,129,505,181,1424,3073,9946,63,1271,653,13,1448,28,132,346,388,83,142,1981,6393,436,1663,5112,3666,467,35,513,136,1686,10607,122,4049,602,155,32791,532,22,963,134,151,10,240,45,347,69,26,956,169,1696,64,3038,132417.0
8/22/20,566,9817,276,1496,160,5781,393,95,7562,744,421,8,413,415,5439,95,207,129,514,184,1437,3104,10011,64,1283,656,13,1457,31,133,346,396,88,142,1987,6428,439,1665,5119,3678,471,35,518,138,1688,10667,123,4050,617,158,32936,533,22,970,137,153,10,245,45,354,69,25,968,169,1716,65,3086,133160.0
8/23/20,568,9903,282,1501,161,5814,403,95,7580,746,428,8,414,417,5439,95,209,130,521,186,1445,3122,10045,64,1296,658,13,1469,31,134,351,399,93,143,1995,6465,441,1672,5128,3690,479,35,526,138,1690,10713,123,4059,625,160,32936,533,24,971,140,156,10,246,46,359,69,26,976,170,1731,65,3119,133679.0
8/24/20,570,9932,285,1504,161,5847,407,96,7607,745,430,8,416,423,5505,95,210,130,527,190,1458,3144,10078,64,1297,661,13,1472,31,135,350,400,94,143,1999,6479,441,1677,5132,3698,484,35,532,138,1694,10755,123,4066,631,160,33054,535,24,971,142,156,10,247,46,361,69,26,979,171,1740,65,3136,134204.0
8/25/20,574,9990,291,1515,161,5889,414,96,7623,750,439,8,416,427,5527,96,212,130,532,192,1469,3179,10109,64,1305,663,13,1483,34,135,350,404,94,143,2002,6518,443,1681,5135,3712,492,35,534,141,1701,10784,124,4068,638,162,33139,535,24,975,144,157,10,249,46,359,70,26,983,175,1748,65,3158,134760.0
8/26/20,580,10004,297,1526,162,5916,422,96,7641,757,443,8,419,429,5542,96,213,130,546,193,1472,3197,10144,64,1313,665,14,1488,34,135,350,411,95,146,2008,6547,445,1685,5139,3720,498,35,537,146,1700,10818,126,4073,641,165,33255,536,24,976,148,160,10,252,46,359,70,26,994,175,1763,65,3189,135279.0
8/27/20,585,10065,301,1532,166,5942,427,98,7666,760,448,8,419,433,5561,99,215,131,562,201,1487,3214,10187,64,1321,674,14,1493,34,135,354,412,96,149,2012,6578,450,1694,5152,3730,501,36,539,152,1704,10871,126,4080,652,172,33343,537,24,980,148,161,10,255,46,359,70,26,1001,175,1778,65,3232,135912.0
8/28/20,599,10128,308,1573,167,5980,434,98,7705,767,450,8,420,442,5604,98,224,132,580,203,1496,3246,10236,64,1335,681,14,1499,34,136,357,418,97,149,2027,6623,453,1705,5165,3753,505,37,541,155,1711,10912,129,4092,659,174,33495,539,24,983,151,162,10,259,47,372,70,27,1019,176,1789,66,3269,136781.0
8/29/20,632,10211,312,1597,168,6012,443,99,7744,778,457,8,420,462,5604,98,226,133,598,209,1516,3274,10281,64,1345,683,14,1504,34,138,360,419,97,149,2061,6660,454,1717,5184,3768,508,37,543,159,1713,10947,129,4112,668,174,33607,542,24,988,160,164,10,264,48,367,70,27,1036,177,1802,66,3301,137576.0
8/30/20,637,10310,313,1603,170,6041,456,98,7777,780,460,8,422,469,5604,99,227,135,659,214,1523,3302,10317,64,1348,689,14,1508,34,139,364,426,97,148,2079,6697,455,1721,5196,3771,518,37,545,160,1712,10996,133,4114,672,175,33607,542,25,985,164,164,10,265,48,371,70,27,1042,175,1809,66,3328,138134.0
8/31/20,642,10347,314,1611,170,6056,461,99,7805,785,461,8,422,486,5678,98,227,136,665,214,1533,3329,10357,64,1349,692,14,1514,34,140,364,427,97,150,2085,6731,459,1728,5204,3778,522,37,546,161,1714,11035,132,4117,681,176,33778,542,25,987,164,165,10,267,49,377,70,27,1054,175,1815,67,3368,138795.0
9/1/20,648,10376,320,1618,170,6095,465,99,7824,789,467,8,423,491,5719,98,228,137,675,217,1546,3355,10429,64,1358,694,14,1525,34,140,370,430,97,151,2093,6789,464,1736,5212,3788,526,40,549,161,1716,11093,133,4120,692,176,33909,543,25,992,166,167,10,269,49,386,70,28,1066,178,1819,67,3442,139548.0
9/2/20,680,10444,324,1630,172,6129,468,99,7856,801,473,8,425,538,5748,98,235,143,692,218,1553,3372,10479,65,1369,699,14,1540,36,140,373,440,97,151,2117,6867,466,1739,5223,3801,531,40,553,163,1720,11126,137,4130,703,178,34144,544,25,996,167,172,10,270,49,390,70,31,1086,181,1837,67,3490,140532.0
9/3/20,686,10549,341,1653,176,6174,472,99,7899,821,480,8,425,578,5748,98,237,147,728,220,1563,3393,10516,64,1370,703,14,1550,36,145,377,445,98,151,2129,6919,468,1742,5244,3818,538,41,560,166,1730,11189,139,4134,732,178,34311,543,25,995,170,174,10,274,48,397,72,34,1108,181,1851,68,3618,141570.0
9/4/20,697,10641,343,1694,176,6214,490,100,7961,833,486,8,427,615,5821,100,239,150,754,222,1578,3410,10546,64,1376,705,14,1559,36,145,382,456,99,151,2154,6960,470,1748,5249,3831,544,41,565,170,1731,11237,141,4141,740,178,34445,543,25,997,174,179,10,277,48,397,72,36,1117,185,1861,70,3667,142495.0
9/5/20,706,10709,349,1702,177,6261,493,102,8003,864,492,8,429,652,5821,100,243,156,776,222,1596,3429,10581,64,1387,708,14,1572,39,146,383,457,99,151,2176,7002,474,1763,5272,3867,556,41,574,171,1735,11300,143,4152,760,178,34445,544,25,1007,177,181,10,280,48,407,72,36,1128,188,1868,70,3739,143280.0
9/6/20,708,10771,349,1706,178,6283,495,102,8048,870,496,8,430,661,5821,101,256,157,784,235,1602,3452,10625,65,1390,711,14,1572,39,149,386,462,99,153,2201,7038,474,1768,5293,3882,561,41,589,172,1737,11346,144,4158,764,179,34445,546,25,1009,182,182,10,280,48,406,72,37,1134,192,1888,70,3773,143824.0
9/7/20,711,10810,352,1710,179,6312,496,102,8084,879,500,8,431,674,5821,102,256,160,791,236,1608,3466,10659,65,1393,715,14,1576,38,150,387,469,100,156,2205,7069,474,1777,5308,3894,560,41,600,174,1739,11392,147,4173,766,180,34699,547,25,1015,184,182,10,281,49,417,74,37,1142,195,1897,70,3807,144540.0
9/8/20,715,10847,353,1714,181,6344,498,103,8093,880,504,8,432,686,6030,102,265,160,798,237,1619,3479,10692,65,1395,714,14,1583,38,150,388,472,100,157,2210,7108,474,1783,5307,3898,563,41,607,175,1742,11434,150,4176,767,183,34742,547,25,1019,186,183,10,281,50,414,74,37,1150,195,1907,70,3832,145156.0
9/9/20,717,10915,366,1722,187,6394,504,103,8128,904,509,8,432,870,6089,107,265,162,813,237,1634,3498,10733,65,1408,722,14,1616,38,152,387,479,100,159,2218,7140,479,1788,5329,3910,568,44,612,176,1747,11475,154,4186,773,184,34742,548,25,1023,191,186,10,284,50,411,74,40,1156,196,1914,70,3889,146029.0
9/10/20,721,10969,370,1731,191,6412,506,103,8148,913,513,8,431,925,6149,107,265,165,824,241,1638,3508,10767,65,1407,728,14,1620,38,153,389,485,101,160,2225,7185,480,1794,5329,3913,572,44,617,177,1750,11510,154,4196,777,184,34887,549,25,1023,193,190,10,284,50,416,74,40,1163,195,1925,71,3929,146696.0
9/11/20,723,11069,378,1757,199,6442,511,103,8198,923,515,8,436,1062,6187,107,270,166,831,245,1649,3543,10811,65,1411,733,14,1633,39,156,392,505,101,161,2262,7238,480,1807,5348,3926,582,44,619,185,1753,11537,158,4210,784,184,34986,553,25,1026,197,192,10,284,50,420,74,40,1177,198,1945,71,3995,147703.0
9/12/20,734,11126,380,1767,202,6521,517,104,8229,932,518,8,436,1135,6187,110,271,169,836,245,1661,3559,10857,66,1421,740,14,1642,40,159,393,523,101,164,2301,7273,481,1814,5366,3941,585,47,636,189,1753,11578,160,4224,799,186,35094,554,25,1029,203,195,10,286,51,425,74,40,1190,201,1962,72,4124,148635.0
9/13/20,737,11213,382,1772,211,6544,527,108,8257,932,522,8,436,1175,6217,111,281,170,841,251,1673,3568,10888,66,1422,743,14,1650,40,159,392,525,101,166,2313,7307,483,1824,5382,3943,586,48,656,192,1757,11597,160,4238,802,187,35094,554,25,1033,208,195,10,286,50,427,77,41,1196,202,1970,72,4167,149184.0
9/14/20,742,11268,384,1783,212,6587,532,108,8294,938,525,8,438,1237,6294,112,286,170,842,254,1685,3580,10922,66,1423,747,14,1658,40,159,392,534,101,167,2321,7325,487,1838,5393,3951,588,48,656,195,1759,11657,161,4258,806,188,35257,555,25,1039,209,195,10,287,52,435,77,41,1210,202,1985,72,4216,150000.0
9/15/20,749,11358,386,1796,213,6641,536,114,8349,945,527,8,439,1449,6357,112,288,176,843,257,1696,3597,10967,66,1435,750,14,1677,41,160,393,553,104,169,2329,7354,487,1857,5409,3966,596,51,659,198,1766,11710,161,4277,811,190,35344,557,25,1044,224,195,10,288,53,439,77,43,1232,204,1993,72,4258,151044.0
9/16/20,758,11431,394,1804,219,6700,537,116,8359,956,528,8,439,1508,6401,112,292,176,847,263,1701,3620,11006,66,1439,755,14,1679,42,162,393,568,107,169,2332,7391,490,1890,5428,3981,603,51,662,200,1767,11738,162,4301,826,195,35441,559,25,1046,236,195,10,290,53,438,79,42,1238,204,2003,72,4333,151850.0
